herb_names,寒,凉,平,温,热,辛,酸,甘,苦,咸,涩,淡,肺,肾,肝,心,脾,胃,大肠,小肠,膀胱,胆,心包,三焦
甘草,0,0,1,0,0,0,0,1,0,0,0,0,1,0,0,1,1,1,0,0,0,0,0,0
当归,0,0,0,1,0,1,0,1,1,0,0,0,0,0,1,1,1,0,0,0,0,0,0,0
人参,0,0,0,1,0,0,0,0,1,0,0,0,1,1,0,1,1,0,0,0,0,0,0,0
茯苓,0,0,1,0,0,0,0,1,0,0,0,1,1,1,0,1,1,0,0,0,0,0,0,0
白术,0,0,0,1,0,0,0,1,1,0,0,0,0,0,0,0,1,1,0,0,0,0,0,0
川芎,0,0,0,1,0,1,0,0,0,0,0,0,0,0,1,0,0,0,0,0,0,1,1,0
橘皮,0,0,0,1,0,1,0,0,1,0,0,0,1,0,0,0,1,1,0,0,0,0,0,0
白芍,1,0,0,0,0,0,1,0,1,0,0,0,0,0,1,0,1,0,0,0,0,0,0,0
防风,0,0,0,1,0,1,0,1,0,0,0,0,1,0,1,0,1,0,0,0,1,0,0,0
黄芩,1,0,0,0,0,0,0,0,1,0,0,0,1,0,1,1,0,0,1,0,0,1,0,0
木香,0,0,0,1,0,1,0,0,1,0,0,0,1,0,0,0,1,1,0,0,0,0,0,0
黄连,1,0,0,0,0,0,0,0,1,0,0,0,0,0,1,1,0,1,1,0,0,0,0,0
大黄,1,0,0,0,0,0,0,0,1,0,0,0,0,0,1,0,1,1,1,0,0,0,0,0
干地黄,1,0,0,0,0,0,0,1,1,0,0,0,0,1,1,1,0,0,0,0,0,0,0,0
半夏,0,0,0,1,0,1,0,0,0,0,0,0,1,0,0,0,1,1,0,0,0,0,0,0
干姜,0,0,0,0,1,1,0,0,0,0,0,0,1,0,0,1,1,1,0,0,0,0,0,0
附子,0,0,0,0,1,1,0,1,0,0,0,0,0,1,0,1,1,0,0,0,0,0,0,0
肉桂,0,0,0,0,1,1,0,1,0,0,0,0,0,1,1,1,1,0,0,0,0,0,0,0
黄芪,0,0,0,1,0,0,0,1,0,0,0,0,1,0,0,0,1,0,0,0,0,0,0,0
麦门冬,1,0,0,0,0,0,0,1,1,0,0,0,1,0,0,1,0,1,0,0,0,0,0,0
麝香,0,0,0,1,0,1,0,0,0,0,0,0,0,0,1,1,1,0,0,0,0,0,0,0
枳壳,1,0,0,0,0,0,1,0,1,0,0,0,1,0,1,0,1,1,1,0,0,0,0,0
桂心,0,0,0,0,1,1,0,1,0,0,0,0,0,0,0,0,0,0,0,0,0,0,0,0
桔梗,0,0,1,0,0,1,0,0,1,0,0,0,1,0,0,0,0,1,0,0,0,0,0,0
熟地黄,0,0,0,1,0,0,0,1,0,0,0,0,0,1,1,0,0,0,0,0,0,0,0,0
朱砂,0,1,0,0,0,0,0,1,0,0,0,0,1,1,0,1,1,0,0,0,0,0,0,0
柴胡,1,0,0,0,0,1,0,0,1,0,0,0,0,0,1,0,0,0,0,0,0,1,0,0
槟榔,0,0,0,1,0,1,0,0,1,0,0,0,0,0,0,0,0,1,1,0,0,0,0,0
白芷,0,0,0,1,0,1,0,0,0,0,0,0,1,0,0,0,1,1,0,0,0,0,0,0
羌活,0,0,0,1,0,1,0,0,1,0,0,0,0,1,0,0,0,0,0,0,1,0,0,0
厚朴,0,0,0,1,0,1,0,0,1,0,0,0,0,0,0,0,1,1,1,0,0,0,0,0
赤芍,1,0,0,0,0,0,0,0,1,0,0,0,0,0,1,0,1,0,0,0,0,0,0,0
细辛,0,0,0,1,0,1,0,0,0,0,0,0,1,1,1,1,1,0,0,0,0,1,0,0
栀子,1,0,0,0,0,0,0,0,1,0,0,0,1,0,1,1,0,1,0,0,0,0,0,1
杏仁,0,0,0,1,0,0,0,0,1,0,0,0,1,0,0,0,1,0,1,0,0,0,0,0
乳香,0,0,0,1,0,1,0,0,1,0,0,0,0,0,1,1,1,0,0,0,0,0,0,0
升麻,1,0,0,0,0,1,0,1,0,0,0,0,1,0,0,0,1,1,1,0,0,0,0,0
荆芥,0,0,0,1,0,1,0,0,1,0,0,0,1,0,1,0,0,0,0,0,0,0,0,0
麻黄,0,0,0,1,0,1,0,0,1,0,0,0,1,0,0,0,0,0,0,0,1,0,0,0
黄柏,1,0,0,0,0,0,0,0,1,0,0,0,0,1,0,0,0,0,0,0,1,0,0,0
牛膝,0,0,1,0,0,0,1,0,1,0,0,0,0,1,1,0,0,0,0,0,0,0,0,0
雄黄,0,0,0,1,0,1,0,0,1,0,0,0,0,0,1,1,0,1,0,0,0,0,0,0
石膏,1,0,0,0,0,1,0,1,0,0,0,0,1,0,0,0,0,1,0,0,0,0,0,0
青皮,0,0,0,1,0,1,0,0,1,0,0,0,1,0,1,1,1,0,0,0,0,1,0,0
苍术,0,0,0,1,0,1,0,0,1,0,0,0,0,0,1,0,1,1,0,0,0,0,0,0
香附,1,0,0,0,0,1,0,0,0,0,0,0,1,0,1,0,1,1,0,0,0,0,0,1
五味子,0,0,0,1,0,0,1,0,0,0,0,0,1,1,0,1,0,0,0,0,0,0,0,0
梅花冰片,0,1,0,0,0,1,0,0,1,0,0,0,1,0,0,1,0,0,0,0,0,0,0,0
生姜,0,0,0,1,0,1,0,0,0,0,0,0,1,0,0,0,1,1,0,0,0,0,0,0
没药,0,0,1,0,0,0,0,0,1,0,0,0,0,1,1,1,1,0,0,0,0,0,0,0
白矾,1,0,0,0,0,0,1,0,0,0,1,0,1,0,1,0,1,0,1,0,1,0,0,0
知母,1,0,0,0,0,0,0,0,1,0,0,0,1,1,0,0,0,1,0,0,0,0,0,0
木通,1,0,0,0,0,0,0,0,1,0,0,0,0,1,0,1,1,0,0,1,1,0,0,0
赤茯苓,0,0,1,0,0,0,0,1,0,0,0,1,0,0,0,1,1,0,0,0,1,0,0,0
山药,0,0,1,0,0,0,0,1,0,0,0,0,1,1,0,0,1,0,0,0,0,0,0,0
独活,0,0,0,1,0,1,0,0,1,0,0,0,0,1,0,0,0,0,0,0,1,0,0,0
牡丹皮,1,1,0,0,0,1,0,0,1,0,0,0,1,1,1,1,0,0,0,0,0,0,0,0
丁香,0,0,0,1,0,1,0,0,0,0,0,0,0,1,0,0,1,1,0,0,0,0,0,0
玄参,1,0,0,0,0,0,0,1,1,1,0,0,1,1,0,0,0,1,0,0,0,0,0,0
连翘,1,0,0,0,0,0,0,0,1,0,0,0,1,0,0,1,0,0,0,0,0,1,0,0
砂仁,0,0,0,1,0,1,0,0,0,0,0,0,0,1,0,0,1,1,0,0,0,0,0,0
全蝎,0,0,1,0,0,1,0,0,0,0,0,0,0,0,1,0,0,0,0,0,0,0,0,0
天南星,0,0,0,1,0,1,0,0,1,0,0,0,1,0,1,0,1,0,0,0,0,0,0,0
犀角,1,0,0,0,0,0,1,0,0,1,0,0,0,0,1,1,0,0,0,0,0,0,0,0
泽泻,1,0,0,0,0,0,0,1,0,0,0,1,0,1,0,0,0,0,0,0,1,0,0,0
葛根,0,0,1,0,0,1,0,1,0,0,0,0,1,0,0,0,1,1,0,0,1,0,0,0
川乌头,0,0,0,0,1,1,0,0,1,0,0,0,0,1,1,1,1,0,0,0,0,0,0,0
轻粉,1,0,0,0,0,1,0,0,0,0,0,0,1,1,1,0,0,0,1,0,0,0,0,0
天麻,0,0,1,0,0,1,0,1,0,0,0,0,0,1,1,1,1,0,0,0,1,1,0,0
薄荷,0,1,0,0,0,1,0,0,0,0,0,0,1,0,1,0,0,0,0,0,0,0,0,0
白僵蚕,0,0,1,0,0,1,0,0,0,1,0,0,1,0,1,0,0,1,0,0,0,0,0,0
桑白皮,1,0,0,0,0,1,0,1,0,0,0,0,1,0,0,0,1,0,0,0,0,0,0,0
桃仁,0,0,1,0,0,0,0,1,1,0,0,0,1,0,1,1,1,0,1,0,0,0,0,0
远志,0,0,0,1,0,1,0,0,1,0,0,0,0,1,1,1,1,0,0,0,0,0,0,0
吴茱萸,0,0,0,0,1,1,0,0,1,0,0,0,0,1,1,0,1,1,1,0,0,0,0,0
沉香,0,0,0,1,0,1,0,0,1,0,0,0,1,1,1,0,1,1,0,0,0,1,0,0
花椒,0,0,0,1,0,1,0,0,0,0,0,0,1,1,1,1,1,0,0,0,0,0,1,0
巴豆,0,0,0,0,1,1,0,0,0,0,0,0,1,1,1,0,1,1,1,0,0,0,0,0
诃子,0,0,1,0,0,0,1,0,1,0,1,0,1,0,0,0,0,1,1,0,0,0,0,0
茯神,0,0,1,0,0,0,0,1,0,0,0,1,0,0,0,1,1,0,0,0,0,0,0,0
天花粉,1,0,0,0,0,0,0,1,1,0,0,0,1,0,0,0,0,1,0,0,0,0,0,0
川贝母,1,0,0,0,0,0,0,1,1,0,0,0,1,0,0,1,0,0,0,0,0,0,0,0
神曲,0,0,0,1,0,1,0,1,0,0,0,0,0,0,0,0,1,1,0,0,0,0,0,0
牛黄,0,1,0,0,0,0,0,1,1,0,0,0,0,0,1,1,0,0,0,0,0,0,0,0
枳实,1,0,0,0,0,1,0,0,1,0,0,0,0,0,1,1,1,1,0,0,0,0,0,0
前胡,1,0,0,0,0,1,0,0,1,0,0,0,1,0,1,0,1,0,0,0,0,0,0,0
龙骨,0,0,1,0,0,0,0,1,0,0,1,0,0,1,1,1,0,0,1,0,0,0,0,0
地骨皮,1,0,0,0,0,0,0,1,0,0,0,0,1,1,0,0,0,0,0,0,0,0,0,0
阿胶,0,0,1,0,0,0,0,1,0,0,0,0,1,1,1,0,0,0,0,0,0,0,0,0
杜仲,0,0,0,1,0,1,0,1,0,0,0,0,0,1,1,0,0,0,0,0,0,0,0,0
滑石,1,0,0,0,0,0,0,1,0,0,0,1,0,0,0,0,0,1,0,0,1,0,0,0
皂荚,0,0,0,1,0,1,0,0,0,1,0,0,1,0,0,0,0,0,1,0,0,0,0,0
山茱萸,0,0,0,1,0,0,1,0,0,0,0,0,0,1,1,0,0,0,0,0,0,0,0,0
小茴香,0,0,0,1,0,1,0,0,0,0,0,0,0,1,1,0,0,1,0,0,1,0,0,0
藿香,0,0,0,1,0,1,0,0,0,0,0,0,1,0,0,0,1,1,0,0,0,0,0,0
红花,0,0,0,1,0,1,0,0,0,0,0,0,0,0,0,1,0,0,0,0,0,0,0,0
莪术,0,0,0,1,0,1,0,0,1,0,0,0,0,0,1,0,1,0,0,0,0,0,0,0
三棱,0,1,0,0,0,1,0,0,0,0,1,0,0,0,1,0,1,0,0,0,0,0,0,0
羚羊角,1,0,0,0,0,0,0,0,0,1,0,0,0,0,1,1,0,0,0,0,0,0,0,0
菊花,1,0,0,0,0,0,0,1,1,0,0,0,1,0,1,0,0,0,0,0,0,0,0,0
石菖蒲,0,0,0,1,0,1,0,0,1,0,0,0,0,0,1,1,1,0,0,0,0,0,0,0
牛蒡子,1,0,0,0,0,1,0,0,1,0,0,0,1,0,0,0,0,1,0,0,0,0,0,0
肉豆蔻,0,0,0,1,0,1,0,0,1,0,0,0,0,0,0,0,1,1,1,0,0,0,0,0
鳖甲,1,0,0,0,0,0,0,0,0,1,0,0,0,1,1,0,0,0,0,0,0,0,0,0
白附子,0,0,0,1,0,1,0,1,0,0,0,0,0,0,1,0,0,1,0,0,0,0,0,0
大枣,0,0,0,1,0,0,0,1,0,0,0,0,0,0,0,0,1,1,0,0,0,0,0,0
铅丹,1,0,0,0,0,1,0,0,0,1,0,0,0,1,1,1,1,0,0,0,0,1,0,0
牵牛子,1,0,0,0,0,1,0,0,1,0,0,0,1,1,0,0,0,0,1,1,0,0,0,0
芒消,1,0,0,0,0,1,0,0,1,1,0,0,1,1,0,0,1,1,1,1,0,0,0,1
车前子,1,0,0,0,0,0,0,1,0,0,0,1,1,1,1,0,0,0,0,0,1,0,0,0
乌梅,0,0,1,0,0,0,1,0,0,0,0,0,1,1,1,0,1,1,1,0,0,0,0,0
秦艽,1,0,0,0,0,1,0,0,1,0,0,0,0,0,1,0,0,1,0,0,0,1,0,0
金银花,1,0,0,0,0,0,0,1,0,0,0,0,1,0,0,0,0,1,0,0,0,0,0,0
蝉蜕,0,1,0,0,0,0,0,1,0,1,0,0,1,0,1,0,0,0,0,0,0,0,0,0
酸枣仁,0,0,1,0,0,0,0,1,0,0,0,0,0,0,1,1,1,0,0,0,0,1,0,0
草乌头,0,0,0,0,1,1,0,0,1,0,0,0,0,0,1,1,1,0,0,0,0,0,0,0
紫苏叶,0,0,0,1,0,1,0,0,0,0,0,0,1,0,0,0,1,1,0,0,0,0,0,0
续断,0,0,0,1,0,1,0,0,1,0,0,0,0,1,1,0,0,0,0,0,0,0,0,0
枸杞子,0,0,1,0,0,0,0,1,0,0,0,0,1,1,1,0,0,0,0,0,0,0,0,0
菟丝子,0,0,1,0,0,1,0,1,0,0,0,0,0,1,1,0,1,0,0,0,0,0,0,0
天门冬,1,0,0,0,0,0,0,1,1,0,0,0,1,1,0,0,0,0,0,0,0,0,0,0
硫黄,0,0,0,0,1,0,1,0,0,0,0,0,0,1,1,0,1,0,1,0,0,0,0,0
延胡索,0,0,0,1,0,1,0,0,1,0,0,0,1,0,1,1,1,1,0,0,0,0,0,0
青黛,1,0,0,0,0,0,0,0,0,1,0,0,1,0,1,0,0,1,0,0,0,0,0,0
肉苁蓉,0,0,0,1,0,0,0,1,0,1,0,0,0,1,0,0,0,0,1,0,0,0,0,0
麦芽,0,0,1,0,0,0,0,1,0,0,0,0,0,0,0,0,1,1,0,0,0,0,0,0
补骨脂,0,0,0,1,0,1,0,0,1,0,0,0,1,1,0,0,1,1,0,0,0,0,1,0
山楂,0,0,0,1,0,0,1,1,0,0,0,0,1,0,1,0,1,1,0,0,0,0,0,0
穿山甲,1,0,0,0,0,0,0,0,0,1,0,0,0,0,1,0,0,1,0,0,0,0,0,0
苦参,1,0,0,0,0,0,0,0,1,0,0,0,0,1,1,1,0,0,1,1,1,0,0,0
防己,1,0,0,0,0,1,0,0,1,0,0,0,1,0,0,0,0,0,0,0,1,0,0,0
乌药,0,0,0,1,0,1,0,0,0,0,0,0,0,1,1,0,1,1,0,0,1,0,0,0
薏苡仁,1,0,0,0,0,0,0,1,0,0,0,1,1,1,0,0,1,0,0,0,0,0,0,0
石斛,1,0,0,0,0,0,0,1,0,0,0,0,1,1,0,0,0,1,0,0,0,0,0,0
血竭,0,0,1,0,0,0,0,1,0,1,0,0,0,0,1,1,0,0,0,0,0,0,0,0
高良姜,0,0,0,0,1,1,0,0,0,0,0,0,0,0,0,0,1,1,0,0,0,0,0,0
硼砂,0,1,0,0,0,0,0,1,0,1,0,0,1,0,0,0,0,1,0,0,0,0,0,0
牡蛎,1,0,0,0,0,0,0,0,0,1,0,0,0,1,1,0,0,0,0,0,0,0,0,0
刺蒺藜,0,0,1,0,0,1,0,0,1,0,0,0,1,1,1,1,0,0,0,0,0,0,0,0
木瓜,0,0,0,1,0,0,1,0,0,0,0,0,1,1,1,0,1,0,0,0,0,0,0,0
赤石脂,0,0,0,1,0,0,1,1,0,0,1,0,0,0,0,1,1,1,1,0,0,0,0,0
琥珀,0,0,1,0,0,0,0,1,0,0,0,0,1,0,1,1,1,0,0,1,1,0,0,0
紫菀,0,0,0,1,0,1,0,0,1,0,0,0,1,0,0,0,0,0,0,0,0,0,0,0
巴戟天,0,0,0,1,0,1,0,1,0,0,0,0,0,1,1,0,0,0,0,0,0,0,0,0
当归身,0,0,0,1,0,1,0,1,0,0,0,0,0,0,1,1,1,0,0,0,0,0,0,0
龙胆,1,0,0,0,0,0,0,0,1,0,0,0,0,0,1,0,0,0,0,0,0,1,0,0
丹参,1,0,0,0,0,0,0,0,1,0,0,0,0,0,1,1,0,0,0,0,0,0,1,0
桂枝,0,0,0,1,0,1,0,1,0,0,0,0,1,0,0,1,0,0,0,0,1,0,0,0
五灵脂,0,0,0,1,0,0,0,1,1,0,0,0,0,0,1,0,1,0,0,0,0,0,0,0
柏子仁,0,0,1,0,0,0,0,1,0,0,0,0,0,1,0,1,0,0,1,0,0,0,0,0
硇砂,0,0,0,1,0,1,0,0,1,1,0,0,1,0,1,0,1,1,0,0,0,0,0,0
艾叶,0,0,0,1,0,1,0,0,1,0,0,0,0,1,1,0,1,0,0,0,0,0,0,0
橘红,0,0,0,1,0,1,0,0,1,0,0,0,1,0,0,0,1,1,1,1,1,0,0,0
朴消,1,0,0,0,0,1,0,0,1,1,0,0,0,0,0,0,0,1,1,0,0,0,0,0
何首乌,0,0,0,1,0,0,0,1,1,0,1,0,0,1,1,0,0,0,0,0,0,0,0,0
当归尾,0,0,0,1,0,1,0,1,0,0,0,0,0,0,1,1,1,0,0,0,0,0,0,0
白豆蔻,0,0,0,1,0,1,0,0,0,0,0,0,1,0,0,0,1,1,0,0,0,0,0,0
萆薢,0,0,1,0,0,0,0,0,1,0,0,0,0,0,1,0,0,1,0,0,1,0,0,0
藁本,0,0,0,1,0,1,0,0,0,0,0,0,0,0,0,0,0,0,0,0,1,0,0,0
珍珠,1,0,0,0,0,0,0,1,0,1,0,0,0,0,1,1,0,0,0,0,0,0,0,0
猪苓,0,0,1,0,0,0,0,1,0,0,0,1,1,1,0,0,1,0,0,0,1,0,0,0
蒲黄,0,0,1,0,0,1,0,1,0,0,0,0,0,0,1,1,1,0,0,0,0,0,0,0
地榆,1,0,0,0,0,0,1,0,1,0,0,0,1,1,1,0,0,0,1,0,0,0,0,0
鹿茸,0,0,0,1,0,0,0,1,0,1,0,0,0,1,1,0,0,0,0,0,0,0,0,0
淡豆豉,0,0,1,0,0,1,0,0,1,0,0,0,1,0,0,1,0,1,0,1,1,0,0,1
郁金,1,0,0,0,0,1,0,0,1,0,0,0,0,0,1,1,0,0,0,0,0,1,0,0
蔓荆子,1,0,0,0,0,1,0,0,1,0,0,0,0,0,1,0,0,1,0,0,1,0,0,0
胡黄连,1,0,0,0,0,0,0,0,1,0,0,0,0,0,1,0,0,1,1,0,0,0,0,0
葶苈子,1,0,0,0,0,1,0,0,1,0,0,0,1,0,1,1,0,1,0,0,1,0,0,0
寒水石,1,0,0,0,0,1,0,0,0,1,0,0,0,1,0,1,0,1,0,0,0,0,0,0
虎骨,0,0,0,1,0,1,0,1,0,0,0,0,0,1,1,0,0,0,0,0,0,0,0,0
威灵仙,0,0,0,1,0,1,0,0,1,1,0,0,0,0,1,0,0,0,0,0,1,0,0,0
草豆蔻,0,0,0,1,0,1,0,0,0,0,0,0,0,0,0,0,1,1,0,0,0,0,0,0
白蔹,1,0,0,0,0,1,0,0,1,0,0,0,1,0,1,1,1,0,0,0,0,0,0,0
五加皮,0,0,0,1,0,1,0,1,1,0,0,0,0,1,1,0,0,0,0,0,0,0,0,0
大腹皮,0,0,0,1,0,1,0,0,0,0,0,0,0,0,0,0,1,1,1,1,0,0,0,0
蛇床子,0,0,0,1,0,1,0,0,1,0,0,0,0,1,0,0,1,0,0,0,0,0,0,0
川楝子,1,0,0,0,0,0,0,0,1,0,0,0,0,0,1,0,0,0,0,1,1,0,0,0
地龙,1,0,0,0,0,0,0,0,0,1,0,0,0,0,1,0,1,0,0,0,1,0,0,0
水银,1,0,0,0,0,1,0,0,0,0,0,0,0,1,1,1,0,0,0,0,0,0,0,0
木鳖子,0,0,0,1,0,0,0,1,0,0,0,0,0,0,1,0,1,1,0,0,0,0,0,0
赤小豆,1,0,0,0,0,0,1,1,0,0,0,0,0,1,0,1,1,0,0,1,0,0,0,0
黑大豆,0,0,1,0,0,0,0,1,0,0,0,0,0,1,0,1,1,0,0,0,0,0,0,0
胡椒,0,0,0,0,1,1,0,0,0,0,0,0,1,1,1,0,1,1,1,0,0,0,0,0
柑皮,1,0,0,0,0,1,0,1,0,0,0,0,0,0,0,0,1,1,0,0,0,0,0,0
蜂蜜,0,0,1,0,0,0,0,1,0,0,0,0,1,0,0,0,1,1,1,0,0,0,0,0
松香,0,0,0,1,0,0,0,1,1,0,0,0,0,0,1,0,1,0,0,0,0,0,0,0
铅粉,1,0,0,0,0,1,0,1,0,0,0,0,1,1,0,0,1,0,0,0,0,0,0,0
蜈蚣,0,0,0,1,0,1,0,0,0,0,0,0,0,0,1,0,0,0,0,0,0,0,0,0
麻油,0,1,0,0,0,0,0,1,0,0,0,0,0,0,0,0,0,0,0,0,0,0,0,0
五倍子,1,0,0,0,0,0,1,0,0,0,1,0,1,1,1,0,0,1,1,0,0,0,0,0
血余,0,0,1,0,0,0,0,0,1,0,1,0,0,1,1,0,0,1,0,0,0,0,0,0
蜂蜡,0,0,1,0,0,0,0,1,0,0,0,1,0,0,0,0,1,1,1,0,0,0,0,0
大青盐,1,0,0,0,0,0,0,0,0,1,0,0,1,1,1,1,0,0,0,0,1,0,0,0
益智仁,0,0,0,1,0,1,0,0,0,0,0,0,0,1,0,0,1,0,0,0,0,0,0,0
款冬花,0,0,0,1,0,1,0,1,0,0,0,0,1,0,0,0,0,0,0,0,0,0,0,0
白及,1,0,0,0,0,0,0,1,1,0,1,0,1,0,0,0,0,1,0,0,0,0,0,0
天雄,0,0,0,0,1,1,0,0,0,0,0,0,0,1,0,0,0,0,0,0,0,0,0,0
郁李仁,0,0,1,0,0,1,0,1,1,0,0,0,0,0,1,0,1,0,1,1,0,1,0,0
天竹黄,1,0,0,0,0,0,0,1,0,0,0,0,0,0,1,1,0,0,0,0,0,1,0,0
芦荟,1,0,0,0,0,0,0,0,1,0,0,0,0,0,1,0,0,0,1,0,0,0,0,0
海螵蛸,0,0,0,1,0,0,0,0,0,1,1,0,0,1,1,0,0,0,0,0,0,0,0,0
葱白,0,0,0,1,0,1,0,0,0,0,0,0,1,0,0,0,0,1,0,0,0,0,0,0
干漆,0,0,0,1,0,1,0,0,0,0,0,0,0,0,1,0,1,1,1,1,0,0,0,0
旋覆花,0,0,0,1,0,1,0,0,1,1,0,0,1,0,0,0,0,1,1,0,0,0,0,0
射干,1,0,0,0,0,0,0,0,1,0,0,0,1,0,1,0,0,0,0,0,0,0,0,0
竹茹,1,0,0,0,0,0,0,1,0,0,0,0,0,0,0,0,1,1,0,0,0,1,0,0
食盐,1,0,0,0,0,0,0,0,0,1,0,0,1,1,1,0,0,1,1,1,0,0,0,0
甘遂,1,0,0,0,0,0,0,0,1,0,0,0,1,1,0,0,1,0,1,1,1,0,0,0
紫苏子,0,0,0,1,0,1,0,0,0,0,0,0,1,0,0,0,0,0,1,0,0,0,0,0
蛇蜕,0,0,1,0,0,0,0,1,0,1,0,0,0,0,1,0,0,0,0,0,0,0,0,0
芫花,0,0,0,1,0,1,0,0,1,0,0,0,1,1,0,0,1,0,0,0,1,0,0,0
粳米,0,0,1,0,0,0,0,1,0,0,0,0,1,0,0,0,1,1,0,0,0,0,0,0
芜荑,0,0,0,1,0,1,0,0,1,0,0,0,0,0,0,0,1,1,0,0,0,0,0,0
草果,0,0,0,1,0,1,0,0,0,0,0,0,0,0,0,0,1,1,0,0,0,0,0,0
栝楼,1,0,0,0,0,0,0,1,1,0,0,0,1,0,0,0,0,1,1,0,0,0,0,0
决明子,0,1,1,0,0,0,0,0,1,1,0,0,0,1,1,0,0,0,0,0,0,1,0,0
火麻仁,0,0,1,0,0,0,0,1,0,0,0,0,0,0,0,0,1,1,1,0,0,0,0,0
莱菔子,0,0,1,0,0,1,0,1,0,0,0,0,1,0,0,0,1,1,1,0,0,0,0,0
蟾酥,0,0,0,1,0,1,0,0,0,0,0,0,0,0,0,1,0,0,0,0,0,0,0,0
龟甲,1,0,0,0,0,0,0,1,0,1,0,0,0,1,1,0,0,0,0,0,0,0,0,0
胆星,0,1,0,0,0,1,0,0,1,0,0,0,1,0,1,0,0,0,0,0,0,1,0,0
阿魏,0,0,1,0,0,1,0,0,0,0,0,0,0,0,1,0,1,1,0,0,0,0,0,0
使君子,0,0,0,1,0,0,0,1,0,0,0,0,0,0,0,0,1,1,0,0,0,0,0,0
白扁豆,0,0,1,1,0,0,0,1,0,0,0,1,0,0,0,0,1,1,0,0,0,0,0,0
乌蛇,0,0,1,0,0,0,0,1,0,0,0,0,0,0,1,0,0,0,0,0,0,0,0,0
孩儿茶,0,1,0,0,0,0,0,0,1,0,1,0,1,0,0,1,0,0,0,0,0,0,0,0
瞿麦,1,0,0,0,0,0,0,0,1,0,0,0,0,0,1,1,0,0,0,1,1,0,0,0
钩藤,1,0,0,0,0,0,0,1,1,0,0,0,0,0,1,1,0,0,0,0,0,0,0,0
莲子,0,0,1,0,0,0,0,1,0,0,1,0,0,1,1,1,1,1,0,0,1,0,0,0
磁石,0,0,1,0,0,1,0,0,0,1,0,0,1,1,1,0,0,0,0,0,0,0,0,0
茵陈蒿,1,0,0,0,0,1,0,0,1,0,0,0,0,0,0,0,1,1,0,0,1,0,0,0
沙参,1,0,0,0,0,0,0,1,1,0,0,0,1,0,0,0,0,1,0,0,0,0,0,0
消石,0,0,0,1,0,0,0,0,1,1,0,0,1,0,0,1,1,0,0,0,0,0,0,0
常山,1,0,0,0,0,1,0,0,1,0,0,0,1,0,1,0,1,1,0,0,0,0,0,0
白鲜皮,1,0,0,0,0,0,0,0,1,1,0,0,1,0,0,0,1,1,0,1,1,0,0,0
木贼,0,0,1,0,0,0,0,1,1,0,0,0,1,0,1,0,0,0,0,0,0,1,0,0
玉竹,0,0,1,0,0,0,0,1,0,0,0,0,1,0,0,0,0,1,0,0,0,0,0,0
百合,1,0,0,0,0,0,0,1,1,0,0,0,1,0,0,1,0,0,0,0,0,0,0,0
侧柏叶,1,0,0,0,0,0,0,0,1,0,1,0,1,0,1,0,0,0,1,0,0,0,0,0
龙齿,0,1,0,0,0,0,0,1,0,0,1,0,0,0,1,1,0,0,0,0,0,0,0,0
檀香,0,0,0,1,0,1,0,0,0,0,0,0,1,0,0,0,1,1,0,0,0,0,0,0
桑寄生,0,0,1,0,0,0,0,1,1,0,0,0,0,1,1,0,0,0,0,0,0,0,0,0
党参,0,0,1,0,0,0,0,1,0,0,0,0,1,0,0,0,1,0,0,0,0,0,0,0
姜黄,0,0,0,1,0,1,0,0,1,0,0,0,0,0,1,0,1,0,0,0,0,0,0,0
密陀僧,0,0,1,0,0,1,0,0,0,1,0,0,0,0,1,0,1,0,0,0,0,0,0,0
金箔,0,0,1,0,0,1,0,0,1,0,0,0,1,0,1,1,0,0,0,0,0,0,0,0
斑蝥,0,0,0,1,0,1,0,0,0,0,0,0,0,1,1,0,0,1,0,0,0,0,0,0
骨碎补,0,0,0,1,0,0,0,0,1,0,0,0,0,1,1,0,0,0,0,0,0,0,0,0
铜绿,1,0,1,0,0,0,1,0,0,0,1,0,0,0,1,0,0,0,0,0,0,1,0,0
苏木,0,0,1,0,0,0,0,1,0,1,0,0,0,0,1,1,0,1,1,0,0,0,0,0
罂粟壳,1,0,0,0,0,0,1,0,0,0,1,0,1,1,0,0,0,0,1,0,0,0,0,0
石决明,1,0,0,0,0,0,0,0,0,1,0,0,0,0,1,0,0,0,0,0,0,0,0,0
枇杷叶,1,0,0,0,0,1,0,0,1,0,0,0,1,0,0,1,0,1,0,0,0,0,0,0
蓖麻子,0,0,1,0,0,1,0,1,0,0,0,0,1,0,1,0,1,0,1,0,0,0,0,0
竹叶,1,0,0,0,0,0,0,1,0,0,0,1,1,0,0,1,0,1,0,0,0,0,0,0
紫苏梗,0,0,0,1,0,1,0,0,0,0,0,0,1,0,0,0,1,1,0,0,0,0,0,0
自然铜,0,0,1,0,0,1,0,0,1,0,0,0,0,1,1,0,0,0,0,0,0,0,0,0
胆矾,1,0,0,0,0,1,1,0,0,0,0,0,0,0,1,0,0,0,0,0,0,1,0,0
露蜂房,0,0,1,0,0,0,0,1,0,0,0,0,0,1,1,0,0,1,0,0,0,0,0,0
蛤蜊粉,1,0,0,0,0,0,0,0,0,1,0,0,1,1,1,0,0,0,0,0,0,0,0,0
糯米,0,0,0,1,0,0,0,1,0,0,0,0,1,0,0,0,1,1,0,0,0,0,0,0
熊胆,1,0,0,0,0,0,0,0,1,0,0,0,0,0,1,1,0,1,0,0,0,1,0,0
白芥子,0,0,0,1,0,1,0,0,0,0,0,0,1,0,1,0,1,1,0,0,0,0,1,0
槐花,1,0,0,0,0,0,0,0,1,0,0,0,1,0,1,1,0,0,1,0,0,0,0,0
荜茇,0,0,0,0,1,1,0,0,0,0,0,0,1,1,1,0,1,1,1,0,1,0,0,0
槐角,1,0,0,0,0,0,0,0,1,0,0,0,0,0,0,0,0,0,0,0,0,0,0,0
益母草,1,0,0,0,0,1,0,0,1,0,0,0,0,1,1,0,0,0,0,0,0,0,1,0
代赭石,1,0,1,0,0,0,0,1,1,0,0,0,0,0,1,1,0,1,0,0,0,0,0,0
泽兰,0,0,0,1,0,1,0,0,1,0,0,0,0,0,1,0,1,0,0,0,0,0,0,0
芡实,0,0,1,0,0,0,0,1,0,0,1,0,0,1,1,1,1,1,0,0,0,0,0,0
皂角刺,0,0,0,1,0,1,0,0,0,0,0,0,1,0,1,0,0,0,0,0,0,0,0,0
胡桃仁,0,0,0,1,0,0,0,1,0,0,1,0,1,1,1,0,0,0,0,0,0,0,0,0
紫草,1,0,0,0,0,0,0,0,1,0,0,0,0,0,1,1,0,0,0,0,0,0,0,0
甘松,0,0,0,1,0,1,0,1,0,0,0,0,0,0,0,0,1,1,0,0,0,0,0,0
炉甘石,0,0,1,1,0,0,0,1,0,0,0,0,1,0,1,0,1,0,0,0,0,0,0,0
银箔,1,0,1,0,0,1,0,0,0,0,0,0,1,0,1,1,0,0,0,0,0,0,0,0
百花锦蛇,0,0,0,1,0,0,0,1,0,1,0,0,0,1,1,0,0,0,0,0,0,0,0,0
桑螵蛸,0,0,1,0,0,0,0,1,0,1,0,0,0,1,1,0,0,0,0,0,1,0,0,0
蕤仁,1,0,0,0,0,0,0,1,0,0,0,0,1,0,1,1,1,0,0,0,0,0,0,0
墨,0,0,1,0,0,1,0,0,0,0,0,0,0,1,1,1,0,0,0,0,0,0,0,0
覆盆子,0,0,1,0,0,0,1,1,0,0,0,0,0,1,1,0,0,0,0,0,0,0,0,0
狗脊,0,0,0,1,0,0,0,1,1,0,0,0,0,1,1,1,0,0,0,0,1,0,0,0
青木香,1,0,0,0,0,1,0,0,1,0,0,0,1,0,0,0,0,1,0,0,0,0,0,0
冬葵子,1,0,0,0,0,0,0,1,0,0,0,0,1,0,1,0,0,1,1,1,1,0,0,0
樟脑,0,0,0,0,1,1,0,0,0,0,0,0,0,0,0,1,1,0,0,0,0,0,0,0
砒石,0,0,0,0,1,1,1,0,0,0,0,0,1,0,0,0,1,1,1,0,0,0,0,0
大戟,1,0,0,0,0,1,0,0,1,0,0,0,1,1,1,0,1,0,0,0,1,0,0,0
雷丸,1,0,0,0,0,0,0,0,1,0,0,0,0,0,0,0,0,1,1,0,0,0,0,0
灯心草,1,0,0,0,0,0,0,1,0,0,0,1,1,0,0,1,0,0,0,1,1,0,0,0
酒,0,0,0,1,0,1,0,1,1,0,0,0,1,0,1,1,0,1,0,0,0,0,0,0
白薇,1,0,0,0,0,0,0,0,1,1,0,0,1,0,1,0,0,1,0,0,0,0,0,0
柳枝,1,0,0,0,0,0,0,0,1,0,0,0,0,0,1,0,0,1,0,0,0,0,0,0
通草,1,0,0,0,0,0,0,1,0,0,0,1,1,0,0,0,0,1,0,0,0,0,0,0
栝楼子,1,0,0,0,0,0,0,1,1,0,0,0,1,0,0,0,0,1,1,0,0,0,0,0
猪脂膏,1,0,0,0,0,0,0,1,0,0,0,0,0,0,0,0,0,0,0,0,0,0,0,0
白茅根,1,0,0,0,0,0,0,1,0,0,0,0,1,0,0,1,0,1,0,0,1,0,0,0
淡竹叶,1,0,0,0,0,0,0,1,0,0,0,1,0,0,0,0,0,0,0,0,0,0,0,0
海桐皮,0,0,1,0,0,1,0,0,1,0,0,0,0,0,1,0,1,1,0,0,0,0,0,0
莽草,0,0,0,1,0,1,0,0,0,0,0,0,0,0,0,0,0,0,0,0,0,0,0,0
青蒿,1,0,0,0,0,1,0,0,1,0,0,0,0,0,1,0,0,0,0,0,0,1,0,0
八角茴香,0,0,0,1,0,1,0,1,0,0,0,0,0,1,1,0,1,1,0,0,0,0,0,0
百草霜,0,0,0,1,0,1,0,0,1,0,0,0,1,0,1,0,0,1,0,0,0,0,0,0
炮姜,0,0,0,1,0,1,0,0,1,0,0,0,0,0,1,0,1,1,0,0,0,0,0,0
母丁香,0,0,0,1,0,1,0,0,0,0,0,0,0,1,1,0,1,1,0,0,0,0,0,0
黑芝麻,0,0,1,0,0,0,0,1,0,0,0,0,0,1,1,0,1,0,0,0,0,0,0,0
荜澄茄,0,0,0,1,0,1,0,0,0,0,0,0,0,1,0,0,1,1,0,0,1,0,0,0
沙苑子,0,0,0,1,0,0,0,1,0,0,0,0,0,1,1,0,0,0,0,0,0,0,0,0
川牛膝,0,0,1,0,0,0,0,1,1,0,0,0,0,1,1,0,0,0,0,0,0,0,0,0
藜芦,1,0,0,0,0,1,0,0,1,0,0,0,1,0,1,0,0,1,0,0,0,0,0,0
青葙子,1,0,0,0,0,0,0,0,1,0,0,0,0,0,1,0,0,0,0,0,0,0,0,0
伏龙肝,0,0,0,1,0,1,0,0,0,0,0,0,0,0,1,0,1,1,0,0,0,0,0,0
铁粉,0,0,1,0,0,1,0,0,0,1,0,0,0,0,1,1,0,0,0,0,0,0,0,0
砒霜,0,0,0,0,1,1,1,0,0,0,0,0,1,0,0,0,1,1,1,0,0,0,0,0
海藻,1,0,0,0,0,0,0,0,1,1,0,0,1,1,1,0,1,1,0,0,0,0,0,0
胡芦巴,0,0,0,1,0,0,0,0,1,0,0,0,0,1,0,0,0,0,0,0,0,0,0,0
芦根,1,0,0,0,0,0,0,1,0,0,0,0,1,0,0,0,0,1,0,0,1,0,0,0
茺蔚子,1,0,0,0,0,1,0,1,0,0,0,0,0,0,1,0,0,0,0,0,0,0,0,0
玄明粉,1,0,0,0,0,1,0,0,0,1,0,0,1,0,0,1,0,1,1,0,0,0,0,0
百部,0,0,0,1,0,0,0,1,1,0,0,0,1,0,0,0,0,0,0,0,0,0,0,0
巴豆霜,0,0,0,0,1,1,0,0,0,0,0,0,0,0,0,0,0,1,1,0,0,0,0,0
桑叶,1,0,0,0,0,0,0,1,1,0,0,0,1,0,1,0,0,0,0,0,0,0,0,0
漏芦,1,0,0,0,0,0,0,0,1,0,0,0,0,0,1,0,0,1,1,0,0,0,0,0
淫羊藿,0,0,0,1,0,1,0,1,0,0,0,0,0,1,1,0,0,0,0,0,0,0,0,0
水蛭,0,0,1,0,0,0,0,0,1,1,0,0,0,0,1,0,0,0,0,0,0,0,0,0
鹿角胶,0,0,0,1,0,0,0,1,0,1,0,0,0,1,1,0,0,0,0,0,0,0,0,0
粉霜,0,0,0,1,0,1,0,0,0,0,0,0,1,0,1,0,0,0,0,0,1,0,0,0
虾蟆,1,0,0,0,0,0,0,1,0,0,0,0,0,0,0,1,1,0,0,0,0,0,0,0
铅霜,1,0,0,0,0,0,1,1,0,0,0,0,1,0,0,1,0,0,0,0,0,0,0,0
大青,1,0,0,0,0,0,0,0,1,0,0,0,0,0,0,1,0,1,0,0,0,0,0,0
绿矾,1,0,0,0,0,0,1,0,0,0,1,0,1,0,1,0,1,0,1,0,0,0,0,0
人中白,0,1,0,0,0,0,0,0,0,1,0,0,1,0,0,1,0,0,0,0,1,0,0,0
昆布,1,0,0,0,0,0,0,0,0,1,0,0,0,1,1,0,1,1,0,0,0,0,0,0
贯众,1,0,0,0,0,0,0,0,1,0,1,0,0,0,1,0,0,1,0,0,0,0,0,0
紫石英,0,0,0,1,0,1,0,1,0,0,0,0,1,1,1,1,0,0,0,0,0,0,0,0
车前草,1,0,0,0,0,0,0,1,0,0,0,0,0,1,1,0,0,0,0,0,1,0,0,0
禹余粮,1,0,1,0,0,0,0,1,0,1,1,0,0,0,0,0,1,1,1,0,0,0,0,0
安息香,0,0,1,0,0,1,0,0,1,0,0,0,0,0,1,1,1,0,0,0,0,0,0,0
小麦,0,1,0,0,0,0,0,1,0,0,0,0,0,1,0,1,1,0,0,0,0,0,0,0
蒲公英,1,0,0,0,0,0,0,1,1,0,0,0,0,0,1,0,0,1,0,0,0,0,0,0
白丁香,0,0,0,1,0,0,0,0,1,0,0,0,0,1,1,0,0,0,0,0,0,0,0,0
小谷精草,0,0,1,0,0,1,0,1,0,0,0,0,1,0,0,0,0,1,0,0,0,0,0,0
香薷,0,0,0,1,0,1,0,0,0,0,0,0,1,0,0,0,0,1,0,0,0,0,0,0
茜草,1,0,0,0,0,0,0,0,1,0,0,0,0,1,1,1,1,1,0,0,0,0,1,0
鸡内金,0,0,1,0,0,0,0,1,0,0,0,0,0,1,0,0,1,1,0,0,1,0,0,0
槐枝,0,0,1,0,0,0,0,0,1,0,0,0,0,0,1,1,0,0,0,0,0,0,0,0
石灰,0,0,0,1,0,1,0,0,1,0,1,0,0,0,1,0,1,0,0,0,0,0,0,0
枫香脂,0,0,1,0,0,1,0,0,1,0,0,0,1,0,1,0,1,0,0,0,0,0,0,0
夜明砂,1,0,0,0,0,1,0,0,0,0,0,0,0,0,1,0,0,0,0,0,0,0,0,0
石韦,1,0,0,0,0,0,0,1,1,0,0,0,1,1,0,0,0,0,0,0,1,0,0,0
甘菊,1,0,0,0,0,1,0,0,1,0,0,0,0,0,0,0,0,0,0,0,0,0,0,0
甘草节,0,1,0,1,0,0,0,1,0,0,0,0,0,0,1,1,0,0,0,0,0,0,0,0
甜瓜蒂,1,0,0,0,0,0,0,0,1,0,0,0,0,0,1,0,1,1,0,0,0,0,0,0
桑枝,0,0,1,0,0,0,0,0,1,0,0,0,0,0,1,0,0,0,0,0,0,0,0,0
大蒜,0,0,0,1,0,1,0,0,0,0,0,0,1,0,0,0,1,1,1,0,0,0,0,0
降香,0,0,0,1,0,1,0,0,0,0,0,0,1,0,1,1,1,0,0,0,0,0,0,0
虻虫,0,1,0,0,0,0,0,0,1,1,0,0,0,0,1,0,0,0,0,0,0,0,0,0
雌黄,0,0,1,0,0,1,0,0,0,0,0,0,0,0,1,0,0,0,0,0,0,0,0,0
夏枯草,1,0,0,0,0,1,0,0,1,0,0,0,0,0,1,0,0,0,0,0,0,1,0,0
鹤虱,0,0,1,0,0,1,0,0,1,0,0,0,0,0,0,0,1,1,1,0,0,0,0,0
韭子,0,0,0,1,0,1,0,1,0,0,0,0,0,1,1,0,0,0,0,0,0,0,0,0
刺猬皮,0,0,1,0,0,0,0,0,1,0,1,0,0,1,0,0,0,1,1,0,0,0,0,0
鸡骨香,0,0,0,1,0,1,0,0,1,0,0,0,1,1,1,1,0,1,0,0,0,0,0,0
马兜铃,1,0,0,0,0,1,0,0,1,0,0,0,1,0,0,0,0,0,0,0,0,0,0,0
闹羊花,0,0,0,1,0,1,0,0,0,0,0,0,0,0,1,0,0,0,0,0,0,0,0,0
石榴皮,0,0,0,1,0,0,1,0,0,0,1,0,0,0,0,0,0,0,1,0,0,0,0,0
大风子,0,0,0,0,1,1,0,0,0,0,0,0,0,1,1,0,1,0,0,0,0,0,0,0
白石脂,0,0,1,0,0,0,1,1,0,0,0,0,1,0,0,0,0,0,1,0,0,0,0,0
秦皮,1,0,0,0,0,0,0,0,1,0,1,0,0,0,1,0,0,0,1,0,0,1,0,0
土茯苓,0,0,1,0,0,0,0,1,0,0,0,1,0,0,1,0,1,1,0,0,0,0,0,0
商陆,1,0,0,0,0,0,0,0,1,0,0,0,0,0,0,0,1,0,0,1,1,0,0,0
土瓜,0,0,1,0,0,0,0,1,0,0,0,1,1,0,1,0,1,0,0,0,0,0,0,0
地肤子,1,0,0,0,0,0,0,0,1,0,0,0,0,1,0,0,0,0,0,0,1,0,0,0
鸡子,0,0,1,0,0,0,0,1,0,0,0,0,1,0,0,0,1,1,0,0,0,0,0,0
三七,0,0,0,1,0,0,0,1,1,0,0,0,1,0,1,1,0,1,1,0,0,0,0,0
皂荚子,0,0,0,1,0,1,0,0,0,0,0,0,1,0,0,0,0,0,1,0,0,0,0,0
灵香草,0,0,1,0,0,1,0,1,0,0,0,0,1,0,0,0,0,1,0,0,0,0,0,0
鬼箭羽,1,0,0,0,0,1,0,0,1,0,0,0,0,0,1,0,0,0,0,0,0,0,0,0
丁香树皮,0,0,0,1,0,1,0,0,0,0,0,0,0,0,0,0,1,1,0,0,0,0,0,0
荷叶,0,0,1,0,0,0,0,0,1,0,1,0,1,0,1,1,1,0,0,0,0,1,0,0
茵芋,0,0,0,1,0,1,0,0,1,0,0,0,0,1,1,0,0,0,0,0,0,0,0,0
莲须,0,0,1,0,0,0,0,1,0,0,1,0,0,1,0,1,0,0,0,0,0,0,0,0
茶叶,0,1,0,0,0,0,0,1,1,0,0,0,1,1,1,1,1,1,0,0,0,0,0,0
蜇虫,1,0,0,0,0,0,0,0,0,1,0,0,0,0,1,0,0,0,0,0,0,0,0,0
蚕沙,0,0,0,1,0,1,0,1,0,0,0,0,0,0,1,0,1,1,0,0,0,0,0,0
钟乳石,0,0,0,1,0,0,0,1,0,0,0,0,1,1,1,0,1,0,0,0,0,0,0,0
苍耳,1,0,0,0,0,1,0,0,1,0,0,0,1,0,1,0,1,0,0,0,0,0,0,0
紫河车,0,0,0,1,0,0,0,1,0,1,0,0,1,1,1,0,0,0,0,0,0,0,0,0
酥,1,0,0,0,0,0,0,1,0,0,0,0,1,0,0,0,1,0,1,0,0,0,0,0
青礞石,0,0,1,0,0,0,0,1,0,1,0,0,1,0,1,1,0,1,1,0,0,0,0,0
没食子,0,0,0,1,0,0,0,0,1,0,0,0,1,1,0,0,1,0,0,0,0,0,0,0
薤白,0,0,0,1,0,1,0,0,1,0,0,0,1,0,0,1,0,1,1,0,0,0,0,0
铅,1,0,0,0,0,0,0,1,0,0,0,0,0,1,1,0,0,0,0,0,0,0,0,0
蟾蜍,0,1,0,0,0,1,0,0,0,0,0,0,1,0,1,1,1,0,0,0,0,0,0,0
密蒙花,1,0,0,0,0,0,0,1,0,0,0,0,0,0,1,0,0,0,0,0,0,0,0,0
绿豆,1,0,0,0,0,0,0,1,0,0,0,0,0,0,0,1,0,1,0,0,0,0,0,0
猪肉,1,0,0,0,0,0,0,1,0,1,0,0,0,1,0,0,1,1,0,0,0,0,0,0
竹沥,1,0,0,0,0,0,0,1,1,0,0,0,1,0,1,1,0,0,0,0,0,0,0,0
楮实,1,0,0,0,0,0,0,1,0,0,0,0,0,1,1,0,1,0,0,0,0,0,0,0
刘寄奴,0,0,0,1,0,1,0,0,1,0,0,0,0,0,1,1,1,0,0,0,0,0,0,0
阳起石,0,0,0,1,0,0,0,0,0,1,0,0,0,1,0,0,0,0,0,0,0,0,0,0
桃枝,0,0,1,0,0,0,0,0,1,0,0,0,0,0,0,1,0,1,0,0,0,0,0,0
石南,0,0,1,0,0,1,0,0,1,0,0,0,0,1,1,0,0,0,0,0,0,0,0,0
苍耳子,0,0,0,1,0,1,0,1,1,0,0,0,1,0,1,0,0,0,0,0,0,0,0,0
绿豆粉,1,0,0,0,0,0,0,1,0,0,0,0,0,0,1,0,0,1,0,0,0,0,0,0
防葵,1,0,0,0,0,1,0,1,1,0,0,0,0,0,0,0,0,0,0,0,0,0,0,0
马钱子,1,0,0,0,0,0,0,0,1,0,0,0,0,0,1,0,1,0,0,0,0,0,0,0
浮萍,1,0,0,0,0,1,0,0,0,0,0,0,1,0,0,0,0,0,0,0,1,0,0,0
白石英,0,0,0,1,0,1,0,1,0,0,0,0,1,1,0,1,0,0,0,0,0,0,0,0
鹿角,0,0,0,1,0,0,0,0,0,1,0,0,0,1,1,0,0,0,0,0,0,0,0,0
墨旱莲,0,1,0,0,0,0,1,1,0,0,0,0,0,1,1,0,0,0,0,0,0,0,0,0
浙贝母,1,0,0,0,0,0,0,0,1,0,0,0,1,0,0,1,0,0,0,0,0,0,0,0
百药煎,0,0,1,0,0,0,1,1,0,0,1,0,1,0,0,1,0,1,0,0,0,0,0,0
石莲,0,1,0,0,0,0,0,1,0,0,0,1,0,0,0,0,0,0,0,0,0,0,0,0
千金子,0,0,0,1,0,1,0,0,0,0,0,0,1,0,0,0,0,1,0,0,1,0,0,0
八角莲,0,1,0,0,0,1,0,0,1,0,0,0,1,0,1,0,0,0,0,0,0,0,0,0
苦楝皮,1,0,0,0,0,0,0,0,1,0,0,0,0,0,1,0,1,1,0,0,0,0,0,0
海金沙,1,0,0,0,0,0,0,1,0,0,0,1,0,0,0,0,1,0,0,1,1,0,0,0
象皮,0,0,0,1,0,0,0,1,0,1,0,0,0,0,0,1,1,0,0,0,0,0,0,0
紫花地丁,1,0,0,0,0,1,0,0,1,0,0,0,0,0,1,1,0,0,0,0,0,0,0,0
虫白蜡,0,0,0,1,0,0,0,1,0,0,0,1,0,0,1,0,0,0,0,0,0,0,0,0
鹿角霜,0,0,0,1,0,0,0,0,0,1,1,0,0,1,1,0,0,0,0,0,0,0,0,0
王不留行,0,0,1,0,0,0,0,0,1,0,0,0,0,0,1,0,0,1,0,0,0,0,0,0
粟米,0,1,0,0,0,0,0,1,0,1,0,0,0,1,0,0,1,1,0,0,0,0,0,0
蜗牛,1,0,0,0,0,0,0,0,0,1,0,0,0,0,0,0,0,1,1,0,1,0,0,0
榆白皮,1,0,0,0,0,0,0,1,0,0,0,0,1,0,0,0,1,0,0,0,1,0,0,0
辛夷,0,0,0,1,0,1,0,0,0,0,0,0,1,0,0,0,0,1,0,0,0,0,0,0
龙眼肉,0,0,0,1,0,0,0,1,0,0,0,0,0,1,1,1,1,0,0,0,0,0,0,0
银朱,0,0,0,1,0,1,0,0,0,0,0,0,1,0,0,1,0,1,0,0,0,0,0,0
冬瓜子,1,0,0,0,0,0,0,1,0,0,0,0,1,0,0,0,0,0,1,0,0,0,0,0
羊肉,0,0,0,0,1,0,0,1,0,0,0,0,0,1,0,0,1,1,0,0,0,0,0,0
蜣螂,1,0,0,0,0,0,0,0,0,1,0,0,0,0,1,0,0,1,1,0,0,0,0,0
荸荠,1,0,0,0,0,0,0,1,0,0,0,0,1,0,0,0,0,1,0,0,0,0,0,0
天灵盖,0,0,0,0,0,0,0,0,0,0,0,0,0,0,0,0,0,0,0,0,0,0,0,0
天仙子,0,0,0,1,0,1,0,0,1,0,0,0,0,0,1,1,0,1,0,0,0,0,0,0
慈乌,0,0,1,0,0,0,1,0,0,1,0,0,1,1,0,0,0,0,0,0,0,0,0,0
石燕,0,1,0,0,0,0,0,1,0,1,0,0,0,1,1,0,0,0,0,0,1,0,0,0
黄精,0,0,1,0,0,0,0,1,0,0,0,0,1,1,0,0,1,0,0,0,0,0,0,0
锁阳,0,0,0,1,0,0,0,1,0,0,0,0,0,1,1,0,0,0,1,0,0,0,0,0
胭脂,0,0,1,0,0,0,0,1,0,0,0,0,0,0,0,0,0,0,0,0,0,0,0,0
山柰,0,0,0,1,0,1,0,0,0,0,0,0,0,0,0,0,1,1,0,0,0,0,0,0
狼毒,0,0,1,0,0,1,0,0,1,0,0,0,1,0,0,0,0,0,0,0,0,0,0,0
麻黄根,0,0,1,0,0,0,0,1,1,0,0,0,1,0,0,0,0,0,0,0,0,0,0,0
大青叶,1,0,0,0,0,0,0,0,1,0,0,0,0,0,1,1,1,1,0,0,0,0,0,0
水苏,0,1,0,0,0,1,0,0,0,0,0,0,1,0,0,0,0,1,0,0,0,0,0,0
白沙糖,0,0,1,0,0,0,0,1,0,0,0,0,1,0,0,0,1,0,0,0,0,0,0,0
梨,0,1,0,0,0,0,1,1,0,0,0,0,1,0,1,1,0,1,0,0,0,0,0,0
猪胆,1,0,0,0,0,0,0,0,1,0,0,0,1,0,1,0,0,0,1,0,0,1,0,0
甘草梢,1,0,0,0,0,0,0,1,0,0,0,0,0,0,1,1,1,0,0,0,0,0,0,0
醋,0,0,0,1,0,0,1,1,0,0,0,0,0,0,1,0,0,1,0,0,0,0,0,0
芝麻菜,1,0,0,0,0,1,0,0,1,0,0,0,1,0,0,0,0,0,0,0,1,0,0,0
卷柏,0,0,1,0,0,1,0,0,0,0,0,0,0,0,1,1,0,0,0,0,0,0,0,0
千年艾,0,0,0,1,0,1,0,0,1,0,0,0,0,0,0,0,0,0,0,0,0,0,0,0
白前,0,0,0,1,0,1,0,1,0,0,0,0,1,0,0,0,0,0,0,0,0,0,0,0
黑参,1,0,0,0,0,0,0,0,1,0,0,0,0,0,0,0,0,0,0,0,0,0,0,0
蛇含石,1,0,0,0,0,0,0,1,0,0,0,0,0,0,1,0,0,0,0,0,0,0,1,0
松节,0,0,0,1,0,0,0,0,1,0,0,0,0,1,1,0,0,0,0,0,0,0,0,0
原蚕蛾,0,0,0,1,0,0,0,0,0,1,0,0,0,1,1,0,0,0,0,0,0,0,0,0
忍冬藤,1,0,0,0,0,0,0,1,0,0,0,0,1,0,0,1,0,0,0,0,0,0,0,0
谷芽,0,0,1,0,0,0,0,1,0,0,0,0,0,0,0,0,1,1,0,0,0,0,0,0
山慈菇,1,0,0,0,0,1,0,1,0,0,0,0,1,0,1,0,0,1,0,0,0,0,0,0
白皮,0,0,1,0,0,0,0,0,0,0,1,0,0,0,1,0,0,0,0,0,0,0,0,0
玄精石,1,0,0,0,0,0,0,0,0,1,0,0,0,1,0,0,1,1,0,0,0,0,0,0
竹节香附,0,0,0,0,1,1,0,0,0,0,0,0,0,0,1,0,1,0,0,0,0,0,0,0
虎睛,0,0,0,0,0,0,0,0,0,0,0,0,0,0,0,0,0,0,0,0,0,0,0,0
黄明胶,0,0,1,0,0,0,0,1,0,0,0,0,1,0,0,0,0,0,1,0,0,0,0,0
马勃,0,0,1,0,0,1,0,0,0,0,0,0,1,0,0,0,0,0,0,0,0,0,0,0
椒目,0,0,0,1,0,1,0,0,1,0,0,0,0,0,0,0,1,0,0,0,1,0,0,0
芙蓉叶,0,1,0,0,0,1,0,0,1,0,0,0,1,0,1,0,0,0,0,0,0,0,0,0
鲫鱼,0,0,1,0,0,0,0,1,0,0,0,0,0,0,0,0,1,1,1,0,0,0,0,0
马齿苋,1,0,0,0,0,0,1,0,0,0,0,0,0,0,1,0,0,0,1,0,0,0,0,0
人中黄,1,0,0,0,0,0,0,1,0,1,0,0,0,0,0,1,0,1,0,0,0,0,0,0
鼠,0,0,0,0,1,0,0,0,0,0,0,0,0,0,0,0,1,1,0,0,0,0,0,0
象牙,1,0,0,0,0,0,0,1,0,0,0,0,0,1,0,1,0,0,0,0,0,0,0,0
小南木香,0,0,0,1,0,1,0,0,1,0,0,0,0,0,1,0,1,1,0,0,0,0,0,0
羊肾,0,0,0,1,0,0,0,1,0,0,0,0,0,1,0,0,0,0,0,0,0,0,0,0
蛤蚧,0,0,1,0,0,0,0,0,0,1,0,0,1,1,0,0,0,0,0,0,0,0,0,0
雀瓮,0,0,1,0,0,0,0,1,0,0,0,0,0,0,1,0,0,0,0,0,0,0,0,0
棕榈皮,0,0,1,0,0,0,0,0,1,0,1,0,0,0,1,0,1,0,1,0,0,0,0,0
大蓟,0,1,0,0,0,0,0,1,1,0,0,0,0,0,1,1,0,0,0,0,0,0,0,0
橘核,0,0,1,0,0,0,0,0,1,0,0,0,0,1,1,0,0,0,0,0,1,0,0,0
女贞子,0,1,0,0,0,0,0,1,1,0,0,0,0,1,1,0,0,0,0,0,0,0,0,0
莲子心,1,0,0,0,0,0,0,0,1,0,0,0,1,1,0,1,0,0,0,0,0,0,0,0
陈仓米,0,0,1,0,0,0,0,1,0,0,0,1,0,0,0,0,1,1,1,0,0,0,0,0
菟丝,0,0,1,0,0,0,0,1,1,0,0,0,0,1,1,0,0,0,0,0,1,0,0,0
椿白皮,1,0,0,0,0,0,0,0,1,0,1,0,0,0,0,0,0,1,1,0,0,0,0,0
金樱子,0,0,1,0,0,0,1,0,0,0,1,0,1,1,0,0,1,0,1,0,1,0,0,0
蚱蝉,1,0,0,0,0,0,0,1,0,1,0,0,1,0,1,0,0,0,0,0,0,0,0,0
茯苓皮,0,0,1,0,0,0,0,1,0,0,0,1,0,1,0,0,0,0,0,0,1,0,0,0
蜀漆,0,0,0,1,0,1,0,0,1,0,0,0,0,0,0,0,0,0,0,0,0,0,0,0
白梅,0,0,1,0,0,0,1,0,0,1,1,0,0,1,1,0,0,0,0,0,0,0,0,0
银柴胡,1,0,0,0,0,0,0,1,0,0,0,0,0,0,1,0,0,1,0,0,0,0,0,0
虎杖,1,0,0,0,0,0,1,0,1,0,0,0,0,0,1,0,0,0,0,0,0,1,0,0
生姜皮,0,1,0,0,0,1,0,0,0,0,0,0,1,0,0,0,1,0,0,0,0,0,0,0
红豆,0,0,1,0,0,0,0,0,1,0,0,0,0,0,1,0,1,0,0,0,0,0,0,0
侧子,0,0,0,0,1,1,0,0,0,0,0,0,0,0,1,1,1,0,0,0,0,0,0,0
藕节,0,0,1,0,0,0,0,1,0,0,1,0,0,1,1,0,0,1,0,0,0,0,0,0
甜瓜子,1,0,0,0,0,0,0,1,0,0,0,0,1,0,0,0,0,1,1,0,0,0,0,0
人尿,1,0,0,0,0,0,0,0,0,1,0,0,1,1,0,1,0,0,0,0,1,0,0,0
凌霄花,1,0,0,0,0,0,1,0,0,0,0,0,0,0,1,0,0,0,0,0,0,0,0,0
莱菔,0,1,1,0,0,1,0,1,0,0,0,0,1,0,0,0,1,1,1,0,0,0,0,0
白头翁,1,0,0,0,0,0,0,0,1,0,0,0,0,0,0,0,0,1,1,0,0,0,0,0
亚麻子,0,0,1,0,0,0,0,1,0,0,0,0,0,0,1,0,0,1,1,0,0,0,0,0
小蓟,0,1,0,0,0,0,0,1,1,0,0,0,0,0,1,0,1,0,0,0,0,0,0,0
针砂,1,0,1,0,0,1,1,0,0,1,0,0,0,0,1,0,1,0,1,0,0,0,0,0
云母,0,0,0,1,0,0,0,1,0,0,0,0,1,0,1,1,1,0,0,0,1,0,0,0
红曲,0,0,0,1,0,0,0,1,0,0,0,0,0,0,1,0,1,1,1,0,0,0,0,0
黄药子,1,0,0,0,0,0,0,0,1,0,0,0,1,0,1,0,0,0,0,0,0,0,0,0
杜衡,0,0,0,1,0,1,0,0,0,0,0,0,1,1,1,0,0,0,0,0,1,0,0,0
食茱萸,0,0,0,1,0,1,0,0,1,0,0,0,0,0,0,0,0,0,0,0,0,0,0,0
紫草茸,0,0,1,0,0,0,0,1,0,1,0,0,1,0,1,0,0,0,0,0,0,0,0,0
板蓝根,1,0,0,0,0,0,0,0,1,0,0,0,0,0,1,0,0,1,0,0,0,0,0,0
红粉,0,0,0,0,1,1,0,0,0,0,0,0,0,0,0,0,0,0,0,0,0,0,0,0
芸薹子,0,0,1,0,0,1,0,1,0,0,0,0,0,1,1,0,0,0,0,0,0,0,0,0
荠苨,1,0,0,0,0,0,0,1,0,0,0,0,1,0,0,0,1,0,0,0,0,0,0,0
桑耳,0,0,1,0,0,0,0,1,0,0,0,0,0,0,1,0,1,0,0,0,0,0,0,0
泽漆,1,0,0,0,0,1,0,0,1,0,0,0,1,0,0,0,1,0,1,1,0,0,0,0
海鳗,0,0,0,1,0,0,0,1,0,0,0,0,1,1,1,0,0,0,0,0,0,0,0,0
紫荆皮,0,0,1,0,0,0,0,0,1,0,0,0,0,0,1,0,1,0,0,0,0,0,0,0
无名异,1,0,1,0,0,0,0,1,0,1,0,0,0,1,1,0,0,0,0,0,0,0,0,0
鱼鳔,0,0,1,0,0,0,0,1,0,0,0,0,0,1,1,0,0,0,0,0,0,0,0,0
红木香,0,0,0,1,0,1,0,0,1,0,0,0,0,0,1,0,1,1,0,0,0,0,0,0
槐白皮,0,0,1,0,0,0,0,0,1,0,0,0,1,0,1,1,0,0,1,0,0,0,0,0
苏合香,0,0,0,1,0,1,0,1,0,0,0,0,1,0,1,0,1,1,0,0,0,0,0,0
藕,1,0,0,0,0,0,0,1,0,0,0,0,1,0,1,1,1,1,0,0,0,0,0,0
白果,0,0,1,0,0,0,0,1,1,0,1,0,1,1,0,0,0,0,0,0,0,0,0,0
铁,0,1,0,0,0,1,0,0,0,0,0,0,0,1,1,1,0,0,0,0,0,0,0,0
姜炭,0,0,0,1,0,1,0,0,1,0,1,0,0,1,1,0,1,0,0,0,0,0,0,0
土贝母,0,1,0,0,0,0,0,0,1,0,0,0,1,0,0,0,1,0,0,0,0,0,0,0
败酱,1,0,0,0,0,1,0,0,1,0,0,0,0,0,1,0,0,0,1,0,0,0,0,0
鲜地黄,1,0,0,0,0,0,0,1,1,0,0,0,0,1,1,1,0,0,0,0,0,0,0,0
铁精,0,0,1,0,0,1,0,0,1,0,0,0,0,0,1,1,0,0,0,0,0,0,0,0
桑椹子,1,0,0,0,0,0,1,1,0,0,0,0,0,1,1,0,0,0,0,0,0,0,0,0
豨莶,1,0,0,0,0,1,0,0,1,0,0,0,0,1,1,0,0,0,0,0,0,0,0,0
蝼蛄,1,0,0,0,0,0,0,0,0,1,0,0,0,0,0,0,0,0,1,1,1,0,0,0
礜石,0,0,0,0,1,1,0,1,0,0,0,0,1,0,0,0,1,0,0,0,0,0,0,0
木耳,0,0,1,0,0,0,0,1,0,0,0,0,1,1,1,0,1,1,1,0,0,0,0,0
西洋参,1,0,0,0,0,0,0,1,1,0,0,0,1,1,0,1,0,1,0,0,0,0,0,0
大豆黄卷,0,0,1,0,0,0,0,1,0,0,0,0,0,0,1,0,1,1,0,0,0,0,0,0
陆英,0,0,1,0,0,0,0,1,1,0,0,0,0,0,0,0,0,0,0,0,0,0,0,0
曾青,1,0,0,0,0,0,1,0,0,0,0,0,0,0,1,0,0,0,0,0,0,0,0,0
紫贝,0,0,1,0,0,0,0,0,0,1,0,0,0,0,1,1,0,0,0,0,0,0,0,0
猪肾,0,0,1,0,0,0,0,0,0,1,0,0,0,1,1,0,0,0,0,0,0,0,0,0
人乳汁,0,0,1,0,0,0,0,1,0,1,0,0,1,0,0,1,0,1,0,0,0,0,0,0
秫米,1,0,0,0,0,0,0,1,0,0,0,0,1,0,0,0,0,1,1,0,0,0,0,0
海风藤,0,0,0,1,0,1,0,0,1,0,0,0,0,1,0,1,0,0,0,0,0,0,0,0
浮海石,1,0,0,0,0,0,0,0,0,1,0,0,1,1,0,0,0,0,0,0,0,0,0,0
蛴螬,0,0,0,1,0,0,0,0,0,1,0,0,0,0,1,0,0,0,0,0,0,0,0,0
荔枝核,0,0,0,1,0,0,0,1,1,0,0,0,0,1,1,0,1,0,0,0,0,0,0,0
萹蓄,1,0,0,0,0,0,0,0,1,0,0,0,0,0,0,0,0,0,1,0,1,0,0,0
石龙芮,1,0,0,0,0,1,0,0,1,0,0,0,1,0,0,1,0,0,0,0,0,0,0,0
牛胆,1,0,0,0,0,0,0,0,1,0,0,0,1,0,1,0,0,0,0,0,0,1,0,0
猪肚,0,0,0,1,0,0,0,1,0,0,0,0,0,0,0,0,1,1,0,0,0,0,0,0
北沙参,0,1,0,0,0,0,0,1,0,0,0,0,1,0,0,0,0,1,0,0,0,0,0,0
棘针,1,0,0,0,0,1,0,0,0,0,0,0,0,0,1,1,0,0,0,0,0,0,0,0
花蕊石,0,0,1,0,0,0,1,0,0,0,1,0,0,0,1,0,0,0,0,0,0,0,0,0
马蔺花,1,0,0,0,0,1,0,1,1,0,0,0,1,0,1,0,1,1,0,0,0,0,0,0
石见穿,1,0,0,0,0,1,0,0,1,0,0,0,0,0,1,0,1,0,0,0,0,0,0,0
饴糖,0,0,0,1,0,0,0,1,0,0,0,0,1,0,0,0,1,1,0,0,0,0,0,0
蔷薇根,0,1,0,0,0,0,0,0,1,0,1,0,0,1,0,0,1,1,0,0,0,0,0,0
水牛角,1,0,0,0,0,0,0,0,1,1,0,0,0,0,1,1,0,0,0,0,0,0,0,0
鸡冠花,0,1,0,0,0,0,0,1,0,0,0,0,0,1,1,0,0,0,0,0,0,0,0,0
红大戟,1,0,0,0,0,0,0,0,1,0,0,0,1,1,0,0,1,0,0,0,0,0,0,0
蛤壳,1,0,0,0,0,0,0,0,0,1,0,0,1,1,0,0,0,1,0,0,0,0,0,0
秋石,1,0,0,0,0,0,0,0,0,1,0,0,1,1,0,0,0,0,0,0,0,0,0,0
紫梢花,0,0,0,1,0,0,0,1,0,0,0,0,0,1,0,0,0,0,0,0,0,0,0,0
赤沙糖,0,0,0,1,0,0,0,1,0,0,0,0,0,0,1,0,1,1,0,0,0,0,0,0
松萝,0,0,1,0,0,0,0,1,1,0,0,0,1,1,0,1,0,0,0,0,0,0,0,0
牡鼠粪,1,0,0,0,0,0,0,0,1,1,0,0,1,1,1,0,0,1,1,0,0,0,0,0
浮石,1,0,0,0,0,0,0,0,0,1,0,0,1,1,1,0,0,0,1,0,0,0,0,0
牛乳,1,0,0,0,0,0,0,1,0,0,0,0,1,0,0,1,0,1,0,0,0,0,0,0
丝瓜,0,1,0,0,0,0,0,1,0,0,0,0,1,0,1,0,0,1,1,0,0,0,0,0
柿霜,0,1,0,0,0,0,0,1,0,0,0,0,1,0,0,1,0,1,0,0,0,0,0,0
鹅管石,0,0,0,1,0,0,0,1,0,1,0,0,1,1,0,0,0,1,0,0,0,0,0,0
鲤鱼,0,0,1,0,0,0,0,1,0,0,0,0,0,1,0,0,1,1,0,0,0,1,0,0
玳瑁,1,0,0,0,0,0,0,1,0,1,0,0,0,0,1,1,0,0,0,0,0,0,0,0
地胆,0,0,0,1,0,1,0,0,0,0,0,0,1,0,0,0,0,0,0,0,0,0,0,0
天仙藤,0,0,0,1,0,0,0,0,1,0,0,0,0,1,1,0,1,0,0,0,0,0,0,0
木蓝,1,0,0,0,0,0,0,0,1,0,0,0,0,0,0,0,0,0,0,0,0,0,0,0
络石藤,1,0,0,0,0,1,0,0,1,0,0,0,0,1,1,1,0,0,0,0,0,0,0,0
仙茅,0,0,0,1,0,1,0,0,0,0,0,0,0,1,1,0,0,0,0,0,0,0,0,0
羊肝,0,1,0,0,0,0,0,1,1,0,0,0,0,0,1,0,0,0,0,0,0,0,0,0
藤黄,0,1,0,0,0,0,1,0,0,0,1,0,0,0,0,0,0,0,0,0,0,0,0,0
柿蒂,0,0,1,0,0,0,0,0,1,0,1,0,0,0,0,0,0,1,0,0,0,0,0,0
广藿香,0,0,0,1,0,1,0,0,0,0,0,0,1,0,0,0,1,1,0,0,0,0,0,0
樗白皮,1,0,0,0,0,0,0,0,1,0,1,0,1,0,1,1,1,1,1,0,0,0,0,0
獭肝,0,0,0,1,0,0,0,1,0,1,0,0,1,1,1,0,0,0,0,0,0,0,0,0
芫青,0,0,0,1,0,1,0,0,0,0,0,0,0,0,0,0,0,0,0,0,0,0,0,0
紫葛,1,0,0,0,0,0,0,1,1,0,0,0,0,0,0,0,0,0,0,0,0,0,0,0
大叶藻,1,0,0,0,0,0,0,0,0,1,0,0,0,0,0,0,0,0,0,0,1,0,0,0
葛花,0,1,0,0,0,0,0,1,0,0,0,0,0,0,0,0,0,1,0,0,0,0,0,0
桃茎白皮,0,0,1,0,0,0,0,0,1,0,0,0,1,0,0,0,1,0,0,0,0,0,0,0
牛蒡根,0,1,0,0,0,0,0,1,1,0,0,0,1,0,0,1,0,0,0,0,0,0,0,0
芥子,0,0,0,0,1,1,0,0,0,0,0,0,1,0,0,0,0,1,0,0,0,0,0,0
棕榈炭,0,0,1,0,0,0,0,0,1,0,1,0,1,0,1,0,0,0,1,0,0,0,0,0
五谷虫,1,0,0,0,0,0,0,1,0,1,0,0,0,0,0,0,1,1,0,0,0,0,0,0
井泉石,1,0,0,0,0,0,0,0,0,0,0,0,0,0,0,0,0,0,0,0,0,0,0,0
牛角（角思）,0,0,0,1,0,0,0,0,1,0,0,0,0,1,1,0,0,0,0,0,0,0,0,0
马鞭草,1,0,0,0,0,1,0,0,1,0,0,0,0,0,1,0,1,0,0,0,0,0,0,0
猪肝,0,0,0,1,0,0,0,1,1,0,0,0,0,0,1,0,1,1,0,0,0,0,0,0
苦竹叶,1,0,0,0,0,0,0,0,1,0,0,0,0,0,1,1,0,0,0,0,0,0,0,0
小血藤,0,0,0,1,0,1,0,0,0,0,0,0,0,0,0,0,0,0,0,0,0,0,0,0
雪里见,0,0,0,1,0,1,0,0,0,0,0,0,0,1,0,0,0,0,0,0,0,0,0,0
乌头附子尖,0,0,0,0,1,1,0,0,0,0,0,0,1,0,1,0,0,1,0,0,0,0,0,0
蟾头,0,1,0,0,0,1,0,0,1,0,0,0,0,0,0,0,1,1,0,0,0,0,0,0
佩兰,0,0,1,0,0,1,0,0,0,0,0,0,0,0,0,0,1,1,0,0,0,0,0,0
羊骨,0,0,0,1,0,0,0,1,0,0,0,0,0,1,0,0,0,0,0,0,0,0,0,0
蚌粉,1,0,0,0,0,0,0,0,0,1,0,0,1,0,1,0,0,1,0,0,0,0,0,0
蜘蛛,1,0,0,0,0,0,0,0,1,0,0,0,0,0,1,0,0,0,0,0,0,0,0,0
不灰木,1,0,0,0,0,0,0,1,0,0,0,0,1,0,0,0,0,0,0,0,1,0,0,0
松叶,0,0,0,1,0,0,0,0,1,0,0,0,0,0,0,1,1,0,0,0,0,0,0,0
蛇含,0,1,0,0,0,1,0,0,1,0,0,0,1,0,0,1,0,0,0,0,0,0,0,0
柏根白皮,0,0,1,0,0,0,0,0,1,0,0,0,0,0,0,0,0,0,0,0,0,0,0,0
藏羚角,0,1,0,0,0,0,0,0,0,1,0,0,0,0,1,0,0,1,0,0,0,0,0,0
白药子,0,1,0,0,0,1,0,0,1,0,0,0,1,1,0,0,1,0,0,0,0,0,0,0
金钟茵陈,0,1,0,0,0,0,0,0,1,0,0,0,0,0,0,0,0,0,0,0,0,0,0,0
红豆蔻,0,0,0,1,0,1,0,0,0,0,0,0,1,0,0,0,1,0,0,0,0,0,0,0
梅花,0,1,0,0,0,0,1,1,1,0,0,0,1,0,1,0,0,1,0,0,0,0,0,0
木防己,1,0,0,0,0,1,0,0,1,0,0,0,1,1,0,0,1,0,0,0,1,0,0,0
乌骨鸡,0,0,1,0,0,0,0,1,0,0,0,0,1,1,1,0,0,0,0,0,0,0,0,0
鸡血藤,0,0,0,1,0,0,0,1,1,0,0,0,0,0,0,1,1,0,0,0,0,0,0,0
寒食面,0,0,0,0,0,0,0,0,0,0,0,0,0,0,0,0,0,0,0,0,0,0,0,0
红娘子,0,0,1,0,0,1,0,0,1,0,0,0,0,0,1,1,0,0,0,0,0,1,0,0
煨姜,0,0,0,1,0,1,0,0,0,0,0,0,0,0,0,0,1,1,0,0,0,0,0,0
蚺蛇胆,1,0,0,0,0,0,0,1,0,0,0,0,0,0,1,0,1,0,0,0,0,0,0,0
桃花,0,0,1,0,0,0,0,0,1,0,0,0,0,0,1,1,0,0,1,0,0,0,0,0
苎麻根,1,0,0,0,0,0,0,1,0,0,0,0,0,0,1,1,0,0,0,0,1,0,0,0
黄矾,1,0,0,0,0,0,1,0,0,1,1,0,0,0,1,0,0,0,1,0,0,0,0,0
空青,1,0,0,0,0,0,1,1,0,0,0,0,0,0,1,0,0,0,0,0,0,0,0,0
雀,0,0,0,1,0,0,0,1,0,0,0,0,1,1,0,0,0,0,0,0,1,0,0,0
猪胰,0,0,1,0,0,0,0,1,0,0,0,0,1,0,0,0,1,0,1,0,0,0,0,0
浮小麦,0,1,0,0,0,0,0,1,0,0,0,0,0,0,0,1,0,0,0,0,0,0,0,0
桂皮,0,0,0,1,0,1,0,1,0,0,0,0,0,1,1,0,1,1,0,0,0,0,0,0
莲房,0,0,1,0,0,0,0,0,1,0,1,0,0,0,1,0,1,0,0,0,0,0,0,0
海狗肾,0,0,0,0,1,0,0,0,0,1,0,0,0,1,1,0,0,0,0,0,0,0,0,0
透骨草,0,0,0,1,0,1,0,0,0,0,0,0,1,0,1,0,0,0,0,0,0,0,0,0
海马,0,0,0,1,0,0,0,1,0,1,0,0,0,1,1,0,0,0,0,0,0,0,0,0
猪蹄,0,0,1,0,0,0,0,1,0,1,0,0,0,0,0,0,0,1,0,0,0,0,0,0
急性子,0,0,0,1,0,1,0,0,1,0,0,0,1,1,1,0,0,0,0,0,0,0,0,0
海松子,0,0,0,1,0,0,0,1,0,0,0,0,1,0,1,0,0,0,1,0,0,0,0,0
橄榄,0,0,1,0,0,0,1,1,0,0,1,0,1,0,1,0,1,1,0,0,0,0,0,0
牡荆子,0,0,0,1,0,1,0,0,1,0,0,0,1,0,0,0,0,0,1,0,0,0,0,0
橘叶,0,0,1,0,0,1,0,0,1,0,0,0,0,0,1,0,0,0,0,0,0,0,0,0
茄根,1,0,0,0,0,1,0,1,0,0,0,0,0,0,0,0,0,0,0,0,0,0,0,0
荞麦,1,0,0,0,0,0,1,1,0,0,0,0,0,0,0,0,1,1,1,0,0,0,0,0
野菊花,0,0,1,0,0,1,0,0,1,0,0,0,1,0,1,0,0,0,0,0,0,0,0,0
水红花子,0,1,0,0,0,0,0,0,0,1,0,0,0,0,1,0,1,0,0,0,0,0,0,0
羊脂,0,0,0,1,0,0,0,1,0,0,0,0,0,1,0,1,1,0,0,0,0,0,0,0
鹅不食草,0,0,0,1,0,1,0,0,0,0,0,0,1,0,1,0,0,0,0,0,0,0,0,0
珊瑚,0,0,1,0,0,0,0,1,0,0,0,0,0,0,0,0,0,0,0,0,0,0,0,0
肥皂荚,0,0,0,1,0,1,0,0,0,0,0,0,1,0,0,0,0,0,1,0,0,0,0,0
胡桐泪,1,0,0,0,0,0,0,0,1,1,0,0,1,0,0,0,0,1,0,0,0,0,0,0
鲤鱼胆,1,0,0,0,0,0,0,0,1,0,0,0,0,0,1,1,0,0,0,0,0,0,0,0
乌鸦,0,0,1,0,0,0,1,0,0,0,1,0,1,1,1,0,0,0,0,0,0,0,0,0
石龙子,1,0,0,0,0,0,0,0,0,1,0,0,0,0,0,0,0,0,0,0,0,0,0,0
大麦,0,1,0,0,0,0,0,1,0,0,0,0,0,1,0,0,1,0,0,0,0,0,0,0
驴肉,0,0,1,0,0,0,1,1,0,0,0,0,0,0,1,1,0,0,0,0,0,0,0,0
玉,0,0,1,0,0,0,0,1,0,0,0,0,1,0,0,1,0,1,0,0,0,0,0,0
望月砂,1,0,0,0,0,1,0,0,0,0,0,0,1,0,1,0,0,0,0,0,0,0,0,0
冬葵根,1,0,0,0,0,0,0,1,0,0,0,0,0,0,0,0,1,0,0,0,1,0,0,0
石碱,1,0,0,1,0,1,0,0,1,1,1,0,0,0,0,0,0,1,1,0,0,0,0,0
蚤休,1,0,0,0,0,0,0,0,1,0,0,0,0,0,1,0,0,0,0,0,0,0,0,0
小草,0,0,1,0,0,1,0,0,1,0,0,0,0,1,0,1,0,0,0,0,0,0,0,0
女萎,0,0,0,1,0,1,0,0,0,0,0,0,0,0,1,0,1,0,1,0,0,0,0,0
田螺,1,0,0,0,0,0,0,1,0,1,0,0,0,0,1,0,1,0,0,0,1,0,0,0
冰糖,0,0,1,0,0,0,0,1,0,0,0,0,1,0,0,0,1,0,0,0,0,0,0,0
丝带蕨,0,1,0,0,0,0,0,1,0,0,0,0,0,1,1,0,0,0,0,0,0,0,0,0
猕猴骨,0,0,1,0,0,0,1,0,0,0,0,0,0,0,1,1,0,0,0,0,0,0,0,0
佛手柑,0,0,0,1,0,1,0,0,1,0,0,0,1,0,1,0,1,1,0,0,0,0,0,0
青蒿子,0,1,0,0,0,0,0,1,0,0,0,0,0,0,0,0,0,0,0,0,0,0,0,0
狗胆,1,0,0,0,0,0,0,0,1,0,0,0,0,0,1,0,0,0,0,0,0,0,0,0
白贝,0,1,0,0,0,0,0,0,0,1,0,0,0,0,1,0,0,0,0,0,1,0,0,0
蚕退纸,0,0,1,0,0,0,0,1,0,0,0,0,0,0,1,1,0,0,0,0,0,0,0,0
猪蹄甲,1,0,0,0,0,0,0,0,0,1,0,0,0,0,0,0,0,1,1,0,0,0,0,0
鸦片,0,0,0,1,0,0,0,0,1,0,0,0,1,1,0,0,0,0,1,0,0,0,0,0
蜗牛壳,0,0,0,0,0,0,0,0,0,0,0,0,0,0,0,0,0,0,0,0,0,0,0,0
枫香树叶,0,0,1,0,0,1,0,0,1,0,0,0,0,1,1,0,1,0,0,0,0,0,0,0
鲤鱼鳞,1,0,0,0,0,0,0,1,0,1,0,0,1,0,1,0,1,0,0,0,0,0,0,0
芜菁子,1,0,0,0,0,1,0,0,1,0,0,0,1,0,1,0,1,0,1,0,0,0,0,0
鹅肉,0,0,1,0,0,0,0,1,0,0,0,0,1,0,1,0,1,0,0,0,0,0,0,0
香橼,0,0,0,1,0,1,1,0,1,0,0,0,1,0,1,0,1,0,0,0,0,0,0,0
水龙骨,0,1,0,0,0,0,0,0,1,0,0,0,1,0,1,1,0,0,0,0,0,0,0,0
海粉,1,0,0,0,0,0,0,1,0,1,0,0,1,1,0,0,0,0,0,0,0,0,0,0
白垩,0,0,0,1,0,0,0,0,1,0,0,0,1,1,0,0,1,0,0,0,0,0,0,0
榼藤子,0,0,1,0,0,0,0,1,0,0,1,0,0,0,1,0,0,1,1,0,0,0,0,0
人指甲,0,0,1,0,0,0,0,1,0,1,0,0,0,0,0,0,0,0,0,0,0,0,0,0
铅灰,1,0,0,0,0,0,0,1,1,0,0,0,0,1,1,0,0,0,0,0,0,0,0,0
猫肉,0,0,0,1,0,0,1,1,0,0,0,0,0,0,1,0,1,0,0,0,0,0,0,0
鸡子白,0,1,0,0,0,0,0,1,0,0,0,0,1,0,0,0,1,0,0,0,0,0,0,0
管仲,1,0,0,0,0,0,0,0,1,0,1,0,0,0,0,0,1,0,1,0,0,0,0,0
小萹蓄,0,1,0,0,0,0,0,0,1,0,0,0,0,0,1,0,0,0,1,0,0,0,0,0
马蔺子,0,0,1,0,0,0,0,1,0,0,0,0,1,0,1,0,1,1,0,0,0,0,0,0
徐长卿,0,0,0,1,0,1,0,0,0,0,0,0,0,0,1,0,0,1,0,0,0,0,0,0
桐油,1,0,0,0,0,1,0,1,0,0,0,0,0,0,0,0,0,0,0,0,0,0,0,0
苦楝子,1,0,0,0,0,0,0,0,1,0,0,0,0,0,1,0,0,1,0,0,0,0,0,0
薄荷脑,0,1,0,0,0,1,0,0,0,0,0,0,0,0,0,0,0,0,0,0,0,0,0,0
陆英根,0,0,1,0,0,0,1,1,0,0,0,0,0,0,0,0,0,0,0,0,0,0,0,0
橘,0,0,1,0,0,0,1,1,0,0,0,0,1,0,0,0,0,1,0,0,0,0,0,0
鼠曲草,0,0,1,0,0,0,1,1,0,0,0,0,1,0,0,0,0,0,0,0,0,0,0,0
鼠妇,0,1,0,0,0,0,1,0,0,1,0,0,0,1,1,0,0,0,0,0,0,0,0,0
石蟹,1,0,0,0,0,0,0,0,0,1,0,0,0,1,1,0,0,1,0,0,1,1,0,0
红花子,0,0,0,0,0,0,0,0,0,0,0,0,0,0,0,0,0,0,0,0,0,0,0,0
冬瓜,1,0,0,0,0,0,0,1,0,0,0,1,1,0,0,0,0,0,0,1,1,0,0,0
瓦楞子,0,0,1,0,0,0,0,1,0,1,0,0,0,0,1,0,1,1,0,0,0,0,0,0
鸡头,0,0,0,1,0,0,0,1,0,0,0,0,0,1,1,0,0,0,0,0,0,0,0,0
蘘荷,0,0,0,1,0,1,0,0,0,0,0,0,1,0,1,0,0,0,0,0,0,0,0,0
香茅,0,0,0,1,0,1,0,1,0,0,0,0,0,0,0,0,0,0,0,0,0,0,0,0
羊胆,1,0,0,0,0,0,0,0,1,0,0,0,0,0,1,0,0,0,0,0,0,1,0,0
甘蓝,0,0,1,0,0,0,0,1,0,0,0,0,0,1,0,0,0,1,0,0,0,0,0,0
榧子,0,0,1,0,0,0,0,1,0,0,1,0,1,0,0,0,0,1,1,0,0,0,0,0
木天蓼,0,0,0,1,0,1,0,0,0,0,0,0,0,1,1,0,0,0,0,0,0,0,0,0
黑骨头,0,0,0,1,0,1,0,1,0,0,0,0,0,0,0,0,0,0,0,0,0,0,0,0
条参,0,0,0,1,0,0,0,1,1,0,0,0,0,0,0,0,0,0,0,0,0,0,0,0
羊蹄,1,0,0,0,0,0,0,0,1,0,0,0,0,0,1,1,0,0,1,0,0,0,0,0
罗勒,0,0,0,1,0,1,0,1,0,0,0,0,1,0,0,0,1,1,1,0,0,0,0,0
黄蜀葵花,0,1,0,0,0,1,0,1,0,0,0,0,0,1,0,1,0,0,0,0,1,0,0,0
黄皮,0,0,0,1,0,1,0,0,1,0,0,0,0,0,0,0,0,0,0,0,0,0,0,0
小青,0,0,1,0,0,1,0,0,1,0,0,0,0,0,0,0,0,0,0,0,0,0,0,0
灵砂,0,0,0,1,0,0,0,1,0,0,0,0,0,0,0,1,0,1,0,0,0,0,0,0
菝葜,0,0,1,0,0,0,1,1,0,0,0,0,0,1,1,0,0,0,0,0,0,0,0,0
向日葵子,0,0,1,0,0,0,0,1,0,0,0,0,0,0,0,0,0,0,0,0,0,0,0,0
葛粉,1,0,0,0,0,0,0,1,0,0,0,0,0,0,0,0,0,1,0,0,0,0,0,0
紫檀,0,0,1,0,0,0,0,0,0,1,0,0,0,0,1,0,0,0,0,0,0,0,0,0
雷公藤,0,0,0,0,0,1,0,0,1,0,0,0,0,0,1,1,0,0,0,0,0,0,0,0
石莲子,1,0,0,0,0,0,0,1,1,0,1,0,1,0,0,1,1,1,0,0,0,0,0,0
蓝实,1,0,0,0,0,0,0,1,1,0,0,0,0,0,1,0,0,0,0,0,0,0,0,0
鸡子黄,0,0,1,0,0,0,0,1,0,0,0,0,0,1,0,1,1,0,0,0,0,0,0,0
蝙蝠,0,0,1,0,0,0,0,0,0,1,0,0,0,0,1,0,0,0,0,0,0,0,0,0
锡,1,0,0,0,0,0,0,1,0,0,0,0,0,0,0,0,0,0,0,0,0,0,0,0
绿盐,0,0,1,0,0,1,0,0,1,1,0,0,0,0,1,0,0,0,0,0,0,0,0,0
桃胶,0,0,1,0,0,0,0,1,1,0,0,0,0,0,0,0,0,0,1,0,1,0,0,0
鸡子壳,0,0,1,0,0,0,0,0,0,0,0,1,0,1,0,0,0,1,0,0,0,0,0,0
麋角,0,0,0,1,0,0,0,1,0,0,0,0,0,1,0,0,0,0,0,0,0,0,0,0
栝楼皮,1,0,0,0,0,0,0,1,1,0,0,0,1,0,0,0,0,1,0,0,0,0,0,0
蚕蜕,0,0,1,0,0,0,0,1,0,0,0,0,0,0,1,1,0,0,0,0,0,0,0,0
番红花,0,0,1,0,0,0,0,1,0,0,0,0,0,0,1,1,0,0,0,0,0,0,0,0
莲花,0,0,1,0,0,0,0,1,1,0,0,0,0,0,1,1,0,0,0,0,0,0,0,0
闾茹,0,0,0,0,0,0,1,0,0,1,0,0,0,0,0,0,0,0,0,0,0,0,0,0
青鱼胆,1,0,0,0,0,0,0,0,1,0,0,0,0,0,1,0,0,0,0,0,0,1,0,0
水蓼,0,0,1,0,0,1,0,0,1,0,0,0,0,0,0,0,1,1,1,0,0,0,0,0
土荆皮,0,0,0,0,0,0,0,0,0,0,0,0,0,0,0,0,0,0,0,0,0,0,0,0
拳参,1,0,0,0,0,0,0,0,1,0,0,0,0,0,0,0,0,0,0,0,0,0,0,0
兔肝,1,0,0,0,0,0,0,1,1,1,0,0,0,0,1,0,0,0,0,0,0,0,0,0
羊髓,0,0,1,0,0,0,0,1,0,0,0,0,1,1,1,0,0,0,0,0,0,0,0,0
三叶海棠,0,0,0,1,0,0,1,0,0,0,0,0,0,0,0,0,1,1,0,0,0,0,0,0
酸石榴,0,0,0,1,0,0,1,0,0,0,0,0,0,0,0,0,0,0,0,0,0,0,0,0
木槿皮,1,0,0,0,0,0,0,1,1,0,0,0,1,0,1,1,1,1,1,0,0,0,0,0
鳗鲡鱼,0,0,1,0,0,0,0,1,0,0,0,0,1,1,0,0,1,0,0,0,0,0,0,0
甜石榴,0,0,0,1,0,0,1,1,0,0,1,0,0,0,0,0,0,0,0,0,0,0,0,0
黍米,0,0,0,1,0,0,0,1,0,0,0,0,1,0,0,0,1,1,1,0,0,0,0,0
南藤,0,0,0,1,0,1,0,1,0,0,0,0,0,0,1,0,1,0,0,1,0,0,0,0
百眼藤,0,1,0,0,0,0,0,1,0,0,0,0,1,0,0,0,0,0,0,0,0,0,0,0
橄榄核,0,0,0,1,0,0,0,1,0,0,1,0,0,0,1,0,0,1,1,0,0,0,0,0
绿豆皮,1,0,0,0,0,0,0,1,0,0,0,0,1,0,1,0,0,0,0,0,0,0,0,0
松花,0,0,0,1,0,0,0,1,0,0,0,0,0,0,1,0,0,1,0,0,0,0,0,0
柿饼,0,0,1,1,0,0,0,1,0,0,0,0,0,0,0,0,0,0,0,0,0,0,0,0
石榴根,0,0,0,1,0,0,1,0,0,0,1,0,0,0,0,0,0,0,0,0,0,0,0,0
槐耳,0,0,1,0,0,1,0,0,1,0,0,0,0,0,1,0,1,0,1,0,0,0,0,0
栗子,0,0,1,0,0,0,0,1,0,1,0,0,0,1,0,0,1,0,0,0,0,0,0,0
壁虎,1,0,0,0,0,0,0,0,0,1,0,0,0,0,1,0,0,0,0,0,0,0,0,0
天名精,1,0,0,0,0,1,0,0,1,0,0,0,1,0,0,0,0,0,0,0,0,0,0,0
马齿,0,0,1,0,0,0,0,1,0,0,0,0,0,0,0,1,1,0,0,0,0,0,0,0
金精石,1,0,0,0,0,0,0,0,0,1,0,0,0,1,1,1,0,0,0,0,0,0,0,0
峨参,0,0,0,1,0,1,0,1,0,0,0,0,1,0,0,0,0,1,0,0,0,0,0,0
西瓜霜,1,0,0,0,0,0,0,0,0,1,0,0,1,0,0,0,1,0,0,0,0,0,0,0
景天,1,0,0,0,0,0,1,0,1,0,0,0,0,1,1,1,0,0,1,0,0,0,0,0
木蝴蝶,1,0,0,0,0,0,0,1,1,0,0,0,1,0,1,0,0,1,0,0,0,0,0,0
柳根,1,0,0,0,0,0,0,0,1,0,0,0,0,0,0,0,0,0,0,0,0,0,0,0
葱汁,0,0,0,1,0,1,0,0,0,0,0,0,0,0,1,0,0,0,0,0,0,0,0,0
李根皮,1,0,0,0,0,0,0,0,1,1,0,0,0,0,1,1,1,0,0,0,0,0,0,0
桑柴灰,1,0,0,0,0,1,0,0,0,0,0,0,0,0,0,0,0,0,0,0,0,0,0,0
蕨,1,0,0,0,0,0,0,1,0,0,0,0,0,0,1,0,1,1,1,0,0,0,0,0
柽柳,0,0,1,0,0,1,0,1,0,0,0,0,1,0,0,1,0,1,0,0,0,0,0,0
凤凰衣,0,0,1,0,0,0,0,1,0,0,0,1,1,0,0,0,1,1,0,0,0,0,0,0
杉木节,0,0,0,1,0,1,0,0,0,0,0,0,0,0,0,0,0,0,0,0,0,0,0,0
枸杞叶,0,1,0,0,0,0,0,1,1,0,0,0,0,1,1,0,1,0,0,0,0,0,0,0
珍珠母,1,0,0,0,0,0,0,1,0,1,0,0,0,0,1,1,0,0,0,0,0,0,0,0
酒糟,0,0,0,1,0,1,0,1,0,0,0,0,0,1,1,0,0,1,0,0,0,0,0,0
桃叶,0,0,1,0,0,1,0,0,1,0,0,0,0,1,0,0,1,0,0,0,0,0,0,0
碧桃干,0,0,1,0,0,0,1,0,1,0,0,0,1,0,1,0,0,0,0,0,0,0,0,0
