Model,Display_model,Type,Dataset,P@5,R@5,F1@5,P@10,R@10,F1@10,P@20,R@20,F1@20,Original_reference,Benchmark_source,Comparison_note
LinkLDA,LinkLDA (Erosheva et al. 2004),Topic model,TCM-PD,0.204,0.1393,0.1656,0.1624,0.2187,0.1864,0.1222,0.3278,0.178,"Erosheva et al., PNAS 2004","Dong et al., JAMIA 2024, Table 3; TCM-PD benchmark",Literature-reported TCM-PD benchmark; horizontal comparison only.
BlockLDA,BlockLDA (Balasubramanyan & Cohen 2011),Topic model,TCM-PD,0.213,0.1444,0.1721,0.1691,0.2292,0.1946,0.1256,0.3445,0.1841,"Balasubramanyan & Cohen, SDM 2011","Dong et al., JAMIA 2024, Table 3; TCM-PD benchmark",Literature-reported TCM-PD benchmark; horizontal comparison only.
Link-PLSA-LDA,Link-PLSA-LDA (Nallapati & Cohen 2008),Topic model,TCM-PD,0.2059,0.1432,0.1689,0.1651,0.2264,0.191,0.1238,0.335,0.1808,"Nallapati & Cohen, ICWSM 2008","Dong et al., JAMIA 2024, Table 3; TCM-PD benchmark",Literature-reported TCM-PD benchmark; horizontal comparison only.
PTM,PTM (Yao et al. 2018),Prescription topic model,TCM-PD,0.2121,0.1401,0.1688,0.1698,0.2221,0.1924,0.1288,0.3364,0.1863,"Yao et al., TKDE 2018","Dong et al., JAMIA 2024, Table 3; TCM-PD benchmark",Literature-reported TCM-PD benchmark; horizontal comparison only.
KDHR,KDHR (Yang et al. 2022),Knowledge-guided GCN HPR,TCM-PD,0.2138,0.151,0.177,0.166,0.2284,0.1922,0.1251,0.3414,0.1832,"Yang et al., Neural Networks 2022","Dong et al., JAMIA 2024, Table 3; TCM-PD benchmark",Literature-reported TCM-PD benchmark; horizontal comparison only.
TCMPR,TCMPR (Dong et al. 2021),Neural HPR,TCM-PD,0.1833,0.1338,0.1547,0.1447,0.2127,0.1722,0.1151,0.3351,0.1713,"Dong et al., BIBM 2021","Dong et al., JAMIA 2024, Table 3; TCM-PD benchmark",Literature-reported TCM-PD benchmark; horizontal comparison only.
PresRecST,PresRecST (Dong et al. 2024),Syndrome-aware progressive HPR,TCM-PD,0.2238,0.1512,0.1805,0.1749,0.2338,0.2001,0.129,0.3465,0.1879,"Dong et al., JAMIA 2024","Dong et al., JAMIA 2024, Table 3; TCM-PD benchmark",Literature-reported TCM-PD benchmark; horizontal comparison only.
TCM-ES MLP head,"TCM-ES MLP head (Ours, external filtered)",TCM-ES MLP head,TCM-PD external filtered test split,0.27850508624502435,0.20963627557325706,0.22104671368093878,0.22335249889429457,0.3360465567236118,0.24861443190768656,0.1638987173816895,0.4893171813359483,0.23094968813410746,This study,This study,Horizontal comparison. External test records highly similar to main-model training records were removed before evaluation.
TCM-ES ridge head,"TCM-ES ridge head (Ours, external filtered)",TCM-ES ridge head,TCM-PD external filtered test split,0.27881468376824414,0.20957404990458192,0.22130115412556092,0.21996904024767802,0.32891774162585774,0.24454487184054008,0.16200796107916848,0.4791739711209636,0.22786893938529776,This study,This study,Horizontal comparison. External test records highly similar to main-model training records were removed before evaluation.
