syndrome,PC1,PC2,PC3
Stomach Cold,0.6440270182947244,-0.258392135318701,0.5711596261311414
Stomach Cold,1.0625042148958117,-0.404826999935882,-0.0388943480447932
Stomach Cold,1.0619859342540057,0.12125209411611862,-0.161351494365884
Stomach Cold,1.149482295945761,0.01860859924944307,-0.174877774320689
Stomach Cold,1.0355385740676089,0.08345039362537182,-0.22024834823652
Stomach Cold,1.0141254368508985,0.0544686768713006,-0.25975081721876
Stomach Cold,0.9890095095221546,0.03738608077997834,-0.132075522341731
Stomach Cold,0.9520280716023765,0.31335260154683,-0.00924951106234289
Stomach Cold,0.762766585748029,0.102140759263884,-0.555371036135428
Stomach Cold,0.8241712213030182,0.8169800663757472,0.05440457392371457
Stomach Cold,1.1639822725161586,-0.111051301010721,-0.105492070353388
Stomach Cold,0.8778006121355061,0.0051885642570066535,0.16104554498280008
Stomach Cold,1.0481785194903244,0.159425037377885,-0.120935815952132
Stomach Cold,0.967986867686667,0.2379737993288112,-0.25476424731403
Stomach Cold,0.8847893368550227,0.2897368571659478,-0.234522261570112
Stomach Cold,1.047488260554837,0.007007481149556957,-0.0418543111091061
Stomach Cold,0.5845731046460403,-0.202371724251949,0.43531279920188937
Stomach Cold,1.0101229577100765,0.03996984987104846,-0.204373344680894
Stomach Cold,0.3297686517472413,0.1831517503053734,0.7072900535212927
Stomach Cold,0.13155378932487619,0.5640094626008808,0.16578142494587017
Stomach Cold,0.9394825348702878,-0.368926737336393,-0.412723620606302
Stomach Cold,1.0578104766708072,-0.298064060992119,-0.330760209263952
Stomach Cold,0.8090352636612477,-0.719011773599086,-0.314732634515041
Stomach Cold,1.0909910883967668,0.14005655925219912,-0.134683866609129
Stomach Cold,0.5978841517182014,-0.585304345919172,-0.726137766010367
Stomach Cold,0.747621319333394,0.48955706740685334,0.5311253921165104
Stomach Cold,1.0508658871152594,-0.566546058109588,0.02098941432017881
Stomach Cold,1.1112551807988,-0.102139464480656,-0.37847219767968
Stomach Cold,-0.00127694066717848,-0.584297674819599,0.2512476335711352
Stomach Cold,1.1707280660588255,-0.185608409639769,-0.0292253781489117
Stomach Cold,0.7803114562027511,0.21761441669728915,0.15218727509468433
Stomach Cold,0.009738356125575446,0.6271554003289233,-0.00643233253028716
Stomach Cold,0.912760649999434,-0.347735710962372,-0.261174047244748
Stomach Cold,-0.0088736017330043,0.6424831290479502,0.09525589032107487
Stomach Cold,0.7238336086301767,-0.685995861485407,-0.276334048101752
Stomach Cold,0.0484688741052759,0.42673049239481714,0.9363840374326688
Stomach Cold,0.8791078383504978,-0.292434631364006,0.352131952641848
Stomach Cold,0.5000423474003075,1.0065284189248658,0.35370315853523393
Stomach Cold,1.1569181753918447,-0.402517897194893,-0.216605724461332
Stomach Cold,0.7945586671734907,-0.613326221379142,0.025820009973562003
Stomach Cold,0.6774240278684766,0.43507743485920614,0.20219003841268626
Stomach Cold,0.4913843311288804,0.4672111687947036,0.4940828746622426
Stomach Cold,0.6318229097497436,0.633944000356449,-0.386637107124441
Stomach Cold,0.8436641850830564,-0.114833560527278,-0.599323048601096
Stomach Cold,1.1067358303754986,-0.322943729799461,-0.350165250691697
Stomach Cold,0.5860308895703061,-0.203103028412217,-0.507895114773379
Stomach Cold,0.4782566739398307,-0.319311330781514,-0.180047116882591
Stomach Cold,0.26806177188467856,-0.693799344317657,0.4920647539879999
Stomach Cold,0.6481560826556038,0.09218276703077088,-0.509000089213767
Stomach Cold,1.014893489641073,-0.467349059742346,0.1057213331801741
Stomach Cold,0.9756006033322466,-0.233158535799714,-0.48062575541649
Stomach Cold,-0.162659516713698,0.16782181813865227,0.7046709261503681
Stomach Cold,-0.19687304325325,0.14541005829971582,0.6717499812037728
Stomach Cold,0.7280488103288426,-1.02609326021068,0.10850135073316373
Stomach Cold,0.7193874118212982,-0.710275260370398,-0.322596413892782
Stomach Cold,1.0036227158326498,-0.066472270861364,-0.339064245386482
Stomach Cold,0.9226903426087172,-0.518895103676372,-0.272840522777709
Stomach Cold,1.1012699521521072,-0.576873208963864,-0.0245780251676498
Stomach Cold,0.6780884186752151,-0.626985513486771,-0.444774280079297
Stomach Cold,0.8455617103953472,0.04723124566876164,-0.179316478885019
Stomach Cold,1.1160234229821384,0.22208685145057283,-0.0747719624749799
Stomach Cold,1.0470468030094018,0.09829357106440026,-0.211333548459943
Stomach Cold,0.7647519751529135,0.5745987000913951,-0.0965434836427525
Stomach Cold,0.5484699758028974,0.8962965388051688,0.4581346315734471
Stomach Cold,1.0531067032530343,-0.391127436308247,0.0705586359103442
Stomach Cold,0.6154893441196787,0.017480854080576393,-0.522134596128592
Stomach Cold,0.6534996395340317,0.1123027333811512,0.46797016043413936
Stomach Cold,0.9312422983949759,-0.334146792966297,-0.340473982213468
Stomach Cold,0.5291299538389195,1.0121919497308987,0.5127383755249901
Stomach Cold,0.8712073373681102,-0.115567465013817,-0.260142803792311
Stomach Cold,1.017066904707324,0.04291894791357032,-0.257723079734558
Stomach Cold,1.0268791544946934,-0.186552018689617,-0.350156338489719
Stomach Cold,-0.274498562209415,-0.178299605657319,-0.146103382156766
Stomach Cold,0.8677845086637411,-0.178847623297706,-0.402882089683036
Stomach Cold,1.2240876000829568,-0.254307876796034,-0.171564446220448
Stomach Cold,0.8435662866339159,-0.496332783743496,-0.453413619761352
Stomach Cold,0.4216144881288587,-0.030517714412975,0.6694876429672743
Stomach Cold,0.4963499582616929,0.9407001587932877,0.5901894495138712
Stomach Cold,0.8154703066023878,0.18071590783582905,-0.142078142941064
Stomach Cold,1.0858158555582744,0.12996135922505248,-0.162135005291265
Stomach Cold,0.8679915461969854,-0.195236649897551,0.5254125013022577
Stomach Cold,0.8381324547083712,0.5261050689463818,0.39121119136573973
Stomach Cold,1.1105827837923807,-0.360440063687885,-0.0394388502870905
Stomach Cold,0.9419110545128674,-0.136443583171124,0.33861209169766093
Stomach Cold,0.9393228877094274,-0.173498625867771,-0.185489043219039
Stomach Cold,0.7153415822028818,-0.873143317754519,-0.0911322209697025
Stomach Cold,0.2836478383289831,1.1944524813434125,0.271733136513467
Stomach Cold,1.0810255832203584,-0.275655516094026,-0.0579441375343839
Stomach Cold,-0.332589129464609,-0.393821529788783,1.202155197344165
Stomach Cold,1.0830037597366895,-0.0378782309843628,-0.13871949950045
Stomach Cold,0.16561155743785533,-0.867998378865669,1.0969517343460848
Stomach Cold,0.7798434490713321,-0.148200665752691,0.12384251409405776
Stomach Cold,0.7636707011514934,-0.203006057208805,0.24154095009623588
Stomach Cold,0.804819840857319,-0.0312685241452399,-0.151505814092121
Stomach Cold,0.9633576550806541,-0.520793664821392,-0.50079717778226
Stomach Cold,0.9091979701296371,-0.567762985378465,-0.347142476841709
Stomach Cold,0.8559028164052644,-0.168422018034141,-0.361297085517458
Stomach Cold,1.1515090217174688,-0.135404773788477,-0.325315860579679
Stomach Cold,0.956056799728692,-0.698594792339058,0.3566552784587655
Stomach Cold,0.7732324772392368,-0.283314693155398,-0.524574186119235
Stomach Cold,1.1259773794770942,-0.0133607925624439,-0.254499280287932
Stomach Cold,0.6937884961840636,0.14771449958911703,0.3673865440583009
Stomach Cold,1.1405208879298583,-0.292824386767811,-0.248261479460047
Stomach Cold,0.7245112786422772,-0.48373015815733,-0.358785210993125
Stomach Cold,0.1840914746309375,0.32396894798871223,-0.219278003827639
Stomach Cold,0.9206492394150317,-0.72271138443277,-0.288981374182106
Stomach Cold,0.6913849212520201,-0.601864364092953,-0.211712428233167
Stomach Cold,0.6965905918826796,0.38041763717130256,0.22872707864917172
Stomach Cold,0.9299525409366401,0.012698279602980311,-0.0216366417615269
Stomach Cold,0.787564808950945,0.39964603736158955,0.004552293409807779
Stomach Cold,0.9319286223526777,-0.575697514231873,0.2511159188885326
Stomach Cold,1.067975698475277,0.09609515843559928,-0.120884863009253
Stomach Cold,1.0835584121527915,-0.135613388513077,-0.371555716995271
Stomach Cold,0.5266398958479731,0.5673157750485699,0.006744853212017895
Stomach Cold,0.8827158835544029,-0.529733607509732,-0.419778067710506
Stomach Cold,0.38395938411304076,0.8605678934741916,0.4154129966738932
Stomach Cold,0.7875768123199177,0.6335388495673162,0.005783091533174252
Stomach Cold,1.0136813999891545,-0.15703406446048,-0.281503181822815
Stomach Cold,0.6953105774951519,0.5848855167031771,-0.360684139607097
Stomach Cold,0.4674129202555836,-0.443156534229703,-0.717958937678135
Stomach Cold,0.8759775076644287,0.13906278320956705,-0.274874550304576
Stomach Cold,0.8399528802560795,-0.335800954019238,-0.443029429329645
Stomach Cold,1.007887886896336,-0.461071401278706,0.05540761258127556
Stomach Cold,1.067975698475277,0.09609515843559928,-0.120884863009253
Stomach Cold,1.0762988899679038,0.13751002519461406,-0.150363375862082
Stomach Cold,0.8831378646090449,0.3367364183185531,-0.358861302977532
Stomach Cold,0.18328504296757311,-0.275419568744896,0.9274059747898075
Stomach Cold,1.0928757541566092,0.06768625191288272,-0.326802181938641
Stomach Cold,1.1027235295784212,-0.30434653284769,-0.497113307285805
Stomach Cold,1.0073279568417104,-0.0753932156349845,-0.29201481806997
Stomach Cold,0.9900109045278828,-0.16501407749821,-0.248376343444915
Stomach Cold,0.8702540401259711,-0.282462558137953,-0.566443945852485
Stomach Cold,1.204166815648253,-0.295557939923402,-0.201062014458292
Stomach Cold,1.036178424647865,-0.558073876920932,-0.717395927344088
Stomach Cold,0.053422685634239,-0.829775756716661,-0.118833931900775
Stomach Cold,1.0868885216521753,-0.196684310348207,-0.017925628968824
Stomach Cold,0.7290648849435902,0.18691211893424084,-0.671303432782413
Stomach Cold,1.2334202298847543,-0.358693198258121,-0.173155907496983
Stomach Cold,0.9958519543236952,-0.303838330121358,-0.568211457893649
Stomach Cold,0.7097251934350232,0.5682823987363257,0.24286816842567774
Stomach Cold,0.31442804244799716,-0.574923084817015,-0.682007119832037
Stomach Cold,0.571304117069324,-0.683756172459043,-0.675030971444221
Stomach Cold,1.146989158061487,-0.0922900092150451,-0.184447336276297
Stomach Cold,1.1299590804350692,-0.572863829306114,0.061369907443236144
Stomach Cold,1.1579724508026334,-0.103478578261305,-0.176197455362898
Stomach Cold,1.2118150890297337,-0.332487612060671,-0.227486537648559
Stomach Cold,0.6447339417860686,0.28759962820302276,0.2236298922902158
Stomach Cold,1.0910610402169891,-0.658229890265859,0.020762756704303865
Stomach Cold,1.2366350135768256,-0.441612513140965,0.031543534002122633
Stomach Cold,1.0660104988757853,0.027448005533203874,-0.245109061786335
Stomach Cold,0.9975475752196152,-0.194143084967794,-0.134091434531737
Stomach Cold,-0.355513467101723,-0.600452441982541,-0.216347146296551
Stomach Cold,0.6853268778783856,-0.473436081109653,-0.667214925159421
Stomach Cold,0.47082052764821736,-0.0574426758113511,-0.489981394041228
Stomach Cold,0.7122604355726021,-0.739501355472762,-0.41010797038873
Stomach Cold,0.7441787719969672,-0.953404901698228,0.2004254683211274
Stomach Cold,0.7868835650995042,-0.528549594559691,-0.0221586533941999
Stomach Cold,1.2418250491745613,-0.117510457729439,-0.200552128280894
Stomach Cold,0.7767061759726013,-0.175880009744416,-0.573322756429949
Stomach Cold,1.0286537196322723,-0.142492991076799,-0.141919062841821
Stomach Cold,0.5316394146922532,0.5752315305546819,0.1549415312665047
Stomach Cold,0.2818374379765241,0.330663265341605,-0.431112067918557
Stomach Cold,1.0836582231139034,-0.301782528992507,-0.333368979701539
Stomach Cold,0.04158953645711272,0.6683338748219115,0.17955840530231593
Stomach Cold,0.6598030164932054,-0.653955289385474,0.32522015500538204
Stomach Cold,0.4133634528832144,-0.645081647980972,0.8691055383471249
Stomach Cold,1.1259773794770942,-0.0133607925624439,-0.254499280287932
Stomach Cold,0.8922757331569442,-0.10894652186111,0.05961651807583323
Stomach Cold,0.6717625177983038,0.05070115201254549,0.05412467184872916
Stomach Cold,1.0564342899800487,-0.027591370223631,0.19418244874919588
Stomach Cold,0.969051236385415,0.0992495329233589,-0.11400719512508
Stomach Cold,0.939088412861181,-0.140017693234169,-0.116792249207002
Stomach Cold,1.164670512980908,0.05784072914147576,-0.148242334329397
Stomach Cold,-0.0805497210570726,0.5761013476896251,0.17029212398172194
Stomach Cold,1.0845741454352904,-0.527723571634688,-0.229323570525153
Stomach Cold,0.1840914746309375,0.32396894798871223,-0.219278003827639
Stomach Cold,1.2210219848695054,-0.178792665416502,-0.276439762731504
Stomach Cold,1.0581480649467268,-0.538412539508262,-0.426208754887058
Stomach Cold,1.00026166387745,-0.154826518817447,-0.0353290813058646
Stomach Cold,0.9026794096902268,-0.190859405863639,-0.609956107812584
Stomach Cold,0.2818374379765241,0.330663265341605,-0.431112067918557
Stomach Cold,1.2499444643742321,-0.568782893712833,-0.200000704782294
Stomach Cold,0.7880250260548751,0.35810744904144187,0.20181156355997149
Stomach Cold,1.0338275283998681,0.06702393392534173,-0.178433791095475
Stomach Cold,0.4052413161477419,-0.365932512637432,-0.434560109936012
Stomach Cold,0.31107500377006986,-0.815232645417696,0.8488130119982127
Stomach Cold,0.991049970574983,0.05393729067210509,-0.0639558224304119
Stomach Cold,1.003994317197629,-0.340813676872208,-0.0507995483251015
Stomach Cold,1.2881936842814226,-0.304864263313738,-0.134168403231473
Stomach Cold,1.1326354877950884,-0.149690007995616,-0.107680967675648
Stomach Cold,0.7441178983616459,0.211396280747076,-0.292642008693011
Stomach Cold,-0.196462516528152,0.05318721731124768,1.2078206873363388
Stomach Cold,1.2104160573200136,-0.129425609000367,-0.0250779419396957
Stomach Cold,1.030230027141692,-0.124515539234928,-0.0706140984751864
Stomach Cold,0.874901380968597,-0.680469883526178,-0.303140922729322
Stomach Cold,1.0661238647461657,-0.291258505988256,-0.353082376869089
Stomach Cold,1.0520687288058224,-0.110031473165465,-0.0367980256596603
Stomach Cold,0.6977532338990463,0.5842227216596486,0.30257457777209196
Stomach Cold,0.7061524698098484,0.49825285738359576,0.04240428120977045
Stomach Cold,1.0989395056751436,-0.404367899556736,-0.177388823170292
Stomach Cold,0.567728237645089,-0.091158751957162,-0.054563642522671
Stomach Cold,0.8026746534967514,-0.528038709026169,-0.268709582986363
Stomach Cold,0.9577699050786853,-0.23168240978194,-0.573473621523018
Stomach Cold,1.0782543910219133,-0.0644363095173287,-0.295357302294488
Stomach Cold,1.2705703140261615,-0.238283646087044,-0.333449623965628
Stomach Cold,0.8138901003150256,-0.632583658172096,-0.483405764683588
Stomach Cold,0.9451934938578804,-0.613566412091659,0.025861300760364987
Stomach Cold,0.9577129314947906,-0.246878924803723,-0.585883002760978
Stomach Cold,1.1452239939327387,-0.379157606232825,-0.493371045913105
Stomach Cold,1.1185972560573016,-0.245090446151245,-0.399602561398282
Stomach Cold,0.8725804662724101,-0.364190857685488,-0.636501254885188
Stomach Cold,0.1997653555934017,-0.0721263400847314,-0.669663095772926
Stomach Cold,1.0679726380088064,-0.603711321627061,-0.382704689131387
Stomach Cold,0.5039305137553629,-0.0445900261828695,-0.84738206321811
Spleen Cold,0.8763444325024277,-0.501127322850677,0.4533844851913918
Spleen Cold,1.0619859342540057,0.12125209411611862,-0.161351494365884
Spleen Cold,1.170635481579325,-0.262186594492231,-0.215966453899981
Spleen Cold,0.5476973877805166,-0.667180584229392,0.6750221053022183
Spleen Cold,1.0355385740676089,0.08345039362537182,-0.22024834823652
Spleen Cold,1.0141254368508985,0.0544686768713006,-0.25975081721876
Spleen Cold,0.9520280716023765,0.31335260154683,-0.00924951106234289
Spleen Cold,0.9580632377858124,-0.608329461490098,0.10114462520417146
Spleen Cold,1.1639822725161586,-0.111051301010721,-0.105492070353388
Spleen Cold,1.0549758164790384,0.12069068772664024,-0.419502156952802
Spleen Cold,1.0481785194903244,0.159425037377885,-0.120935815952132
Spleen Cold,1.047488260554837,0.007007481149556957,-0.0418543111091061
Spleen Cold,1.3006741502376278,-0.231752345096851,-0.318571929767965
Spleen Cold,0.9301550009738193,0.0765013382314169,-0.291853622113363
Spleen Cold,0.5845731046460403,-0.202371724251949,0.43531279920188937
Spleen Cold,1.0101229577100765,0.03996984987104846,-0.204373344680894
Spleen Cold,1.025714379952056,-0.481434849902037,-0.0554254558748028
Spleen Cold,0.3297686517472413,0.1831517503053734,0.7072900535212927
Spleen Cold,0.13155378932487619,0.5640094626008808,0.16578142494587017
Spleen Cold,0.8559679689367508,-0.149321501824401,-0.0863449413563956
Spleen Cold,0.19810049282771552,-0.40928283386203,0.9150219386442201
Spleen Cold,1.0578104766708072,-0.298064060992119,-0.330760209263952
Spleen Cold,0.8137620713012919,0.14504056014049496,-0.310463425469531
Spleen Cold,0.5978841517182014,-0.585304345919172,-0.726137766010367
Spleen Cold,1.0508658871152594,-0.566546058109588,0.02098941432017881
Spleen Cold,1.1112551807988,-0.102139464480656,-0.37847219767968
Spleen Cold,0.9440629595718278,0.22931997265715182,-0.202519481177176
Spleen Cold,0.912760649999434,-0.347735710962372,-0.261174047244748
Spleen Cold,0.8791078383504978,-0.292434631364006,0.352131952641848
Spleen Cold,1.1569181753918447,-0.402517897194893,-0.216605724461332
Spleen Cold,1.2013357440572254,-0.294557197741409,-0.0498472725783167
Spleen Cold,0.7945586671734907,-0.613326221379142,0.025820009973562003
Spleen Cold,0.43713749235616484,-1.01609785345788,-0.365968218415269
Spleen Cold,0.6318229097497436,0.633944000356449,-0.386637107124441
Spleen Cold,1.1067358303754986,-0.322943729799461,-0.350165250691697
Spleen Cold,0.8942634136878143,-0.352508217934491,0.09037000126191332
Spleen Cold,0.5860308895703061,-0.203103028412217,-0.507895114773379
Spleen Cold,0.4782566739398307,-0.319311330781514,-0.180047116882591
Spleen Cold,1.0203459398494994,-0.287175320681062,0.1425032101160885
Spleen Cold,1.014893489641073,-0.467349059742346,0.1057213331801741
Spleen Cold,0.7427592621383398,0.44391431641821133,0.16269798851281128
Spleen Cold,0.9756006033322466,-0.233158535799714,-0.48062575541649
Spleen Cold,-0.179885981123625,-0.345990030506001,0.8372398679523929
Spleen Cold,0.7280488103288426,-1.02609326021068,0.10850135073316373
Spleen Cold,0.8453015699793366,0.23044956661841487,-0.0393618335587586
Spleen Cold,1.0071856656796394,-0.582887950140743,0.044976887803544974
Spleen Cold,1.1012699521521072,-0.576873208963864,-0.0245780251676498
Spleen Cold,1.0470468030094018,0.09829357106440026,-0.211333548459943
Spleen Cold,0.24947379020379545,0.13033505343465512,-0.915112197344053
Spleen Cold,0.67403023098047,0.17188899637009125,-0.291759268423637
Spleen Cold,0.9312422983949759,-0.334146792966297,-0.340473982213468
Spleen Cold,-0.274498562209415,-0.178299605657319,-0.146103382156766
Spleen Cold,1.2240876000829568,-0.254307876796034,-0.171564446220448
Spleen Cold,0.4521196972462819,0.8315609313537564,0.1393341997785277
Spleen Cold,0.8435662866339159,-0.496332783743496,-0.453413619761352
Spleen Cold,1.040714994282872,-0.157707441797428,0.16632882482731737
Spleen Cold,0.4216144881288587,-0.030517714412975,0.6694876429672743
Spleen Cold,0.9914398727987671,0.11242748767766568,-0.316270522674814
Spleen Cold,1.1105827837923807,-0.360440063687885,-0.0394388502870905
Spleen Cold,0.9419110545128674,-0.136443583171124,0.33861209169766093
Spleen Cold,0.9791568075101584,-0.00653268075593032,-0.0420185242094896
Spleen Cold,1.0810255832203584,-0.275655516094026,-0.0579441375343839
Spleen Cold,1.146681860130576,-0.569933547409404,0.017250887015888772
Spleen Cold,1.0796516664224012,-0.257823006300346,-0.363117327620731
Spleen Cold,1.0761049693744318,-0.563712447746247,-0.236881221235662
Spleen Cold,1.0830037597366895,-0.0378782309843628,-0.13871949950045
Spleen Cold,1.2018679245552113,-0.364892074395659,-0.0987951848497723
Spleen Cold,0.7798434490713321,-0.148200665752691,0.12384251409405776
Spleen Cold,0.7636707011514934,-0.203006057208805,0.24154095009623588
Spleen Cold,0.804819840857319,-0.0312685241452399,-0.151505814092121
Spleen Cold,0.9633576550806541,-0.520793664821392,-0.50079717778226
Spleen Cold,1.126727457209795,-0.37327397466717,-0.323195705091436
Spleen Cold,1.0879333350956009,-0.213795125872097,-0.295711470477634
Spleen Cold,0.45123601197278973,0.06736415434919718,0.546128157046832
Spleen Cold,1.1067358303754986,-0.322943729799461,-0.350165250691697
Spleen Cold,0.9091979701296371,-0.567762985378465,-0.347142476841709
Spleen Cold,0.8559028164052644,-0.168422018034141,-0.361297085517458
Spleen Cold,0.39660198012875575,-0.00769175047123924,0.5033793346935719
Spleen Cold,0.9380153237181018,-0.0398379037268173,-0.156219774510272
Spleen Cold,0.4136547451123868,-0.600056920988008,-0.853213092905517
Spleen Cold,0.956056799728692,-0.698594792339058,0.3566552784587655
Spleen Cold,1.153191801298481,-0.471286074396658,-0.115123311840153
Spleen Cold,1.218137153065356,-0.62691822611462,-0.137705035460491
Spleen Cold,0.7732324772392368,-0.283314693155398,-0.524574186119235
Spleen Cold,0.6937884961840636,0.14771449958911703,0.3673865440583009
Spleen Cold,1.1518090231197757,-0.418648216361323,-0.300787244227855
Spleen Cold,0.8183497664924652,-0.531491330851929,0.38660776310766015
Spleen Cold,0.6913849212520201,-0.601864364092953,-0.211712428233167
Spleen Cold,1.0529549596512888,-0.244868001304741,0.3106588384717684
Spleen Cold,0.9299525409366401,0.012698279602980311,-0.0216366417615269
Spleen Cold,0.787564808950945,0.39964603736158955,0.004552293409807779
Spleen Cold,1.1141845569654183,-0.405160361904542,-0.0113327391476285
Spleen Cold,0.9319286223526777,-0.575697514231873,0.2511159188885326
Spleen Cold,1.0116564810484272,-0.281989226430401,-0.179449520959194
Spleen Cold,1.1289915079483837,-0.201349335628294,-0.144342637432499
Spleen Cold,0.8827158835544029,-0.529733607509732,-0.419778067710506
Spleen Cold,1.1381124907091642,-0.52888922975475,0.15758503982752553
Spleen Cold,1.0070707461497859,-0.51496681062336,-0.413121091184312
Spleen Cold,1.0136813999891545,-0.15703406446048,-0.281503181822815
Spleen Cold,0.6953105774951519,0.5848855167031771,-0.360684139607097
Spleen Cold,0.8656047751553673,-0.146280394469295,-0.0417403569055596
Spleen Cold,0.9845265652122093,0.18751465729084182,-0.407488008198683
Spleen Cold,1.0492911857418659,-0.310871696054446,-0.461938061011984
Spleen Cold,1.007887886896336,-0.461071401278706,0.05540761258127556
Spleen Cold,0.8301383097795789,-0.276117908647662,-0.194883412676111
Spleen Cold,0.8831378646090449,0.3367364183185531,-0.358861302977532
Spleen Cold,0.5307831183153651,0.8871353714621114,0.16497771448045903
Spleen Cold,1.1116845909437951,-0.189015221951411,-0.030202873544013
Spleen Cold,0.18328504296757311,-0.275419568744896,0.9274059747898075
Spleen Cold,1.1027235295784212,-0.30434653284769,-0.497113307285805
Spleen Cold,1.1038030986500236,-0.398004142721982,-0.389232983595801
Spleen Cold,1.0073279568417104,-0.0753932156349845,-0.29201481806997
Spleen Cold,0.9900109045278828,-0.16501407749821,-0.248376343444915
Spleen Cold,1.0971075473846812,-0.425703216468365,-0.308895655052017
Spleen Cold,1.204166815648253,-0.295557939923402,-0.201062014458292
Spleen Cold,-0.378193703181128,-0.244746879988822,0.8661614518887291
Spleen Cold,-0.187192100246125,-0.447861450244626,-0.491724095122491
Spleen Cold,1.036178424647865,-0.558073876920932,-0.717395927344088
Spleen Cold,1.0178651498834075,0.25834449764048245,0.005009153878319927
Spleen Cold,-0.538150602755712,-0.244458045564949,0.7005819402616431
Spleen Cold,1.0868885216521753,-0.196684310348207,-0.017925628968824
Spleen Cold,0.7290648849435902,0.18691211893424084,-0.671303432782413
Spleen Cold,1.2334202298847543,-0.358693198258121,-0.173155907496983
Spleen Cold,0.9958519543236952,-0.303838330121358,-0.568211457893649
Spleen Cold,0.968814778685766,0.008745066499175589,0.08999518510372
Spleen Cold,1.040714994282872,-0.157707441797428,0.16632882482731737
Spleen Cold,0.31442804244799716,-0.574923084817015,-0.682007119832037
Spleen Cold,0.6979212672142203,-0.765004448867297,0.7100270564375688
Spleen Cold,0.3621631142276141,0.34849216871675004,0.15985564751857942
Spleen Cold,1.145897454544588,-0.617292436686519,0.16784450560013653
Spleen Cold,1.050920225901889,-0.217169316403451,-0.121604762967679
Spleen Cold,1.1299590804350692,-0.572863829306114,0.061369907443236144
Spleen Cold,1.1579724508026334,-0.103478578261305,-0.176197455362898
Spleen Cold,0.6447339417860686,0.28759962820302276,0.2236298922902158
Spleen Cold,1.0910610402169891,-0.658229890265859,0.020762756704303865
Spleen Cold,1.0842787103529063,0.21834754822506983,-0.1089998084758
Spleen Cold,0.9975475752196152,-0.194143084967794,-0.134091434531737
Spleen Cold,0.8605131942181959,-0.166274430998277,0.19066977397664997
Spleen Cold,0.7441787719969672,-0.953404901698228,0.2004254683211274
Spleen Cold,0.7868835650995042,-0.528549594559691,-0.0221586533941999
Spleen Cold,1.2418250491745613,-0.117510457729439,-0.200552128280894
Spleen Cold,1.1019306824415211,-0.317912159756872,-0.246060354840931
Spleen Cold,1.0286537196322723,-0.142492991076799,-0.141919062841821
Spleen Cold,0.5316394146922532,0.5752315305546819,0.1549415312665047
Spleen Cold,0.7608059799581662,-0.544663120554765,-0.648664078583761
Spleen Cold,1.0836582231139034,-0.301782528992507,-0.333368979701539
Spleen Cold,0.7820434375454453,-0.590927949021552,0.43842604555123293
Spleen Cold,0.4133634528832144,-0.645081647980972,0.8691055383471249
Spleen Cold,-0.119819248767147,1.099035995062715,0.1544475600768013
Spleen Cold,1.0718445839030921,-0.533256566123873,-0.0722928315873216
Spleen Cold,0.7556441723719568,0.11716715391281061,0.25946113033738893
Spleen Cold,1.1129057150830017,-0.203548393987064,-0.139262223616396
Spleen Cold,0.43713749235616484,-1.01609785345788,-0.365968218415269
Spleen Cold,1.143965000926712,-0.36487769642341,-0.273497548325306
Spleen Cold,0.9946823824577249,-0.225713385652997,-0.164446929646851
Spleen Cold,1.2210219848695054,-0.178792665416502,-0.276439762731504
Spleen Cold,1.0581480649467268,-0.538412539508262,-0.426208754887058
Spleen Cold,0.6783739415846817,-0.909174127992479,0.43768953113065706
Spleen Cold,0.37790729723254163,-0.118732607027366,0.5111729176706326
Spleen Cold,0.35329968985068894,-0.769804870251092,0.4911067655220437
Spleen Cold,1.2499444643742321,-0.568782893712833,-0.200000704782294
Spleen Cold,1.0338275283998681,0.06702393392534173,-0.178433791095475
Spleen Cold,0.9355782204475366,-0.551013979440276,0.09304990042304097
Spleen Cold,1.1711668170621667,-0.31983165479423,-0.277347724544338
Spleen Cold,0.4052413161477419,-0.365932512637432,-0.434560109936012
Spleen Cold,0.31107500377006986,-0.815232645417696,0.8488130119982127
Spleen Cold,1.0567556168510404,-0.473265649124127,-0.405337905126545
Spleen Cold,0.9880645125321905,-0.185658674878729,-0.363894922985762
Spleen Cold,1.0859163318077316,-0.367378897962788,-0.460207654620311
Spleen Cold,0.9004649569493537,-0.321056431107054,0.2566892207821566
Spleen Cold,1.2881936842814226,-0.304864263313738,-0.134168403231473
Spleen Cold,1.1326354877950884,-0.149690007995616,-0.107680967675648
Spleen Cold,0.7441178983616459,0.211396280747076,-0.292642008693011
Spleen Cold,1.2104160573200136,-0.129425609000367,-0.0250779419396957
Spleen Cold,1.030230027141692,-0.124515539234928,-0.0706140984751864
Spleen Cold,0.874901380968597,-0.680469883526178,-0.303140922729322
Spleen Cold,1.1095729723250072,-0.451578352896953,-0.17343516254122
Spleen Cold,1.0661238647461657,-0.291258505988256,-0.353082376869089
Spleen Cold,1.0520687288058224,-0.110031473165465,-0.0367980256596603
Spleen Cold,0.6977532338990463,0.5842227216596486,0.30257457777209196
Spleen Cold,1.0989395056751436,-0.404367899556736,-0.177388823170292
Spleen Cold,0.567728237645089,-0.091158751957162,-0.054563642522671
Spleen Cold,0.5785402407027154,-0.507607283370258,0.7582643425672362
Spleen Cold,1.0782543910219133,-0.0644363095173287,-0.295357302294488
Spleen Cold,1.2705703140261615,-0.238283646087044,-0.333449623965628
Spleen Cold,-0.237088753384839,0.9246552737224663,-0.0854891859673093
Spleen Cold,1.1452239939327387,-0.379157606232825,-0.493371045913105
Lung Heat,0.3820469410253069,1.0730731673282115,0.2961154058846813
Lung Heat,0.40572560110852973,1.1169528773748443,0.18195229174114594
Lung Heat,0.4192963594851105,1.1491246120097598,0.2606726196586665
Lung Heat,0.3000961279441192,1.0900064562284189,0.08619563787211647
Lung Heat,0.6281730054307263,0.30441895555269977,-0.4249440923665
Lung Heat,-0.694952777051301,0.3209530070454144,0.13817217223374323
Lung Heat,-0.141153324422241,0.7087282650543262,0.06309862412332927
Lung Heat,0.30967710375293045,0.6530053514204994,0.687019559991913
Lung Heat,0.2722231658080421,0.7560565192708831,0.5939318769663912
Lung Heat,0.24676888389714868,0.6562845703188986,0.6781599691988864
Lung Heat,-0.842446965378332,0.44718198521097574,-0.547626018599488
Lung Heat,0.7615449383931971,-0.0858702515504871,-0.542310807663132
Lung Heat,0.18319382547368268,0.5102594413800591,0.7907170582024694
Lung Heat,0.3472708394661122,0.7004533885905929,0.5865341912891434
Lung Heat,0.027393719360369915,0.8937625913170605,-0.143909521306831
Lung Heat,0.2533139724771289,0.8887522733866046,-0.165922221402445
Lung Heat,-0.295181860594558,0.29344162689141445,0.7955315561633451
Lung Heat,0.4052451967663285,0.2576064473759105,0.4176920221190488
Lung Heat,0.3059868355367823,1.1517223470934048,0.3052553647836218
Lung Heat,0.4954270453833756,0.9615116302213634,0.1145750004130449
Lung Heat,0.2913714740391941,1.1059220236431935,0.2601750715851867
Lung Heat,0.4053063976118435,1.122768533596358,0.13149254651659775
Lung Heat,-0.307874291496547,1.026427499711612,-0.280074438455139
Lung Heat,0.36892931087492914,1.1029138163902021,0.2600394828965781
Lung Heat,0.4264367444650416,0.81762327331573,0.1392908328378037
Lung Heat,0.21067280666093538,1.1877467468179144,0.09193120396950541
Lung Heat,0.35786248229668277,0.07355768270912509,0.7468179257702667
Lung Heat,0.33519299008872233,0.24505021953309097,0.15018371253403162
Lung Heat,0.39355794771262154,1.0764305165124073,0.3530738697646189
Lung Heat,0.29912472848691574,0.9763774560914756,0.2966026726712492
Lung Heat,0.4358808409888703,1.0765962007014307,0.4402096701245145
Lung Heat,0.17000290017269717,0.9408367926012573,0.30375536686902094
Lung Heat,0.43093274391202974,0.9464033521154895,0.015981397014471113
Lung Heat,0.4055052476375237,1.0359935796008222,0.3804576961559227
Lung Heat,-0.288542779882587,-0.498659874240359,-0.192965283398588
Lung Heat,-0.619721467513471,0.223965812730798,-0.759176227720502
Lung Heat,0.41525214308729996,1.0161728586354712,0.14380741076466602
Lung Heat,0.39954566678366976,0.7425865113219158,-0.256329248742704
Lung Heat,-0.279157239874266,1.1517402351471857,-0.0785016976825438
Lung Heat,-0.304828877631171,0.7803174025007173,0.4721352063359625
Lung Heat,0.334368668791676,1.115845689067127,0.35564153516268854
Lung Heat,0.23370028519076555,1.0293127734693754,-0.04936249592907
Lung Heat,0.22899623178430561,0.7236165811325459,-0.34438248639073
Lung Heat,0.34151930128106045,1.104212158112491,0.2518575939060025
Lung Heat,0.4192963594851105,1.1491246120097598,0.2606726196586665
Lung Heat,-0.431263016509013,1.086821007287474,-0.637169002850191
Lung Heat,-0.355929776086515,0.9361928763641587,0.10950514938431945
Lung Heat,0.09426146451168818,1.146868488508818,0.11694929047545344
Lung Heat,0.2888689601620413,1.1525007535295047,0.08651228424468388
Lung Heat,0.7615449383931971,-0.0858702515504871,-0.542310807663132
Lung Heat,0.7489655928241739,0.42489956054294753,-0.600687449502781
Lung Heat,0.27410991204243973,1.1612263467864508,0.29685315678198937
Lung Heat,0.10711331286141443,1.1238793393490474,0.09804200204988549
Lung Heat,-0.291575035420886,0.2994706364099918,-0.552098960802158
Lung Heat,-0.542754765075857,0.5977258343696248,-0.574551245621139
Lung Heat,0.1920041373840083,1.1677752016198313,0.14305981205296767
Lung Heat,-0.290671780461961,0.6680895318467203,0.6331161631721591
Lung Heat,0.35585124085626274,0.9284812470165141,0.044348882379531517
Lung Heat,0.46935795191600715,0.9602388553427742,0.11279664376759191
Lung Heat,-0.0707847067847499,0.736653528292039,-0.173674481300739
Lung Heat,0.2602702258609494,0.9890921820653051,-0.166789785336031
Lung Heat,-0.0220516743489974,-0.187729066817913,0.22915483873694292
Lung Heat,-0.242860915071546,-0.111099446261082,-0.63846561765893
Lung Heat,-0.484538613981801,0.8859057423146198,-0.649633438960067
Lung Heat,0.41310096865181595,1.0458473420520096,0.19158889086628988
Lung Heat,0.09947443234713535,1.0470062867679466,0.183420531657141
Lung Heat,-0.651949946213924,0.5085554571271622,-0.354379247291102
Lung Heat,-0.454274342742845,0.7427196947181451,-0.381198666640797
Lung Heat,0.2854167884972704,1.162289998136039,0.317885855709008
Lung Heat,0.2659874900492163,1.157068955801102,0.1055343172850523
Lung Heat,0.29912472848691574,0.9763774560914756,0.2966026726712492
Lung Heat,-0.276721693990029,1.131881091896567,-0.231402698289312
Lung Heat,0.3839133355822721,0.9685415186613756,0.2723908811819222
Lung Heat,-0.0122806711966754,-0.204676591025847,-0.0628798494984652
Lung Heat,-0.0521328569324609,-0.0586908434357976,0.15336752958541494
Lung Heat,0.23558529757341404,0.8041073422970957,0.4152956806158308
Lung Heat,0.3324999374222783,0.8034543160847336,0.19343455376546428
Lung Heat,-0.421046114196567,0.2984434874434457,0.8429916741469909
Lung Heat,-0.0257892342838145,-0.6494013579992,0.25484908622214825
Lung Heat,0.09215528635839573,0.9190648097899835,0.20392146303914072
Lung Heat,-0.394790168564712,0.32845843383281953,0.16516960525099764
Lung Heat,-0.349302484604373,0.5546402415395936,0.6734133118679066
Lung Heat,0.20066263733620157,0.9153511535451504,0.04974775874327999
Lung Heat,0.15813568150267887,0.8573092204288739,0.11587315626711392
Lung Heat,0.1852004337833952,1.1294684042696856,0.09753865835900744
Lung Heat,0.03261614260817364,-0.40621560344353,-0.0259715343274589
Lung Heat,0.49678481847205014,0.9113888088618352,0.21540750915407486
Lung Heat,-0.790796575627965,0.7810310586947407,-0.180783425169341
Lung Heat,0.3103162461462107,1.2049152341467437,0.12372885129976018
Lung Heat,-0.346973294292086,0.5826885599888744,0.5635181203007857
Lung Heat,0.30567339920041187,1.0117812157959165,0.4051166017235655
Lung Heat,-0.782215336346387,0.3327454981330501,-0.463175735565375
Lung Heat,-0.115309679933239,0.7905958083591818,-0.120086392188141
Lung Heat,0.3721313724376868,1.0605723139139862,0.3751349288777672
Lung Heat,0.4071386651101666,1.138069011947709,0.37515192828434185
Lung Heat,0.4666271269310353,1.0930334137872517,0.1598022946501346
Lung Heat,0.5060747912382624,-0.498532077175359,-0.447581201503327
Lung Heat,-0.297482462149389,0.8381415878405948,-0.567321075169583
Lung Heat,0.4804845821166123,0.7775179754237671,-0.170853716862401
Lung Heat,0.44435096623886433,0.14364937954570467,0.3411824580963206
Lung Heat,0.06094570542231755,0.5286279402154254,-0.460067456997438
Lung Heat,0.40421856363801806,0.6769726306089638,0.5839819648734199
Lung Heat,0.4089173436008114,0.793197629260817,0.6828363181901596
Lung Heat,0.3862800003369502,0.6281652608814355,0.12874275112634562
Lung Heat,0.7752323441917004,0.34428621814545735,-0.052121740820955
Lung Heat,0.4037898831504971,1.0177956853876022,0.4134764186255208
Lung Heat,0.37104672522846927,1.135548475606067,0.39724553084113273
Lung Heat,0.23901032258613095,0.98368043719015,0.29080805668610593
Lung Heat,0.9359482380621295,0.206140366464907,-0.348168357871898
Lung Heat,0.11600379960485882,0.2894901092432142,0.23079189611744869
Lung Heat,0.37701268768782903,1.051345768594554,0.11238665854284184
Lung Heat,0.48432318798287693,0.44910027023884413,0.36246964999906217
Lung Heat,-0.0818133977755494,0.6648182621268051,0.08317778117926168
Lung Heat,0.5707299874835927,-0.361066424224462,0.5117895295316074
Lung Heat,0.13764979048108406,1.0205019301626008,-0.25614804613803
Lung Heat,-0.0842607880977166,0.5078564010179211,-0.404723592828005
Lung Heat,-0.0482187013759254,0.43128291818878145,0.2100233920292579
Lung Heat,0.43385298025587293,1.1093028153724898,0.3022788833540141
Lung Heat,0.1503986809287554,1.09109529168501,-0.124270856114495
Lung Heat,0.40766029580751273,0.96277559801,0.20609122917633413
Lung Heat,-1.01796167532445,-0.0161473973190998,-0.229157970262908
Lung Heat,0.42511448875620234,0.2749330117496218,0.05738221017683518
Lung Heat,-1.20710525877284,-0.0223591300682833,-0.268719314506685
Lung Heat,-0.852705810458625,0.8676379607131011,-0.570987532447432
Lung Heat,-0.0220516743489974,-0.187729066817913,0.22915483873694292
Lung Heat,0.3838943393315903,1.0410928298282838,0.14817350114522107
Lung Heat,-0.0888635137219085,1.08161006288907,-0.493805434300476
Lung Heat,0.42479769589339494,1.0605646048462767,0.031013421503586543
Lung Heat,-0.803901054585347,0.5337953425420644,-0.873055993501158
Lung Heat,0.545093557778579,0.5703684496441037,-0.330351474260004
Lung Heat,0.5469311599557876,0.403769371359291,-0.74633604845972
Lung Heat,-0.559680914058494,0.693593733547821,-0.540827499128061
Lung Heat,0.5446666086822627,1.0358308307534119,0.1337489142396723
Lung Heat,-0.221897959269147,0.5500499618288183,0.41773019176275467
Lung Heat,0.4270597289123625,-0.0868082296627534,0.8059307894914052
Lung Heat,-0.191485475405065,0.4871714254309836,-0.27502350167377
Lung Heat,-0.502320562015586,0.5870982581413685,0.23863176302752592
Lung Heat,-0.0682807801012423,0.806656900576872,-0.138864319214487
Lung Heat,0.6505599238186963,0.10484537591317863,-0.283035870445265
Lung Heat,0.4139484436245467,0.877127664737859,0.06679595413968617
Lung Heat,0.1833683080206779,0.9755830652733426,-0.137498024635643
Lung Heat,0.18688626160197847,1.1594226731294193,0.054526483789154714
Lung Heat,0.21394365148362485,1.2186843941628287,0.020322905002463924
Lung Heat,0.4755370314031773,0.7474494072415939,0.09950169612528381
Lung Heat,-0.177071221292165,0.8441757616507816,-0.528270315666718
Lung Heat,0.5730025593504597,0.5065297999631332,0.2407056797611958
Lung Heat,-0.348686543609755,0.3610291142107128,-0.365483780563991
Lung Heat,0.7944381561407379,0.07028786645260285,0.15008131122381171
Lung Heat,-0.542366883786994,0.8181030204421404,-0.714896645652169
Lung Heat,0.24981627566176318,1.0820902284294134,0.19888149334676786
Lung Heat,-0.150724478994168,0.8173779433046442,-0.535361568225412
Lung Heat,0.7028850886221455,0.6751713462262345,0.26696776976316533
Lung Heat,0.5388018321224015,0.8915206747833778,0.2528220445454767
Lung Heat,0.1358565817392417,0.9807341694846735,-0.431939774698454
Lung Heat,0.18649355363008915,0.17542515084362212,0.4216785741324843
Lung Heat,0.034637961573619806,0.9874379862705103,-0.0519523320920863
Lung Heat,0.1358565817392417,0.9807341694846735,-0.431939774698454
Lung Heat,-0.0976592567542935,1.158900997298329,-0.146200481609768
Lung Heat,0.445418755691691,0.8916808715164903,0.4315627723965696
Lung Heat,0.2642388468920421,1.152765211389565,0.1357199091649987
Lung Heat,0.18319382547368268,0.5102594413800591,0.7907170582024694
Lung Heat,0.42194403082789517,1.0046299537531846,-0.00993016979515137
Lung Heat,-0.386639331454858,0.9451209442701073,-0.429766063430417
Lung Heat,0.1514631080530834,-0.390990429547541,0.9724303054003065
Lung Heat,0.16938789546943311,0.8915614352518537,-0.0848118235461966
Lung Heat,0.04190424932131821,0.3045561745861854,0.09960418247440211
Lung Heat,0.1763505072282507,1.1878036125122193,0.46481226240117074
Lung Heat,-0.784376429087026,0.6006079445389291,-0.267072359013451
Lung Heat,0.400771105362581,1.020218012349069,0.24530206429090975
Lung Heat,-0.51739698604553,1.053049009113167,-0.0758704400559294
Lung Heat,-0.181705951813737,0.9964194327947802,-0.337078061682147
Lung Heat,-0.207938792249117,0.486729553550518,-0.679664047161239
Lung Heat,0.2602702258609494,0.9890921820653051,-0.166789785336031
Lung Heat,-0.915476707401402,-0.395223507829041,-0.397251445907379
Lung Heat,0.16517872198904518,1.082329918885846,0.10246105101200179
Lung Heat,-0.00603131586608108,1.1444990459205944,-0.144712940093692
Lung Heat,-0.148286325391922,0.5549339788993285,-0.135072179901343
Lung Heat,-0.513914375961415,0.33557135408951966,-0.726299339499596
Lung Heat,0.47715772456257044,0.7476807457909773,0.45202665683709903
Lung Heat,0.294453071762088,1.144628092582917,0.2847594981494407
Lung Heat,-0.355676042435976,0.7962176488951459,0.12942755934212397
Lung Heat,0.45340704883048394,0.9132001122970447,0.08573649134284442
Lung Heat,-0.0937324210177132,0.9338185488264019,0.038255356677874316
Lung Heat,-0.821804420045949,0.08458214025995826,-0.312397031702416
Lung Heat,0.25417267010030886,1.101425187703269,0.1881667046554618
Lung Heat,0.1570406311873591,1.09288336595513,0.05082147877819425
Lung Heat,0.38114711833964865,1.1209926216996797,0.32608689391122314
Lung Heat,-0.462708776660983,0.595941023440844,0.24954756800452546
Lung Heat,-0.753724258460073,0.35194563486455394,-0.777516397120381
Lung Heat,-0.969996916410617,0.15390858380051506,-0.059287049046328
Lung Heat,-0.425686104559067,0.8513921781895192,-0.327304382395254
Lung Heat,-0.575722096357653,-0.490123281756387,-0.46756460595376
Lung Heat,0.23173462545600312,0.9794861015764733,0.28232879381287523
Lung Heat,0.06277662100195901,0.6465511044518755,0.10200432060531485
Lung Heat,0.45840482065212035,1.061972573895896,0.2929812636433203
Lung Heat,0.2806611031862942,1.157352945526111,0.19910530544918809
Lung Heat,0.029753362926481033,1.1137952346791675,0.3820411611581715
Lung Heat,0.3729582771099162,0.6677811087952495,0.5329203807163725
Lung Heat,0.23335984045446262,-0.306245340919118,0.4761378912657346
Lung Heat,0.516768530533792,-0.63181196124503,-0.605380833844974
Lung Heat,-0.136003890299149,1.049101035353649,-0.354709505788389
Lung Heat,-0.211220779698235,0.5520706094506037,-0.574691179185577
Lung Heat,-0.207938792249117,0.486729553550518,-0.679664047161239
Lung Heat,0.3415325943904528,1.1507187506867624,0.42312926032225984
Lung Heat,0.490464448025299,0.6772734005973599,-0.473860488803957
Lung Heat,-0.264527342909973,0.5604341223544911,-0.485512939598712
Lung Heat,0.19481797894180436,0.32092581574948176,0.7019813614937933
Lung Heat,-0.0903353735717532,-0.968818834474539,0.0019674955961485364
Lung Heat,-0.0971450458100328,1.0431817785629083,-0.143582261581848
Lung Heat,-0.207316378674367,1.085248684939,-0.141803260527503
Lung Heat,0.29801691076441617,1.0169146823863084,0.41631356551922166
Lung Heat,-0.685251204538154,0.5624157955018324,0.20583746362806207
Lung Heat,-0.460250861530791,0.7702795783309684,-0.279356342642869
Lung Heat,-0.11770213153024,0.397731338156872,-0.561909150675912
Lung Heat,0.49678481847205014,0.9113888088618352,0.21540750915407486
Lung Heat,-0.264527342909973,0.5604341223544911,-0.485512939598712
Lung Heat,0.14865825013663528,1.1300438578486762,0.08857813973027144
Lung Heat,-0.331643206082346,0.5951408093779785,-0.376340067690435
Lung Heat,0.4387189751237023,1.1059799582956173,0.33506844689173865
Lung Heat,0.48056025306509753,0.7883709248192071,0.4163772993920826
Lung Heat,0.24838057335816152,0.8108075792424224,0.3673209729760413
Lung Heat,0.5136687751515461,0.8628292878586816,0.05838631834258819
Lung Heat,-0.57772780551539,0.9546386992027015,-0.0702507776977687
Lung Heat,-0.398466344124982,0.9155999721681353,0.3940805006521836
Lung Heat,0.4690296921003654,0.4883839253410607,-0.421695722855815
Lung Heat,0.43314425705094833,1.0104934417290525,0.22240245191125138
Lung Heat,-0.346698941844259,0.1218712030838841,0.650150976833723
Lung Heat,0.09126576325824082,1.1373486082613753,0.6874081642286402
Lung Heat,0.4497694939341329,0.8861975512983309,0.41317849312025706
Lung Heat,-0.646933369300991,0.8273083817995159,-0.634068502592109
Lung Heat,0.17661128518629604,1.0409778255205742,0.06625308740093329
Lung Heat,0.43314425705094833,1.0104934417290525,0.22240245191125138
Lung Heat,-0.589054306297147,0.20318433920414866,-0.696188839429018
Lung Heat,0.7865015491690177,0.6179963781926491,-0.148800398731061
Lung Heat,-0.121889079204703,0.1476356370867724,-0.582828226687087
Lung Heat,0.5714964711802464,0.8507623545792872,0.031550011470776115
Lung Heat,0.03128509486128476,0.9501079296416229,-0.21175546512498
Lung Heat,-0.542366883786994,0.8181030204421404,-0.714896645652169
Lung Heat,0.511076319464242,0.838467917534382,0.11128338602528086
Lung Heat,0.4660863298560653,0.9059620835946433,0.06875006081200656
Lung Heat,-0.89402469244099,-0.268113828640274,-0.272777117008475
Lung Heat,-0.323530319653869,1.011157178885883,-0.319417750429468
Lung Heat,0.10453871678496433,1.058206281709275,-0.233059068299688
Lung Heat,-0.132815025256296,0.852168735178252,0.3033081618863308
Lung Heat,-0.00253687748021499,1.2423954253220106,0.13621020892983493
Lung Heat,0.40527147698781446,1.0459859181594513,0.2520507020959165
Lung Heat,-0.0679383976283259,1.152123527131789,-0.115592990934069
Lung Heat,-0.552360491225262,0.3777712843450812,-0.717789411479604
Lung Heat,-0.0402671290977598,-0.257307016416692,0.5056962638585841
Lung Heat,0.3448211249702634,1.1012640878694926,0.33239386234124796
Lung Heat,-0.833216290964686,0.22257974146728077,-0.721411833272874
Lung Heat,-0.208887074743761,1.0276921431566841,-0.205601406312319
Lung Heat,0.2328316776984528,1.1511106431569866,0.3684726402486685
Lung Heat,0.1727987941043991,1.1650403545325863,0.1810085431551322
Lung Heat,-0.00517508126264473,0.9512400794817335,-0.200342186875999
Lung Heat,-0.304730577432611,1.0824558709880303,-0.341487685289753
Lung Heat,0.21648257966448914,1.1128337291082246,0.1108727222037359
Lung Heat,0.1124311525235748,1.21084384810685,0.02692015911061191
Lung Heat,-0.0501464409115506,0.3460046601131296,-0.153800193889909
Lung Heat,0.4209978336293394,1.2319496552459102,0.4697343024782191
Lung Heat,-0.315595975121852,0.3410731290979061,-0.697231400279722
Lung Heat,-0.0314195335213933,1.052072236919961,-0.0172289867084559
Lung Heat,-0.187218169212413,0.9812768048633675,-0.271875446962553
Lung Heat,0.196475585470246,1.2023229068095103,0.45027158614794005
Lung Heat,-0.501445347037151,0.6839265703562044,0.11920555630486006
Lung Heat,-0.772434958125725,0.7901730255470248,-0.663062684478662
Lung Heat,-0.470798695117774,1.0281711189003313,-0.459395077249622
Lung Heat,0.3648330437743595,1.120713175791264,0.31860461663400197
Lung Heat,-0.420352874542337,0.8619748938514282,0.27751963963876486
Lung Heat,-0.889442248111552,0.38544711952209404,-0.562988110797826
Lung Heat,0.20864882564758355,1.062528784843625,0.20371128467064104
Lung Heat,0.2970389461202801,1.1817993660264068,0.3726140308509162
Lung Heat,-0.319480833699456,1.0019262894473884,-0.263735027748831
Lung Heat,0.13357883957476824,1.223590248814238,-0.037188810563413
Lung Heat,-0.0763337507193252,-0.792137620991999,-0.495688060959563
Lung Heat,-0.693589515293474,0.486255475657724,-0.412261636411275
Lung Heat,-0.611677457615666,0.8379061658051943,-0.437924964832217
Lung Heat,0.40646968046640775,1.0526626518087596,0.36954674820443817
Lung Heat,0.39032419416696407,1.1157418556086356,0.37675275559604193
Lung Heat,0.5500288206299948,0.6721688150437721,-0.171264455079697
Lung Heat,-0.984422945834212,0.37955156438176924,-0.540195177301893
Lung Heat,0.2606146628687307,-0.0473123705442897,-0.556909578266117
Lung Heat,0.0032174531670135244,0.605423544285981,-0.0654698355309516
Lung Heat,0.21898258110759644,0.24321715011478617,-0.00894164193926281
Lung Heat,0.22065731843920042,1.123688130219035,-0.0367754968155027
Lung Heat,-0.786710308886152,0.3024362647037138,-0.612202501497278
Lung Heat,-0.984422945834212,0.37955156438176924,-0.540195177301893
Heart Heat,-0.073233470003515,0.42801235877047195,0.5656182128524537
Heart Heat,0.3650155585749975,-0.157906464122694,1.1193995043031923
Heart Heat,0.4436037084593289,1.0909893453964448,0.36921126062860604
Heart Heat,-0.635251138754952,0.3224748272490052,0.24407137992588923
Heart Heat,-0.63030889210726,0.7020261074504628,-0.286323140252692
Heart Heat,0.1398267254702455,0.5321672900678784,0.05273552927301215
Heart Heat,-0.0981003767657597,0.4693110801961266,0.5451172735495962
Heart Heat,-0.581508148971388,0.8720429001576049,-0.69843611469991
Heart Heat,0.6281730054307263,0.30441895555269977,-0.4249440923665
Heart Heat,0.030940539585260225,0.2934600527525052,0.8206576803662168
Heart Heat,-0.0496334622380039,0.7660170724039208,-0.171493334641871
Heart Heat,-0.0710847274840906,0.8767282407681917,-0.34882177406247
Heart Heat,-0.277224414030498,0.17419528814609483,-0.37642094400334
Heart Heat,-0.124863818268714,0.48750565096338766,-0.11326977169905
Heart Heat,-0.277224414030498,0.17419528814609483,-0.37642094400334
Heart Heat,-0.271878658721232,0.11229228273553961,-0.495603293563028
Heart Heat,0.9440629595718278,0.22931997265715182,-0.202519481177176
Heart Heat,-0.3720165051688,0.5687916500593874,0.3865641738721215
Heart Heat,0.1740322516847713,-0.453983160365678,0.38721009232656917
Heart Heat,0.8226555172722827,0.3784857161561052,-0.17062635194528
Heart Heat,0.3472708394661122,0.7004533885905929,0.5865341912891434
Heart Heat,-0.118844364001161,0.5882793230057467,0.1439595266615281
Heart Heat,-0.0165328310612921,0.45024813440753764,0.2505045139524935
Heart Heat,0.03477157645679123,0.15041555071919907,0.05671261170051204
Heart Heat,-0.591000702170488,0.5766612234445847,-0.0584202761931105
Heart Heat,0.17281944193006782,0.2950517838451992,-0.460751220373941
Heart Heat,-0.226134442993802,0.6639063384029961,-0.419398207134308
Heart Heat,0.13666738826444572,-0.699653106081109,-0.188370009474967
Heart Heat,-0.475497170740741,0.5431252601600131,-0.484694574131298
Heart Heat,-0.769081070632456,0.6365670522676689,-0.577116484547125
Heart Heat,-0.359134965691623,0.22558154116861667,0.5883819764465856
Heart Heat,0.30026629760693574,0.3664492411419496,0.49721357328225896
Heart Heat,-0.445899077719329,0.45310494005707186,0.43919864998545294
Heart Heat,-0.37502366571371,0.36658701233656094,0.10485236535143463
Heart Heat,-0.0919721400276747,-0.442022978290513,1.0584228488205256
Heart Heat,-0.58104191126845,0.6029757595191484,0.272770348686232
Heart Heat,-0.47287485737063,0.7054027209732224,0.14240890996623742
Heart Heat,0.3446225324990024,0.7933306616031577,-0.659456358235251
Heart Heat,-0.309977465838568,0.2489851269435401,-0.613475001993065
Heart Heat,-0.366878406817453,0.5442893298474127,-0.420964872010248
Heart Heat,0.43093274391202974,0.9464033521154895,0.015981397014471113
Heart Heat,-0.196131276878912,0.6565072368609891,-0.632891322180095
Heart Heat,-0.521683566136838,0.7169988002003583,-0.236192794048074
Heart Heat,-0.619721467513471,0.223965812730798,-0.759176227720502
Heart Heat,0.07988754376039853,0.7448278152387691,-0.598605581683564
Heart Heat,0.20705754804630255,-0.563069064640062,1.0050511969437492
Heart Heat,0.9980695601347571,0.053945065117459244,-0.405771066649145
Heart Heat,0.5507441600480611,0.739798978193194,-0.261434657964953
Heart Heat,-0.712830146475173,0.8704913670977634,-0.544590726232203
Heart Heat,0.283317423928166,0.586287114866073,-0.590016226355199
Heart Heat,-0.402195762199679,0.3854788155672621,0.7592000440390339
Heart Heat,-0.0317527327401596,0.39346412495791966,-0.67563464710768
Heart Heat,-0.29050382891544,0.3944306120633895,0.4085756028438277
Heart Heat,0.5786034413193236,0.3502643837210684,0.4230027183583944
Heart Heat,0.2786172352511703,-0.478029041561567,0.5597251685712399
Heart Heat,-0.968670245526793,0.23281364427515253,-0.422564836893261
Heart Heat,0.7302491141720845,0.03790096074489934,0.0085513764185698
Heart Heat,0.14875166194652928,-0.488908719114558,-0.113592744741793
Heart Heat,-0.278369050308058,0.4064358472519433,-0.492404487384489
Heart Heat,-0.00212720797776864,0.43701584344486244,-0.0772017237386735
Heart Heat,-0.377098912422948,0.5312604553134762,-0.445206329194024
Heart Heat,-0.524043919705457,0.7120885517002925,0.14035462566558876
Heart Heat,-0.154263151842064,0.1485310951023688,-0.850120997626604
Heart Heat,0.27410991204243973,1.1612263467864508,0.29685315678198937
Heart Heat,-0.663638698652222,0.6178241051542493,-0.325397546928048
Heart Heat,-0.33610893183905,0.44815571002084464,-0.510791472224994
Heart Heat,-0.56888922089791,0.7156396147617918,-0.0638977542522784
Heart Heat,-0.524043919705457,0.7120885517002925,0.14035462566558876
Heart Heat,-0.534656878495377,0.5946140517945986,-0.569591146550916
Heart Heat,-0.908981599499626,0.12338085840694245,-0.502996545620562
Heart Heat,-0.290671780461961,0.6680895318467203,0.6331161631721591
Heart Heat,1.1988903832556643,-0.0589832899756504,-0.344292375391995
Heart Heat,-0.30229415665142,0.5737740862285142,-0.175292997287295
Heart Heat,0.1383328154106606,0.574769697694009,-0.157751997320949
Heart Heat,-1.06013968517025,0.06987459536696687,-0.432407977409323
Heart Heat,-0.0961304357802758,0.7753803924564672,-0.225096162416434
Heart Heat,-0.269584786295921,0.7775621759986641,-0.698339607850906
Heart Heat,-0.243496330573142,0.3862656903554954,0.49302074026545034
Heart Heat,-0.695597421261577,0.6313065962780813,-0.942251686929675
Heart Heat,-0.649672741661776,0.43803268061990774,-0.482742186520471
Heart Heat,-0.259602446108619,0.3603147118173785,0.47542318982182546
Heart Heat,0.2602702258609494,0.9890921820653051,-0.166789785336031
Heart Heat,-0.484538613981801,0.8859057423146198,-0.649633438960067
Heart Heat,-0.239845843020956,0.2998856549577168,-0.186181976119057
Heart Heat,-0.0634312224120929,0.7052955383740493,-0.258372587413384
Heart Heat,1.0822670385243764,0.1714393465317741,-0.0339022318771123
Heart Heat,-0.454274342742845,0.7427196947181451,-0.381198666640797
Heart Heat,-0.483659627714027,0.4622555243931711,0.3663515946370753
Heart Heat,-0.842436678955964,0.4641526509050999,-0.657989141138642
Heart Heat,-0.440423351129075,0.7273501385146764,-0.0157901429509977
Heart Heat,-0.0396488515481787,0.6616895519782496,0.8630571900796015
Heart Heat,-0.0122806711966754,-0.204676591025847,-0.0628798494984652
Heart Heat,-0.225136765108858,0.9075611657456644,0.2958514117339605
Heart Heat,-0.464697518744268,0.5668054768866192,-0.322738360342765
Heart Heat,-0.421046114196567,0.2984434874434457,0.8429916741469909
Heart Heat,-0.513964844478775,0.2238401316877027,0.807429370096605
Heart Heat,-0.312649481808642,0.6660293792476313,-0.350724384360772
Heart Heat,-0.383082809294394,0.6775698580031515,0.5909121272459311
Heart Heat,-0.223148838113502,0.45029612325735385,-0.0670407834924701
Heart Heat,1.0971204096717841,-0.276051264994215,-0.390332716766878
Heart Heat,-0.349302484604373,0.5546402415395936,0.6734133118679066
Heart Heat,-0.444689059065086,0.4326120951000331,0.3775595072362521
Heart Heat,0.20066263733620157,0.9153511535451504,0.04974775874327999
Heart Heat,0.03261614260817364,-0.40621560344353,-0.0259715343274589
Heart Heat,-0.468056329599874,0.6373859698849952,0.09745183449372126
Heart Heat,-0.216638359472994,0.4533961892327047,-0.18711633090476
Heart Heat,0.1728113573259784,0.29694153551903185,0.2813006547250517
Heart Heat,-0.817088224903124,-0.345189213992834,-0.370063708031176
Heart Heat,-0.852303456134562,-0.648640100806665,-0.610290085502698
Heart Heat,-0.375096991603992,0.24780972712383278,0.8552849707743216
Heart Heat,-0.298569672890786,0.7321991276694435,-0.098817379502181
Heart Heat,-0.379102874785846,0.5860144789663084,-0.588060754169244
Heart Heat,-0.672748291940621,0.4053049828271983,-0.109267418993674
Heart Heat,-0.565977370808793,0.8055266861912165,-0.614730553244101
Heart Heat,-0.351501157701094,0.43567605437326745,-0.681288245280624
Heart Heat,-0.562123960431802,0.7489094389938415,-0.17830415446508
Heart Heat,0.07729948815985987,0.6043672562292152,0.7411919542648305
Heart Heat,-0.00483634724986829,-0.82992435639199,1.2289455660344506
Heart Heat,-0.467042370668936,1.0413684061873125,-0.0188698985354473
Heart Heat,-0.228708818168343,0.7474964179744678,-0.383969683400165
Heart Heat,0.001677714794231766,0.3523023330745543,-0.623490319874757
Heart Heat,-0.436351899710385,0.41997083755184084,-0.569310825920581
Heart Heat,-0.222252110656328,0.49490663236193894,-0.0214984810198351
Heart Heat,0.013687222874973978,-0.425309269547282,-0.686462013212359
Heart Heat,-0.612827278764783,1.0262578739470645,-0.248446302147339
Heart Heat,0.3103162461462107,1.2049152341467437,0.12372885129976018
Heart Heat,-0.346973294292086,0.5826885599888744,0.5635181203007857
Heart Heat,0.8670152722165514,0.05296440725916439,-0.275483088030642
Heart Heat,0.6479460722672665,0.1109331834122005,-0.370137395899167
Heart Heat,-0.00352657115721928,-0.0954537026938848,-0.457573187783592
Heart Heat,0.3145327905785319,-0.139691455737816,0.09550737372864844
Heart Heat,-0.146216155212205,-0.175620372932259,-0.704902071682686
Heart Heat,-0.323174821932556,0.720547366691115,0.18546205609955219
Heart Heat,-0.0699389666700489,0.12391289009934428,-0.621351349983764
Heart Heat,-0.66305970332068,0.5740635276177781,0.48006376285360486
Heart Heat,-0.164036746761631,0.02322545469045271,0.7971314867246765
Heart Heat,-0.246477685881934,0.8988251709538689,-0.218371642630363
Heart Heat,-0.436012841628268,-0.0712650277949173,1.0317542875860697
Heart Heat,-0.289437845974818,0.31795070633366307,0.8321052081735062
Heart Heat,0.06094570542231755,0.5286279402154254,-0.460067456997438
Heart Heat,-0.421050441940546,0.29012572587311364,0.10118012523106118
Heart Heat,0.06517775342454288,0.8086056277343314,0.17308141729019105
Heart Heat,0.18807960682918723,0.6904137594820623,-0.498807203323134
Heart Heat,-0.263155926546885,0.31777460760222076,0.6674545031011891
Heart Heat,-0.0752527701342515,-0.377218068622979,1.2251366953983795
Heart Heat,0.25998941229260764,0.6672618071515077,-0.00215550600500399
Heart Heat,-0.0752159695277914,0.8514533648832505,-0.0661293869442439
Heart Heat,-0.0654388435526787,0.8151482680027855,-0.107012089569009
Heart Heat,-0.287063289028879,0.7488283780950095,-0.249931805119776
Heart Heat,-0.289434444373373,0.22991354920912893,-0.0106200016408054
Heart Heat,-0.478416714258523,0.6154718296915508,0.67819666430327
Heart Heat,-0.0644006443373771,0.14165177843725635,0.5068265673382332
Heart Heat,-0.322425388791396,0.4609624148722093,0.1916550228389369
Heart Heat,-0.597480578571183,0.42893721001485097,-0.687845159550001
Heart Heat,0.06969916085481977,0.6551780325272223,-0.883059115218515
Heart Heat,-0.22756617056822,0.699481351292751,0.34315914804726
Heart Heat,0.019921803054164012,0.7275843122102521,-0.248252990408855
Heart Heat,-0.123261177522009,0.23703222512807337,0.1196133245201386
Heart Heat,-0.0482187013759254,0.43128291818878145,0.2100233920292579
Heart Heat,-0.663638698652222,0.6178241051542493,-0.325397546928048
Heart Heat,0.1503986809287554,1.09109529168501,-0.124270856114495
Heart Heat,0.0631241171741471,0.4618032098425801,-0.233679455591642
Heart Heat,0.42511448875620234,0.2749330117496218,0.05738221017683518
Heart Heat,0.36190057002159387,0.4437548466335406,0.6099841158398924
Heart Heat,-0.410536915569019,0.6186630370681543,-0.158967630389082
Heart Heat,0.13868402068046828,0.5284835239936977,0.1443425764784937
Heart Heat,-0.247606407135307,0.7958407382159415,0.22195214039252664
Heart Heat,-0.852705810458625,0.8676379607131011,-0.570987532447432
Heart Heat,-0.296009610021534,0.7935769763582303,-0.647091821072936
Heart Heat,-0.154493603998291,-0.619458670384251,1.2359901621719447
Heart Heat,-0.00286488714498632,-0.800352757317513,1.37936604465647
Heart Heat,0.11564722189280265,0.7092638600484159,-0.0436187000508376
Heart Heat,-0.228859783877582,-0.171462232546933,0.8661602597907275
Heart Heat,0.3838943393315903,1.0410928298282838,0.14817350114522107
Heart Heat,-0.217156907975225,0.81274437111709,-0.645157440488419
Heart Heat,-0.0888635137219085,1.08161006288907,-0.493805434300476
Heart Heat,-0.326894315453296,0.965214293583502,-0.297392411848657
Heart Heat,-0.711760295291661,0.3691138101339804,-0.281029004223516
Heart Heat,-0.118618995808194,-0.17174698034607,-0.137023835823868
Heart Heat,-0.803901054585347,0.5337953425420644,-0.873055993501158
Heart Heat,-0.0945288920024212,0.8693057208894519,0.02820811153516704
Heart Heat,0.18533424730978915,-0.545703937907095,0.86827014021922
Heart Heat,-0.175517230261374,-0.128733093850678,0.9165571698918127
Heart Heat,0.1663524171081843,0.5385290259657574,0.22208451746508823
Heart Heat,-0.428707367518359,0.11507331328883326,1.219946800877181
Heart Heat,-0.244503436965232,0.3676848268171089,-0.371376404084334
Heart Heat,-0.882954754080113,0.20253978366566866,-0.380837547025158
Heart Heat,-0.398423410590012,0.5460546068410247,-0.116644844594276
Heart Heat,-0.40842449564407,0.9024019302005883,-0.193311283315422
Heart Heat,-0.261321090316727,-0.092199139658687,-0.684212211551488
Heart Heat,0.013922849338738694,0.7366003957313532,0.0213383077232393
Heart Heat,0.052542859998062456,-0.663024353283447,1.160034776378983
Heart Heat,-0.0918616524179518,-0.0536430558207496,0.8063884781816198
Heart Heat,0.3578447574182602,0.188816731166131,0.6101629338987857
Heart Heat,-0.547002376792565,0.7350347642667375,-0.260650641693178
Heart Heat,0.002315687586161734,0.3812096703063587,0.060216959330544585
Heart Heat,-1.12815977256339,-0.0710973480412612,-0.00332113389460014
Heart Heat,0.4270597289123625,-0.0868082296627534,0.8059307894914052
Heart Heat,-0.21673493394798,0.7011689091887477,-0.563279465353699
Heart Heat,-0.120027535367401,0.6225077285177308,-0.0559123005594654
Heart Heat,-0.344057393184568,0.4035580051608785,0.1922698509500086
Heart Heat,-0.459506972304123,0.5416833933325508,0.3144263754953928
Heart Heat,-0.191485475405065,0.4871714254309836,-0.27502350167377
Heart Heat,-0.63926437971867,0.5692889139342199,0.1043027088519003
Heart Heat,-0.269381716636666,0.5600781157876278,-0.0902339880255592
Heart Heat,-0.562634201226543,-0.242762732812932,-0.526587925245338
Heart Heat,0.3270606150416572,-0.292293992206218,-0.759258472980603
Heart Heat,-0.0107240609464049,1.0019359545404767,-0.389650960894731
Heart Heat,0.3134461153499043,0.6811223904674635,0.28465531027995616
Heart Heat,-1.18354666222883,0.06873361667193456,-0.382889407011136
Heart Heat,-0.177071221292165,0.8441757616507816,-0.528270315666718
Heart Heat,0.32017774740536026,0.04024750832118293,0.4809912982010854
Heart Heat,-0.20198816397621,0.7185558453535843,-0.142281247856515
Heart Heat,0.7944381561407379,0.07028786645260285,0.15008131122381171
Heart Heat,0.11844400396110628,-0.625604678868513,0.8808416177943384
Heart Heat,-0.150724478994168,0.8173779433046442,-0.535361568225412
Heart Heat,-0.113897710839082,0.8516132822317317,-0.275897540774651
Heart Heat,-0.129535623873338,0.5359000741240355,0.06524783918961827
Heart Heat,-0.46515023719179,0.43556740649889036,-0.720965802574046
Heart Heat,0.06209749103253017,0.914393732454012,0.3677084339966928
Heart Heat,0.1352267338894832,0.1898700690973084,0.8094458897324698
Heart Heat,0.18319382547368268,0.5102594413800591,0.7907170582024694
Heart Heat,0.20227371580528836,-0.5495581752602,0.8302847543030171
Heart Heat,0.6464382341133653,-1.18636288141403,0.5523236283558873
Heart Heat,-0.737017153596358,0.4986635463250251,0.001004738300274317
Heart Heat,-0.35763791694679,0.756736399431918,0.21663753818415024
Heart Heat,0.04190424932131821,0.3045561745861854,0.09960418247440211
Heart Heat,0.6149006045620434,-0.507798042305887,0.8341845079417062
Heart Heat,0.8248551718732483,-0.0852782868497841,0.2828024456775709
Heart Heat,0.35804085538676844,1.09649338761392,0.08518703262495317
Heart Heat,-0.274649252861451,0.6724425934715603,0.3315329209461069
Heart Heat,-0.442143633488268,0.5036570022664525,0.4229156137804237
Heart Heat,-0.793523645182216,0.5430147407638294,-0.673297120728976
Heart Heat,-0.561467501533105,0.5538833309636552,-0.174878822667497
Heart Heat,-0.511963803232367,0.6710438707844363,0.061333477643952285
Heart Heat,-0.207938792249117,0.486729553550518,-0.679664047161239
Heart Heat,0.2602702258609494,0.9890921820653051,-0.166789785336031
Heart Heat,-0.540128031454462,0.4115330527643971,0.18884525235945496
Heart Heat,-1.05077386840491,-0.439925915596972,-0.407441561818056
Heart Heat,-0.0937324210177132,0.9338185488264019,0.038255356677874316
Heart Heat,-0.462708776660983,0.595941023440844,0.24954756800452546
Heart Heat,0.33258519647790963,0.25550968445712824,0.5618230899395454
Heart Heat,-0.0759831148652022,-0.355074246386487,0.2053476155197334
Heart Heat,0.15638140399975495,-0.773875747495084,1.3415162034189814
Heart Heat,-0.0715187369929505,1.0010271430495168,-0.232547574750482
Heart Heat,0.000949619720849107,0.9101602040829793,-0.00678138500200753
Heart Heat,-0.377030674653059,0.5106756121686251,0.35522795053411077
Heart Heat,-0.207316378674367,1.085248684939,-0.141803260527503
Heart Heat,0.17355064369150255,0.6445578023544148,7.847031035713711e-05
Heart Heat,0.14778514544034463,0.6244748594731062,0.22988863485708189
Heart Heat,-0.313971949119988,0.7227299531777728,-0.313050764644947
Heart Heat,0.2649498738067716,0.08316352902161754,0.6351689143894156
Heart Heat,-0.486953614404742,0.5417302538381874,-0.0120917021301163
Heart Heat,-0.136003890299149,1.049101035353649,-0.354709505788389
Heart Heat,0.2763642742503125,-0.661588437504307,1.0190847189768053
Heart Heat,-0.34497174971064,0.7835825217854019,-0.395783216119548
Heart Heat,-0.538973075933163,0.5475260119172536,-0.375667735962761
Heart Heat,-0.270237269471967,0.4234876377098178,0.2344864894818627
Heart Heat,-0.207938792249117,0.486729553550518,-0.679664047161239
Heart Heat,-0.0903353735717532,-0.968818834474539,0.0019674955961485364
Heart Heat,-0.636393364338201,0.1161856914224883,-0.258584286628535
Heart Heat,0.04041357529416158,1.039332696907945,-0.381054557156128
Heart Heat,-0.685251204538154,0.5624157955018324,0.20583746362806207
Heart Heat,-0.417723259924401,0.4508428947238786,0.2856066421590875
Heart Heat,-0.274275293408978,0.6858413131868184,0.15802111783324127
Heart Heat,0.007732248523662386,0.06004327808174236,0.692338349196029
Heart Heat,-0.0769018498731963,0.27271156101074473,0.3071915663377114
Heart Heat,-0.677405142616497,0.23416163486181216,0.3421828304007418
Heart Heat,-0.875464902601078,0.4992697724720474,-0.508325905497448
Heart Heat,-0.51572981839052,0.6293016142816172,0.05272328217764757
Heart Heat,-0.331643206082346,0.5951408093779785,-0.376340067690435
Heart Heat,-0.406189754964604,-0.0324347558808062,6.895800488274762e-05
Heart Heat,0.6553907253126644,-0.651570503102102,-0.238176262386834
Heart Heat,-0.183557638024463,0.7377956271005429,-0.363162179648084
Heart Heat,-0.404102770100161,0.5480460660118444,0.3719163910811824
Heart Heat,-0.071095127876621,0.08684926519320249,-0.0551564418573697
Heart Heat,-0.814839423410898,0.5651656071786225,-0.947818328773579
Heart Heat,-0.466032950637853,0.5670286342188705,0.5342488569636333
Heart Heat,-0.300158604774677,0.4533663890848549,0.5147686404848889
Heart Heat,-0.390522779116962,0.46296892328809947,0.32452559203293696
Heart Heat,-0.0791720416584955,-0.376104608837238,0.9353633462482923
Heart Heat,0.2473258397043392,0.44121040113406484,0.5982687581155863
Heart Heat,0.013687222874973978,-0.425309269547282,-0.686462013212359
Heart Heat,-1.01889297449748,-0.406343650398748,0.0030972446477226965
Heart Heat,0.28839468237522115,0.5102727668540123,0.624459641297237
Heart Heat,-0.161129423515333,0.23291797936199948,0.8094475692157471
Heart Heat,-0.57772780551539,0.9546386992027015,-0.0702507776977687
Heart Heat,-0.00515068586808798,-0.0905946629809348,0.9662647466168244
Heart Heat,0.16453765455759836,-0.637609712970592,1.1766489764131645
Heart Heat,-0.321121124544063,0.12200338208817477,0.8603811369698007
Heart Heat,-0.385478139648257,-0.185987803412008,-0.723745742265691
Heart Heat,-0.0407622585253186,0.019532825101489435,-0.863087571978014
Heart Heat,-0.715045481061705,0.9212617339929599,-0.712684125141023
Heart Heat,-0.372172585432525,0.7474557650956907,-0.0304023177217198
Heart Heat,-0.636979460909685,0.42341442609615315,-0.127930592661249
Heart Heat,-0.0673576582395674,-0.460936070042715,1.2306861756573755
Heart Heat,-0.351577270349418,0.5752199618858733,-0.725215377890115
Heart Heat,-0.0931424786130025,0.3733677760854077,1.2010709515996691
Heart Heat,-0.142425391768405,0.4064212734584404,-0.721522851542338
Heart Heat,-0.646933369300991,0.8273083817995159,-0.634068502592109
Heart Heat,-0.662460252816764,0.39082179553053015,-0.811294003586482
Heart Heat,-0.071095127876621,0.08684926519320249,-0.0551564418573697
Heart Heat,-0.124098239983751,0.5634057769405908,-0.108729767529096
Heart Heat,-0.586594574252617,0.6910821297563047,0.1493280251729918
Heart Heat,-0.22756617056822,0.699481351292751,0.34315914804726
Heart Heat,-0.589054306297147,0.20318433920414866,-0.696188839429018
Heart Heat,-0.657727011417948,0.7410430560953758,-0.670522697812097
Heart Heat,0.5172607212587453,0.5945927975644518,0.46146076212421205
Heart Heat,0.7865015491690177,0.6179963781926491,-0.148800398731061
Heart Heat,-0.121889079204703,0.1476356370867724,-0.582828226687087
Heart Heat,-0.413737690815435,0.8124930240762865,-0.0882267606368135
Heart Heat,-0.626296621619336,0.7023277122709427,-0.280165465203302
Heart Heat,-0.318367774139009,0.12091777004733664,-0.66463269596955
Heart Heat,0.5043576603741949,0.42875929899698423,0.5826474050486389
Heart Heat,-0.282925739830264,0.21213043509777024,-0.738420678925327
Heart Heat,-0.718907741230762,0.7454776671773045,0.03444394989053308
Heart Heat,-0.541546433608909,0.44536189445696356,0.30608816498058
Heart Heat,-0.0987401711686722,0.13402991896433392,0.7378190116975399
Heart Heat,-0.89402469244099,-0.268113828640274,-0.272777117008475
Heart Heat,-0.0511511381036819,-0.0284125240952066,-0.858862971091548
Heart Heat,-0.383028851991481,0.8738762042038883,-0.651443910422832
Heart Heat,-0.147452531416396,0.11712254032068849,0.8218193689609223
Heart Heat,-0.693372347640402,0.9818940888577473,-0.656331248699984
Heart Heat,-0.706675296472448,0.8670403237049253,-0.557807881565027
Heart Heat,0.5500288206299948,0.6721688150437721,-0.171264455079697
Heart Heat,-0.898269992719278,0.19725707260819186,-0.71483839429237
Heart Heat,-0.151733336010931,-0.0658944685067473,-0.552423636099253
Liver Blood deficiency,0.2587368350529586,-0.581070730740583,0.586159163814853
Liver Blood deficiency,-0.265998367919602,-0.0690388614619053,0.29020715054504426
Liver Blood deficiency,0.6143777341303513,-0.179937854309084,0.4340217861779769
Liver Blood deficiency,0.10702621727477686,0.24103678054520847,0.30376169063088315
Liver Blood deficiency,-0.115886419786659,-0.107678675151528,0.6849574629090196
Liver Blood deficiency,-0.811478135491123,-0.0537257137061462,0.2759691836316836
Liver Blood deficiency,-0.613452602520356,-0.0831166162453323,0.5957590764627614
Liver Blood deficiency,-0.986843614429039,-0.10523845673744,0.307095156079401
Liver Blood deficiency,-0.972076769388688,0.010131237077659406,0.06747928269721935
Liver Blood deficiency,0.08330220482243109,-0.058597292761203,1.0673594286113863
Liver Blood deficiency,-0.248912967165682,0.026595693462561874,0.793721269127379
Liver Blood deficiency,-0.299697195671559,0.04262968086438356,0.9541656345046327
Liver Blood deficiency,0.2691535330848553,0.021131149965703058,0.7802469360349326
Liver Blood deficiency,-0.0164002739934738,-0.381715219702817,0.7568365466477286
Liver Blood deficiency,0.13279162582568751,0.0501481246673486,1.1107400006832546
Liver Blood deficiency,-0.853126408300999,-0.341758363830972,0.1815667079191567
Liver Blood deficiency,-0.888703009637039,-0.444716380719515,0.3557038321136334
Liver Blood deficiency,-0.407921751841328,0.26666656330900007,1.0798753255398321
Liver Blood deficiency,0.30743729857068774,-0.615193285113752,0.5196021297034193
Liver Blood deficiency,-0.129009204092305,0.3957095112888009,0.5734863046254581
Liver Blood deficiency,0.15818048242213362,-0.75152121490228,0.7587602359098179
Liver Blood deficiency,-0.121101737180581,-1.07012220442471,0.6185498022018644
Liver Blood deficiency,-0.0609410164034423,-0.365771012089031,0.2481711454643358
Liver Blood deficiency,0.20262327907736222,-0.445318168969469,0.7312166588930532
Liver Blood deficiency,-0.0917900715877725,-0.237931880234983,0.4790061900206674
Liver Blood deficiency,0.21145970036999465,-0.878127956292674,0.12267277184621345
Liver Blood deficiency,-0.324321741767938,0.4049646789601234,-0.319557840853012
Liver Blood deficiency,0.22630716928880534,-0.852070683692637,0.8855342927056934
Kidney Qi deficiency,0.3765646392943976,-0.77881884514966,0.8498860482370545
Kidney Qi deficiency,0.045480987420779155,-0.437768728588139,1.126758328153272
Kidney Qi deficiency,0.0644894757973683,-0.34989702824807,0.8505560588913449
Kidney Qi deficiency,-0.923302534173285,0.046185674843401504,0.23868174624719832
Kidney Qi deficiency,0.16628943279434308,-0.909848825098662,1.198399518771793
Kidney Qi deficiency,-0.71974818096412,-0.0386701665242244,0.3948900062614427
Kidney Qi deficiency,-0.124236873709085,-0.263981343138515,1.1397176766734571
Kidney Qi deficiency,0.3768297029970549,-0.422755560213698,-0.533036527365001
Kidney Qi deficiency,0.22403902668131986,-0.830540813620965,0.5990047456469073
Kidney Qi deficiency,0.4085100783818952,-0.974687460206209,0.7559506805450359
Kidney Qi deficiency,-0.115653001019662,-0.0441699246258558,0.9688508928516752
Kidney Qi deficiency,0.22291580698874114,-0.507369843923376,1.0720419212758607
Kidney Qi deficiency,0.04832136405682172,-0.746379110304611,1.1661988480926426
Kidney Qi deficiency,0.047683838001443296,-0.708414210863924,1.1840717800686988
Kidney Qi deficiency,0.9131059436557892,-0.83149204147422,0.07180247096170046
Kidney Qi deficiency,-0.207857684096471,-0.287424461595017,0.3085279532545202
Kidney Qi deficiency,-0.0805119381503002,-0.306830276073228,1.254464784993721
Kidney Qi deficiency,-0.342080525690523,0.0781877957140424,1.3684468790542206
Kidney Qi deficiency,-0.103622174309363,0.4237174033164418,-0.577666481594018
Kidney Qi deficiency,0.027025550276010824,0.031173373487888567,-0.799573174808051
Kidney Qi deficiency,-0.0834605709107942,-0.574629269555692,0.976512526746691
Kidney Qi deficiency,0.10330055790799793,-0.346762300016981,1.0166039487613705
Kidney Qi deficiency,0.1989749325908247,-0.797711835951621,1.1641909785784748
Kidney Qi deficiency,1.152140255747325,-0.459803186610303,-0.113600309998116
Kidney Qi deficiency,-0.320636816549525,-0.205631595134298,-0.291038840913374
Kidney Qi deficiency,0.43633521266720726,0.6250040609268053,0.17932970335684095
Kidney Qi deficiency,0.4414641498766157,-0.0491894545014512,0.9084868870052052
Kidney Qi deficiency,0.004037759751788941,-0.333610210817354,1.0589868230452697
Kidney Qi deficiency,0.04031304463759417,-0.74220955877995,1.0397740976431438
Kidney Qi deficiency,0.20705754804630255,-0.563069064640062,1.0050511969437492
Kidney Qi deficiency,0.5518690791324908,-0.156207055595905,0.48734838162248173
Kidney Qi deficiency,0.18417840897998122,-0.383028496129714,0.6439584329201137
Kidney Qi deficiency,0.05574858975398637,-0.522447984487917,0.9067030518135186
Kidney Qi deficiency,-0.0782845141681461,-0.706778908931957,1.06197517379104
Kidney Qi deficiency,-0.344261956041762,0.0018283048473678306,1.2726122230470003
Kidney Qi deficiency,-0.245182054299335,-0.427632387304516,0.9862466509776098
Kidney Qi deficiency,0.08315562749990356,-0.996231121796595,1.0057497855375088
Kidney Qi deficiency,0.2545379658440029,-0.786672682021727,1.0628385950592505
Kidney Qi deficiency,0.19291053879348521,-1.03928617935828,1.1499670272673852
Kidney Qi deficiency,0.13782294461622452,-0.528089171045367,0.9256208758984557
Kidney Qi deficiency,-1.13508199603826,-0.0736414685462342,-0.0915063261872697
Kidney Qi deficiency,0.21998222914251667,-0.923533814533655,1.1701364515798647
Kidney Qi deficiency,-0.234063333191153,-0.0189042919269538,1.0145493816262927
Kidney Qi deficiency,0.10580200971779526,-0.449825289132893,-0.486097289402775
Kidney Qi deficiency,0.9550041583280795,-0.31063417521178,0.5713667193079595
Kidney Qi deficiency,-0.468886374826148,-0.416858407971915,-0.0975621761032003
Kidney Qi deficiency,-0.0891953657346537,-0.447662143235374,1.1513675387761717
Kidney Qi deficiency,0.9344204770573308,-0.648227011704754,0.12127010301848598
Kidney Qi deficiency,0.08443241022268824,-0.802273005921086,1.4076370312159285
Kidney Qi deficiency,0.8940360110749397,-0.435941479337559,-0.00733614150838286
Kidney Qi deficiency,-0.599972689728948,0.6617187851502018,0.21506034608781138
Kidney Qi deficiency,0.5195334576671684,0.7524870715351403,0.1742032726443069
Kidney Qi deficiency,-0.0584367648187036,0.4384081315561041,-0.473301538084031
Kidney Qi deficiency,0.7014449856456934,0.35213497065711313,-0.0521302631316826
Kidney Qi deficiency,0.25559436090038096,-0.567000006267997,1.0682798569383143
Kidney Qi deficiency,-0.0324618250836585,-0.561032035518773,-0.231435583135324
Kidney Qi deficiency,0.10797660448142953,-0.601799142668064,0.9535781452598836
Kidney Qi deficiency,-0.470362723472969,-0.0920943233154071,1.2352546702400893
Kidney Qi deficiency,0.03072625277941855,-0.342994779255843,1.0259939654087604
Kidney Qi deficiency,-0.1160209521976,-0.566666660533429,1.100139831256967
Kidney Qi deficiency,-0.613452602520356,-0.0831166162453323,0.5957590764627614
Kidney Qi deficiency,0.7420164674081763,-0.421317279834869,0.42862662023271253
Kidney Qi deficiency,0.03225636306202722,-0.854657120950355,1.1557162942538186
Kidney Qi deficiency,0.21323576145661297,-0.562546834015192,1.107055352594783
Kidney Qi deficiency,0.7205610995959891,-0.836321244250918,0.4776268670233891
Kidney Qi deficiency,0.109418780175476,-0.242586017248988,0.7301763124735872
Kidney Qi deficiency,0.188720600082617,-0.906486724966316,1.2208277888234864
Kidney Qi deficiency,0.3451400564555826,-0.516239942060071,0.4135808066361118
Kidney Qi deficiency,0.11898073255605641,-0.614409909973455,1.1030306628710684
Kidney Qi deficiency,0.07431898545291248,-0.860539655056136,1.2998123860654365
Kidney Qi deficiency,0.38814905810654265,-0.510226278156057,1.127252230660288
Kidney Qi deficiency,0.22072282793701803,-0.868921917177123,0.5967441768587669
Kidney Qi deficiency,-0.845192176224215,-0.0899137633234743,0.27402552554956217
Kidney Qi deficiency,-0.67097151564439,-0.383934220007702,0.48600844763194573
Kidney Qi deficiency,0.04135169436182567,-0.536380788232401,1.1928954093002846
Kidney Qi deficiency,-0.20118831766433,-0.314359949285655,1.1867721097747466
Kidney Qi deficiency,0.20988303561884145,-0.627029665777433,1.1875043533583882
Kidney Qi deficiency,0.2131437490467803,-0.562829646587466,1.0308755054487593
Kidney Qi deficiency,-0.234063333191153,-0.0189042919269538,1.0145493816262927
Kidney Qi deficiency,-0.187899024481022,-0.312614248015651,0.4229847261379676
Kidney Qi deficiency,0.6553691003341428,-0.821719357694153,0.24085337949745295
Kidney Qi deficiency,0.7467375333728573,-0.152622250816893,0.16345816177706665
Kidney Qi deficiency,0.47537799301757067,-0.856260772500488,0.8246275296677704
Kidney Qi deficiency,0.4984680366369454,-0.774581114462064,0.9671039208708039
Kidney Qi deficiency,0.13901025080884247,-0.766714180717083,0.993332251584248
Kidney Qi deficiency,-0.269521463085602,-0.141483366137162,1.3068917859059197
Kidney Qi deficiency,1.0409472154164308,-0.429251908229959,-0.151393580639928
Kidney Qi deficiency,0.44892141826306653,-0.722920948156302,0.7530447917771212
Kidney Qi deficiency,0.0899959506243831,-0.622319861380785,0.7995891278786265
Kidney Qi deficiency,-0.150422090546798,-0.446919611659946,0.9394382369195132
Kidney Qi deficiency,-0.0054679577074992,-0.457837375745818,1.0319606920768982
Kidney Qi deficiency,-0.138595544682088,-0.307274270206905,1.288914140302375
Kidney Qi deficiency,-1.04080746182159,-0.0559170186448614,-0.0782488264652347
Kidney Qi deficiency,0.042000061830748746,-0.283466150639824,0.8872735829909298
Kidney Qi deficiency,0.10816425063218542,-0.550010323244821,1.288747873926785
Kidney Qi deficiency,0.38866844924999644,-0.43313551396083,0.9547526520748167
Kidney Qi deficiency,-0.0189902146553917,-0.64979220444493,0.9858875229795981
Kidney Qi deficiency,0.27168224960227894,-0.860694965718655,1.2340891603597777
Kidney Qi deficiency,0.15139003470202267,-0.81827580941111,1.2462873984183516
Kidney Qi deficiency,0.43326875082833877,-1.19385963637999,0.7115842668717814
Kidney Qi deficiency,-0.417450163971593,-0.103616675908235,0.7916307554855929
Kidney Qi deficiency,0.18886357430134626,-0.801757835288618,1.0355046181100653
Kidney Qi deficiency,0.08828482352224924,-0.541155691496957,1.132857381748777
Kidney Qi deficiency,-0.174148064622929,-0.531190393685531,1.137541939882906
Kidney Qi deficiency,-0.0301682839715531,-0.809074203354653,1.0755624651261875
Kidney Qi deficiency,0.6503069915617243,-0.701501957412885,-0.0843784438983762
Kidney Qi deficiency,0.24645898193829835,-0.938581029284366,1.0922786998864809
Kidney Qi deficiency,-0.292131314973971,-0.515804630283451,1.0133743451677755
Kidney Qi deficiency,-0.350176377722268,-0.347525947053169,1.0562203906286183
Kidney Qi deficiency,-0.160983891820492,-0.423965950613209,1.3147819420070055
Kidney Qi deficiency,-0.538150602755712,-0.244458045564949,0.7005819402616431
Kidney Qi deficiency,0.2455385843533473,-1.0726093106552,0.8183615072543916
Kidney Qi deficiency,0.3265445570238848,-0.00962161488956408,0.4352179158731873
Kidney Qi deficiency,1.1114913974195264,-0.710035051797466,0.15806347379851676
Kidney Qi deficiency,0.8468673727304157,-0.49876372716594,0.04842666219749734
Kidney Qi deficiency,0.6996111397255729,-0.764365357681838,-0.486297098953812
Kidney Qi deficiency,0.5431273830478234,0.346220727477461,-0.466852978787697
Kidney Qi deficiency,-0.205071562118313,-0.644976067387787,0.8697287879847205
Kidney Qi deficiency,0.9348335517502284,-0.694558572362241,0.30935098193399196
Kidney Qi deficiency,0.4309988825268448,-0.57239150875072,0.3902370128293371
Kidney Qi deficiency,0.6154821119020882,0.3916979148378807,-0.118484968475787
Kidney Qi deficiency,-0.0923934051988112,-0.376939058731562,0.6193587664868602
Kidney Qi deficiency,-0.866089944339091,-0.265677504966827,0.33264687253478237
Kidney Qi deficiency,-0.204235215522986,-0.542377534591648,1.184266831775481
Kidney Qi deficiency,1.0185777703048298,-0.0178689582294633,-0.165639761294853
Kidney Qi deficiency,0.4539114122100621,-0.155458439348761,0.5481385216213986
Kidney Qi deficiency,0.0665511156779315,-0.350820715433875,0.7584752778083608
Kidney Qi deficiency,0.941069823492023,0.07475347813415532,0.06328282716304605
Kidney Qi deficiency,-0.107518874406562,-0.470340679308073,1.2824971521546378
Kidney Qi deficiency,0.21998222914251667,-0.923533814533655,1.1701364515798647
Kidney Qi deficiency,0.24013799680481743,-0.749191533470431,1.0570727568198095
Kidney Qi deficiency,-0.0965798969986961,-0.411356030075762,1.2449223452908649
Kidney Qi deficiency,0.3100852538744532,-0.767084196697511,0.25903921941257607
Kidney Qi deficiency,0.09997150443139895,-0.645581581638637,1.1506468559706804
Kidney Qi deficiency,0.02234111401880853,-0.632393444351202,1.1034164425971213
Kidney Qi deficiency,-0.0824041059763845,-0.0944256870969444,0.8234251678315366
Kidney Qi deficiency,0.8786029841560168,-0.802710682443064,-0.277696917374443
Kidney Qi deficiency,0.21578769957709243,0.8288033466579274,0.08246857399497529
Kidney Qi deficiency,-0.978507698031154,-0.351666672582485,0.03536499376294228
Kidney Qi deficiency,0.12518376429482098,-0.748798121663258,0.6583771329776515
Kidney Qi deficiency,0.09789844662560064,-0.233252602617235,0.997935885453409
Kidney Qi deficiency,-0.316161196869308,-0.326756757117012,1.1371653161117188
Kidney Qi deficiency,0.42184808482563574,-0.399513750204595,0.554421660933808
Kidney Qi deficiency,0.2956690614997571,-0.20719384067799,1.087492743656134
Kidney Qi deficiency,0.573394066944793,0.3547728190686536,-0.254389582630004
Kidney Qi deficiency,-0.179329148898688,-0.742761544129683,1.0805125456835947
Kidney Qi deficiency,0.3475029989666139,-1.16226054469005,0.6171029296994085
Kidney Qi deficiency,-0.277580991695945,-0.647369483520895,1.2280780737164265
Kidney Qi deficiency,0.8518569146759901,-0.802356412952565,0.3865950779734952
Kidney Qi deficiency,0.0682738101858954,-0.70461976271992,1.284363732903432
Kidney Qi deficiency,0.15711487050420866,-0.746428798685558,1.0901550420030257
Kidney Qi deficiency,0.10661826101395584,-0.736822656730415,0.848520792628405
Kidney Qi deficiency,-0.51246553424136,-0.523144341143705,0.7492894344978742
Kidney Qi deficiency,0.24597211909151273,-0.746432999759262,0.8264364082453974
Kidney Qi deficiency,-0.324576682844817,-0.581229578867038,1.2862562770559198
Kidney Qi deficiency,0.21145970036999465,-0.878127956292674,0.12267277184621345
Kidney Qi deficiency,0.12410348596205274,-0.262817920443684,-0.475228813617946
Kidney Qi deficiency,-0.0311595024739031,-0.702570546964258,0.9024849947244978
Kidney Qi deficiency,-0.205071562118313,-0.644976067387787,0.8697287879847205
Kidney Qi deficiency,0.10910242564341235,-0.0369400606356979,0.9757597178657477
Kidney Qi deficiency,0.43910564727607965,0.9771068389226086,0.4018786497280551
Kidney Qi deficiency,0.02428448958668129,-1.00196498199324,1.1719588254716071
Kidney Qi deficiency,0.009479342991715045,-0.736720089984926,1.183844760015823
Kidney Qi deficiency,-0.118394985576319,-0.756745022729371,1.300977801567555
Kidney Qi deficiency,-0.190394443014424,-0.367888330238017,1.1834982938703564
Kidney Qi deficiency,-0.0246744871158021,-0.837303153469488,0.9607249175890574
Exterior wind,-0.790702282736321,0.4259113772698105,-0.830286121924213
Exterior wind,-0.0516678321717642,0.682145094689417,-0.369608266277039
Exterior wind,-0.309351904967883,1.100738118897679,-0.186904141299555
Exterior wind,-0.320328667557244,0.7049774623003568,0.5249091421169231
Exterior wind,0.2166939773187535,1.1388736090964746,0.37745858820811257
Exterior wind,0.6438129312869424,0.5371401404475945,0.00801437804733128
Exterior wind,-0.385745440725687,0.12154106400072795,0.7419789416393551
Exterior wind,-0.12875186227208,0.9987086535499418,0.6056106836571316
Exterior wind,-0.211021141380194,-0.356785072469597,1.2493551121946662
Exterior wind,0.1256556667314578,1.0118793810194449,0.38884785335312283
Exterior wind,-0.252366583563293,1.14477609487144,-0.349053848860973
Exterior wind,0.10209936021943733,0.6334840353390937,0.9580658791696132
Exterior wind,0.2634548986791912,0.37635881261211335,0.42605590497155793
Exterior wind,0.2843234156357305,-0.0767567356050654,-0.600535856352726
Exterior wind,-0.45406653382236,0.5955351008313706,0.5505583858742157
Exterior wind,0.14224948974432433,1.122153369055794,0.30515068163726206
Exterior wind,0.005614639318620773,1.0416987901384878,0.537300175837642
Exterior wind,-0.181313802292312,0.6989754417907311,0.3472055237363983
Exterior wind,0.1938981378806818,-0.0117798713207882,0.9186986608508968
Exterior wind,0.14257675891405602,0.5227032312317194,-0.177753642394389
Exterior wind,0.785748844466927,0.2738006499409758,-0.0431628835215763
Exterior wind,0.0795203848063639,1.3426084756462688,0.1752147468158913
Exterior wind,-0.177173428846287,0.5048760679041139,0.023222930073804268
Exterior wind,0.7020692314633149,0.582430876316646,-0.00665305113545744
Exterior wind,-0.0997963985073138,1.0822482390945334,0.6084399608645062
Exterior wind,-0.468335283194375,0.5208877551731803,0.6915956948905227
Exterior wind,-0.271160104090251,-0.0614127851595959,0.524129818287935
Exterior wind,0.07258165561292687,0.8180610050202047,0.06829450123904506
Exterior wind,0.6303932540979744,0.2566086144826078,0.43208073163741695
Exterior wind,0.1244669750278389,0.7205486404953148,0.9475697133105373
Exterior wind,-0.00559755219981999,0.837496277656053,0.5898793241607603
Exterior wind,0.6483285132668123,0.4341487927225655,0.14572675744681682
Exterior wind,0.23362887745958738,-0.00613182997640823,0.8483863774193371
Exterior wind,-0.916010532074827,0.08367406245929984,-0.212626219763843
Exterior wind,0.14786278840506353,1.1496976850344254,0.3401227022374084
Exterior wind,-0.530834513255066,0.06587460455394754,0.8600726690005532
Exterior wind,0.029753362926481033,1.1137952346791675,0.3820411611581715
Exterior wind,0.1555203690905357,0.408347119622672,-0.828883750569398
Exterior wind,-0.534236046786917,0.1940706658539607,0.20328372120869553
Exterior wind,-0.065121564691842,1.0414477984212736,0.314334005722678
Exterior wind,0.5128078817611536,-0.0755219827760301,0.7318838458200311
Exterior wind,0.8333519223127719,0.2732040301787915,-0.0364708368384646
Exterior wind,-0.163030989874391,-0.0909621083888997,1.1325131302219205
Exterior wind,0.8319812181980072,0.1744125182639282,0.016793146883268
Exterior wind,0.0465126043680952,1.088005087007445,0.3730223132507334
Exterior wind,0.7074140835605771,0.6111409867618258,-0.116420605002597
Exterior wind,-0.347188564458202,0.6359085154375699,0.622102100924973
Exterior wind,0.2328316776984528,1.1511106431569866,0.3684726402486685
Exterior wind,-0.678683174790358,0.7532791606527374,-0.42304918676223
Exterior wind,-0.993229423605745,0.238967064805097,-0.0731152037399219
Exterior wind,-0.332746311143925,0.9799751530695162,0.4027651252154717
Exterior wind,0.1786060917452331,-0.359794810947166,0.1878727431197759
Exterior wind,-0.283919059753919,0.024974225599961833,0.5057513337967051
