compound,smiles,source_row,duplicate_name_count
Coumarin,C1=CC=C2C(=C1)C=CC(=O)O2,1184,1
Calycosin,COc1ccc(cc1O)c1coc2c(c1=O)ccc(c2)O,1133,1
Daidzein,C1=CC(=CC=C1C2=COC3=C(C2=O)C=CC(=C3)O)O,1203,1
Glycyrol,COc1c(CC=C(C)C)c(O)cc2c1c1oc3c(c1c(=O)o2)ccc(c3)O,104,1
Enoxolone,O=C1C=C2[C@@H]3C[C@](C)(CC[C@]3(C)CC[C@]2([C@]2([C@H]1[C@@]1(C)CC[C@@H](C([C@@H]1CC2)(C)C)O)C)C)C(=O)O,40,1
Kaempferol,C1=CC(=CC=C1C2=C(C(=O)C3=C(C=C(C=C3O2)O)O)O)O,154,1
Naringenin,Oc1ccc(cc1)[C@@H]1CC(=O)c2c(O1)cc(cc2O)O,228,1
Beta-Sitosterol,CCC(CCC(C)C1CCC2C1(CCC3C2CC=C4C3(CCC(C4)O)C)C)C(C)C,1103,1
Protocatechuic Acid,C1=CC(=C(C=C1C(=O)O)O)O,317,1
Formononetin,COC1=CC=C(C=C1)C2=COC3=C(C2=O)C=CC(=C3)O,79,1
(-)-Epicatechin,C1C(C(OC2=CC(=CC(=C21)O)O)C3=CC(=C(C=C3)O)O)O,108,1
8-Prenylnaringenin,CC(=CCc1c(O)cc(c2c1O[C@@H](CC2=O)c1ccc(cc1)O)O)C,811,1
Pinocembrin,Oc1cc2O[C@@H](CC(=O)c2c(c1)O)c1ccccc1,298,1
Genistein,C1=CC(=CC=C1C2=COC3=CC(=CC(=C3C2=O)O)O)O,96,1
Anethole,C[C@H]1CCOc2c1cccc2,834,2
Oleanolic_Acid,CC1(CCC2(CCC3(C(=CCC4C3(CCC5C4(CCC(C5(C)C)O)C)C)C2C1)C)C(=O)O)C,248,1
Liquiritin,C1C(OC2=C(C1=O)C=CC(=C2)O)C3=CC=C(C=C3)OC4C(C(C(C(O4)CO)O)O)O,182,1
Galangin,C1=CC=C(C=C1)C2=C(C(=O)C3=C(C=C(C=C3O2)O)O)O,85,1
Emodin,CC1=CC2=C(C(=C1)O)C(=O)C3=C(C2=O)C=C(C=C3O)O,37,1
Rutin,CC1C(C(C(C(O1)OCC2C(C(C(C(O2)OC3=C(OC4=CC(=CC(=C4C3=O)O)O)C5=CC(=C(C=C5)O)O)O)O)O)O)O)O,358,1
Fisetin,C1=CC(=C(C=C1C2=C(C(=O)C3=C(O2)C=C(C=C3)O)O)O)O,70,1
Licoagrochacone A,CC(C)(C=C)C1=C(C=C(C(=C1)C=CC(=O)C2=CC=C(C=C2)O)OC)O,174,1
Chrysoeriol,COc1cc(ccc1O)c1cc(=O)c2c(o1)cc(cc2O)O,1164,1
Paraben,Oc1ccc(cc1)C(=O)O,277,1
Glycybenzofuran,COc1c(CC=C(C)C)c(O)cc(c1c1oc2c(c1C)ccc(c2)O)O,103,1
Astragalin,OC[C@H]1O[C@@H](Oc2c(oc3c(c2=O)c(O)cc(c3)O)c2ccc(cc2)O)[C@@H]([C@H]([C@@H]1O)O)O,907,1
Licochalcone D,COc1c(/C=C/C(=O)c2ccc(c(c2)CC=C(C)C)O)ccc(c1O)O,473,1
Apigenin,C1=CC(=CC=C1C2=CC(=O)C3=C(C=C(C=C3O2)O)O)O,886,1
Isoliquiritigenin,C1=CC(=CC=C1C=CC(=O)C2=C(C=C(C=C2)O)O)O,142,1
Glycyrrhizin,CC1(C2CCC3(C(C2(CCC1OC4C(C(C(C(O4)C(=O)O)O)O)OC5C(C(C(C(O5)C(=O)O)O)O)O)C)C(=O)C=C6C3(CCC7(C6CC(CC7)(C)C(=O)O)C)C)C)C,105,1
Hispidulin,COc1c(O)cc2c(c1O)c(=O)cc(o2)c1ccc(cc1)O,115,1
Isoquercetin,OC[C@H]1O[C@@H](Oc2c(oc3c(c2=O)c(O)cc(c3)O)c2ccc(c(c2)O)O)[C@@H]([C@H]([C@@H]1O)O)O,146,1
"2,3,9,10-Tetramethoxy-6,8,13,13A-Tetrahydro-5H-Isoquinolino[2,1-B]Isoquinoline",COc1cc2CCN3C(c2cc1OC)Cc1c(C3)c(OC)c(cc1)OC,578,1
Epicatechin Gallate,Oc1cc(O)c2c(c1)O[C@@H]([C@@H](C2)OC(=O)c1cc(O)c(c(c1)O)O)c1ccc(c(c1)O)O,41,1
Esculetin,C1=CC(=O)OC2=CC(=C(C=C21)O)O,49,1
Gallic Acid,C1=C(C=C(C(=C1O)O)O)C(=O)O,86,1
"5,7-Dihydroxy-2-(4-Hydroxyphenyl)-2,3-Dihydrochromen-4-One",C1C(OC2=CC(=CC(=C2C1=O)O)O)C3=CC=C(C=C3)O,782,1
8-Prenylapigenin,CC(=CCc1c(O)cc(c2c1oc(cc2=O)c1ccc(cc1)O)O)C,809,1
Cinnamic Acid,C1=CC=C(C=C1)C=CC(=O)O,1168,1
Glabridin,Oc1ccc(c(c1)O)[C@@H]1COc2c(C1)ccc1c2C=CC(O1)(C)C,100,1
Dibenzoylmethane,O=C(c1ccccc1)CC(=O)c1ccccc1,12,1
Uralsaponin A,O[C@@H]1[C@@H](O[C@@H]2O[C@H](C(=O)[O-])[C@H]([C@@H]([C@H]2O)O)O)[C@@H](O[C@@H]([C@H]1O)C(=O)[O-])O[C@H]1CC[C@]2([C@H](C1(C)C)CC[C@@]1([C@@H]2C(=O)C=C2[C@@]1(C)CC[C@@]1([C@H]2C[C@](C)(CC1)C(=O)[O-])C)C)C,628,1
Isotrifoliol,COc1cc(O)cc2c1c1oc3c(c1c(=O)o2)ccc(c3)O,744,1
Glycycoumarin,COc1c(CC=C(C)C)c(O)cc2c1cc(c(=O)o2)c1ccc(cc1O)O,742,1
Psoralen,C1=CC(=O)OC2=CC3=C(C=CO3)C=C21,319,1
Palmitic Acid,CCCCCCCCCCCCCCCC(=O)O,271,1
Dibutyl Phthalate,CCCCOC(=O)c1ccccc1C(=O)OCCCC,13,1
Dictamnine,COc1c2ccccc2nc2c1cco2,15,1
Indole,C1=CC=C2C(=C1)C=CN2,133,1
Carvacrol,CC1=CCC(CC1=O)C(=C)C,557,2
Malonic Acid,OC(=O)CC(=O)O,192,1
Fumaric Acid,OC(=O)/C=C/C(=O)O,82,1
Linolenic Acid,CCC=CCC=CCC=CCCCCCCCC(=O)O,179,1
Limonene,CC1=CCC(CC1)C(=C)C,484,1
Z-Butylidenephthalide,CCCC=C1C2=CC=CC=C2C(=O)O1,469,1
Nonane,CCCCCCCCC,237,1
Nodakenin,CC(C)(C1CC2=C(O1)C=C3C(=C2)C=CC(=O)O3)OC4C(C(C(C(O4)CO)O)O)O,236,1
Succinic Acid,C(CC(=O)O)C(=O)O,401,1
Adenine,C1=NC2=NC=NC(=C2N1)N,836,1
Niacin,C1=CC(=CN=C1)C(=O)O,231,1
Octanoic Acid,CCCCCCCC(=O)O,244,1
Dimethyl Phthalate,COC(=O)c1ccccc1C(=O)OC,562,1
Folic Acid,OC(=O)CC[C@@H](C(=O)O)NC(=O)c1ccc(cc1)NCc1cnc2c(n1)c(O)nc(=N)[nH]2,77,1
Naphthalene,C1=CC=C2C=CC=CC2=C1,226,2
Oleic Acid,CCCCCCCCC=CCCCCCCCC(=O)O,249,1
Squalene,C/C(=CCC/C=C(/CC/C=C(/CCC=C(C)C)C)C)/CC/C=C(/CCC=C(C)C)C,493,1
Vanillic Acid,COC1=C(C=CC(=C1)C(=O)O)O,458,1
Oleamide,CCCCCCCC/C=C\CCCCCCCC(=N)O,247,1
Linoleic Acid,CCCCC/C=C\C/C=C\CCCCCCCC(=O)O,178,1
Butyl Alcohol,CCCCO,1125,1
Propionic Acid,CCC(=O)O,504,1
Alcohol,CCO,840,1
Decursinol,O=c1ccc2c(o1)cc1c(c2)C[C@@H](C(O1)(C)C)O,1,1
1-Tetradecanol,CCCCCCCCCCCCCCO,561,1
Gamma-Aminobutyric Acid,C(CC(=O)O)CN,89,1
Vanillin,COC1=C(C=CC(=C1)C=O)O,459,1
Citronellol,OCC[C@@H](CCC=C(C)C)C,614,2
Ethyl Acetate,CCOC(=O)C,56,1
Chlorogenic Acid,O=C(O[C@H]1C[C@](O)(C[C@@H]([C@@H]1O)O)C(=O)[O-])/C=C/c1ccc(c(c1)O)O,806,2
O-Cresol,CC1=CC=CC=C1O,534,1
Isoeugenol,CC=CC1=CC(=C(C=C1)O)OC,138,1
Linalool,CC(=CCCC(C)(C=C)O)C,177,1
Falcarinol,CCCCCCC/C=C\CC#CC#C[C@H](C=C)O,502,1
Disogenin,CC1CCC2(C(C3C(O2)CC4C3(CCC5C4CC=C6C5(CCC(C6)O)C)C)C)OC1,28,1
Brefeldin A,O[C@H]1C[C@H]2[C@H](C1)/C=C/CCC[C@H](OC(=O)/C=C/[C@@H]2O)C,756,1
Caffeic Acid,C1=CC(=C(C=C1C=CC(=O)O)O)O,1128,1
"(2E,4E)-Deca-2,4-Dienal",CCCCCC=CC=CC=O,812,1
Phenol,Oc1ccccc1,286,1
Uracil,C1=CNC(=O)NC1=O,541,1
Bergapten,COc1c2ccc(=O)oc2cc2c1cco2,1098,1
Terpineol,CC1=CCC(CC1)(O)C(C)C,503,1
Methoxsalen,COc1c2oc(=O)ccc2cc2c1occ2,202,1
"3(S)-3-Butyl-4,5-Dihydrophthalide",CCCCC1C2=C(C=CCC2)C(=O)O1,708,1
Citric Acid,C(C(=O)O)C(CC(=O)O)(C(=O)O)O,1171,1
Scopoletin,COc1cc2ccc(=O)oc2cc1O,373,1
2-Nonenal,CCCCCCC=CC=O,685,1
Ligustilide,CCC/C=C/1\OC(=O)C2=C1CCC=C2,175,1
Azelaic Acid,[O-]C(=O)CCCCCCCC(=O)[O-],542,2
Angelicin,C1=CC2=C(C=CO2)C3=C1C=CC(=O)O3,879,1
Isoimperatorin,CC(=CCOC1=C2C=CC(=O)OC2=CC3=C1C=CO3)C,141,1
Lignoceric Acid,CCCCCCCCCCCCCCCCCCCCCCCC(=O)O,569,1
Methyleugenol,C=CCc1ccc(c(c1)OC)OC,206,1
Ferulic Acid,COc1cc(/C=C/C(=O)O)ccc1O,69,1
Alpha-Terpineol,CC1=CCC(CC1)C(C)(C)O,508,1
Stigmasterol,CC[C@H](C(C)C)/C=C/[C@H]([C@H]1CC[C@@H]2[C@]1(C)CC[C@H]1[C@H]2CC=C2[C@]1(C)CC[C@@H](C2)O)C,725,3
Safrole,C=CCc1ccc2c(c1)OCO2,362,1
Quercetin,C1=CC(=C(C=C1C2=C(C(=O)C3=C(C=C(C=C3O2)O)O)O)O)O,335,1
Retinal,CC1=C(C(CCC1)(C)C)C=CC(=CC=CC(=CC=O)C)C,347,1
Eugenol,COC1=C(C=CC(=C1)CC=C)O,60,1
Isovitexin,C1=CC(=CC=C1C2=CC(=O)C3=C(O2)C=C(C(=C3O)C4C(C(C(C(O4)CO)O)O)O)O)O,149,1
Maltose,OC[C@H]1O[C@@H](O)[C@@H]([C@H]([C@@H]1O[C@H]1O[C@H](CO)[C@H]([C@@H]([C@H]1O)O)O)O)O,553,2
Besigomsin,COc1cc2C[C@](C)(O)[C@@H](C)Cc3c(c2c(c1OC)OC)c(OC)c1c(c3)OCO1,1101,1
Ginsenoside Rg2,OC[C@H]1O[C@@H](O[C@H]2C[C@]3(C)[C@@H]([C@@]4([C@@H]2C(C)(C)[C@@H](O)CC4)C)C[C@H]([C@H]2[C@@]3(C)CC[C@@H]2[C@](CCC=C(C)C)(O)C)O)[C@@H]([C@H]([C@@H]1O)O)O[C@@H]1O[C@@H](C)[C@@H]([C@H]([C@H]1O)O)O,839,2
Piceatannol,Oc1cc(/C=C/c2ccc(c(c2)O)O)cc(c1)O,294,1
Riboflavin,OC[C@H]([C@H]([C@H](Cn1c2cc(C)c(cc2nc2c1nc(=O)nc2O)C)O)O)O,352,1
Toluene,CC1=CC=CC=C1,431,1
Schisandrin B,COc1cc2CC(C)C(C)Cc3c(c2c(c1OC)OC)c(OC)c1c(c3)OCO1,371,1
Farnesol,CC(=CCCC(=CCCC(=CCO)C)C)C,68,1
Sucrose,OC[C@H]1O[C@@]([C@H]([C@@H]1O)O)(CO)O[C@H]1O[C@H](CO)[C@H]([C@@H]([C@H]1O)O)O,548,1
(20S)-Protopanaxadiol,CC(=CCCC(C)(C1CCC2(C1C(CC3C2(CCC4C3(CCC(C4(C)C)O)C)C)O)C)O)C,787,1
Stearic Acid,CCCCCCCCCCCCCCCCCC(=O)O,397,1
Benzaldehyde,O=c1cccccc1,568,2
Butylated Hydroxytoluene,CC1=CC(=C(C(=C1)C(C)(C)C)O)C(C)(C)C,1126,1
Ginsenoside Rd,OC[C@H]1O[C@@H](O[C@H]2CC[C@]3([C@H](C2(C)C)CC[C@@]2([C@@H]3C[C@@H](O)[C@H]3[C@@]2(C)CC[C@@H]3[C@@](O[C@@H]2O[C@H](CO)[C@H]([C@@H]([C@H]2O)O)O)(CCC=C(C)C)C)C)C)[C@@H]([C@H]([C@@H]1O)O)O[C@@H]1O[C@H](CO)[C@H]([C@@H]([C@H]1O)O)O,796,1
O-Xylene,CC1=CC=CC=C1C,263,1
Alpha-Humulone,CC1=CCC(C=CCC(=CCC1)C)(C)C,527,1
Myristic Acid,CCCCCCCCCCCCCC(=O)O,218,1
Mannose,OC[C@H]1O[C@H](O)[C@H]([C@H]([C@@H]1O)O)O,655,1
Vitexin,C1=CC(=CC=C1C2=CC(=O)C3=C(O2)C(=C(C=C3O)O)C4C(C(C(C(O4)CO)O)O)O)O,463,1
Adenosine Triphosphate,O[C@H]1[C@H](COP(=O)(OP(=O)(OP(=O)([O-])[O-])[O-])[O-])O[C@@H]([C@H]1O)n1cnc2c1ncnc2N,825,1
Ginsenoside Rg1,CC(=CCCC(C)(C1CCC2(C1C(CC3C2(CC(C4C3(CCC(C4(C)C)O)C)OC5C(C(C(C(O5)CO)O)O)O)C)O)C)OC6C(C(C(C(O6)CO)O)O)O)C,676,1
"(1R,9S)-4,11,11-Trimethyl-8-Methylenebicyclo[7.2.0]Undec-4-Ene,Caryophellene,Β-Caryophyllene",CC1=CCCC(=C)C2CC(C2CC1)(C)C,728,1
Resveratrol,C1=CC(=CC=C1C=CC2=CC(=CC(=C2)O)O)O,345,1
Bisphenol A,CC(c1ccc(cc1)O)(c1ccc(cc1)O)C,1118,1
Spermidine,NCCCNCCCCN,393,1
Ginsenoside Rb2,OC[C@H]1O[C@@H](O[C@H]2CC[C@]3([C@H](C2(C)C)CC[C@@]2([C@@H]3C[C@@H](O)[C@H]3[C@@]2(C)CC[C@@H]3[C@@](O[C@@H]2O[C@H](CO[C@@H]3OC[C@@H]([C@@H]([C@H]3O)O)O)[C@H]([C@@H]([C@H]2O)O)O)(CCC=C(C)C)C)C)C)[C@@H]([C@H]([C@@H]1O)O)O[C@@H]1O[C@H](CO)[C@H]([C@@H]([C@H]1O)O)O,776,1
Heptadecane,CCCCCCCCCCCCCCCCC,573,1
Trans-Phytol,CC(C)CCCC(C)CCCC(C)CCCC(=CCO)C,436,1
Salicylic Acid,C1=CC=C(C(=C1)C(=O)O)O,364,1
Tricin,COC1=CC(=CC(=C1O)OC)C2=CC(=O)C3=C(C=C(C=C3O2)O)O,438,1
Ginsenoside Rb1,OC[C@H]1O[C@@H](O[C@H]2CC[C@]3([C@H](C2(C)C)CC[C@@]2([C@@H]3C[C@@H](O)[C@H]3[C@@]2(C)CC[C@@H]3[C@@](O[C@@H]2O[C@H](CO[C@@H]3O[C@H](CO)[C@H]([C@@H]([C@H]3O)O)O)[C@H]([C@@H]([C@H]2O)O)O)(CCC=C(C)C)C)C)C)[C@@H]([C@H]([C@@H]1O)O)O[C@@H]1O[C@H](CO)[C@H]([C@@H]([C@H]1O)O)O,784,2
Octanol,CCCCCCCCO,245,1
Syringin,OC/C=C/c1cc(OC)c(c(c1)OC)O[C@@H]1O[C@H](CO)[C@H]([C@@H]([C@H]1O)O)O,404,1
Putrescine,C(CCN)CN,324,1
Palmitoleic Acid,CCCCCC/C=C\CCCCCCCC(=O)O,273,1
M-Xylene,CC1=CC(=CC=C1)C,215,1
Tetradecane,CCCCCCCCCCCCCC,572,1
Eupafolin,COc1c(O)cc2c(c1O)c(=O)cc(o2)c1ccc(c(c1)O)O,61,1
Pyruvic Acid,CC(=O)C(=O)[O-],538,1
Paeonol,CC(=O)C1=C(C=C(C=C1)OC)O,269,1
Ginsenoside Re,OC[C@H]1O[C@@H](O[C@H]2C[C@]3(C)[C@@H]([C@@]4([C@@H]2C(C)(C)[C@@H](O)CC4)C)C[C@H]([C@H]2[C@@]3(C)CC[C@@H]2[C@@](O[C@@H]2O[C@H](CO)[C@H]([C@@H]([C@H]2O)O)O)(CCC=C(C)C)C)O)[C@@H]([C@H]([C@@H]1O)O)O[C@@H]1O[C@@H](C)[C@@H]([C@H]([C@H]1O)O)O,674,1
Ginsenoside Rh2,CC(=CCCC(C)(C1CCC2(C1C(CC3C2(CCC4C3(CCC(C4(C)C)OC5C(C(C(C(O5)CO)O)O)O)C)C)O)C)O)C,99,1
Araloside A,OC[C@@H]1O[C@H]([C@@H]([C@H]1O)O)O[C@@H]1[C@H](O[C@H]([C@@H]([C@H]1O)O)O[C@H]1CC[C@]2([C@H](C1(C)C)CC[C@@]1([C@@H]2CC=C2[C@@]1(C)CC[C@@]1([C@H]2CC(C)(C)CC1)C(=O)O[C@@H]1O[C@H](CO)[C@H]([C@@H]([C@H]1O)O)O)C)C)C(=O)[O-],786,1
Fructose,OCC1(O)OCC(C(C1O)O)O,544,3
Pyridine,c1cccnc1,327,1
Caryophyllene,C/C/1=C/CCC(=C)[C@@H]2[C@@H](CC1)C(C2)(C)C,526,1
Catechin,C1C(C(OC2=CC(=CC(=C21)O)O)C3=CC(=C(C=C3)O)O)O,1145,1
Tumulosic Acid,CC(C(=C)CC[C@H]([C@H]1[C@H](O)C[C@@]2([C@]1(C)CCC1=C2CC[C@@H]2[C@]1(C)CC[C@@H](C2(C)C)O)C)C(=O)[O-])C,807,1
Pachymic Acid,CC(C)C(=C)CCC(C1C(CC2(C1(CCC3=C2CCC4C3(CCC(C4(C)C)OC(=O)C)C)C)C)O)C(=O)O,764,1
Luteolin,C1=CC(=C(C=C1C2=CC(=O)C3=C(C=C(C=C3O2)O)O)O)O,187,1
Atractylenolide I,CC1=C2CC3C(=C)CCCC3(C=C2OC1=O)C,750,1
Biphenyl,c1ccc(cc1)c1ccccc1,1115,1
Acetophenone,CC(=O)c1ccccc1,824,1
Levomenthol,CC1CCC(C(C1)O)C(C)C,170,1
Ellagic Acid,C1=C2C3=C(C(=C1O)O)OC(=O)C4=CC(=C(C(=C43)OC2=O)O)O,35,1
Pyrene,C1=CC2=C3C(=C1)C=CC4=CC=CC(=C43)C=C2,326,2
Phenylethyl Alcohol,OCCc1ccccc1,490,1
Choline Chloride,OCC[N+](C)(C)C.[Cl-],552,1
Chuanxiongzine,CC1=C(N=C(C(=N1)C)C)C,574,1
Butylphthalide,CCCCC1C2=CC=CC=C2C(=O)O1,586,1
Senkyunolide,CCCCC1OC(=O)C2=C1CCC=C2,653,1
(4-Prop-1-En-2-Ylcyclohexen-1-Yl)Methanol,OCC1=CCC(CC1)C(=C)C,83,1
Thymol,CC1=CC(=C(C=C1)C(C)C)O,428,1
"Methyl Hexadecanate,Methyl Palmitate",CCCCCCCCCCCCCCCC(=O)OC,560,1
Chrysophanol,Cc1cc(O)c2c(c1)C(=O)c1c(C2=O)c(O)ccc1,1165,1
Tangeretin,COC1=CC=C(C=C1)C2=CC(=O)C3=C(O2)C(=C(C(=C3OC)OC)OC)OC,406,1
Nobiletin,COC1=C(C=C(C=C1)C2=CC(=O)C3=C(O2)C(=C(C(=C3OC)OC)OC)OC)OC,235,1
Lycopene,C/C(=C\C=C\C=C(\C=C\C=C(\C=C\C=C(\CCC=C(C)C)/C)/C)/C)/C=C/C=C(/C=C/C=C(/CCC=C(C)C)\C)\C,188,1
Diosmin,COc1ccc(cc1O)c1cc(=O)c2c(o1)cc(cc2O)O[C@@H]1O[C@H](CO[C@@H]2O[C@@H](C)[C@@H]([C@H]([C@H]2O)O)O)[C@H]([C@@H]([C@H]1O)O)O,24,1
"4,7,7-Trimethylbicyclo[2.2.1]Heptan-3-One",CC1(C2CCC1(C(=O)C2)C)C,745,1
Camphor,O=C1C[C@@H]2C([C@@]1(C)CC2)(C)C,1134,1
Limonin,CC1(C2CC(=O)C3(C(C24COC(=O)CC4O1)CCC5(C36C(O6)C(=O)OC5C7=COC=C7)C)C)C,176,2
Hesperetin,COc1ccc(cc1O)[C@@H]1CC(=O)c2c(O1)cc(cc2O)O,111,1
Icosapent,CC/C=C\C/C=C\C/C=C\C/C=C\C/C=C\CCCC(=O)O,128,1
Octopamine,C1=CC(=CC=C1C(CN)O)O,246,1
Beta Carotene,CC1=C(C(CCC1)(C)C)C=CC(=CC=CC(=CC=CC=C(C)C=CC=C(C)C=CC2=C(CCCC2(C)C)C)C)C,1102,1
Citral,CC(=CCCC(=CC=O)C)C,1170,1
Naringin,CC1C(C(C(C(O1)OC2C(C(C(OC2OC3=CC(=C4C(=O)CC(OC4=C3)C5=CC=C(C=C5)O)O)CO)O)O)O)O)O,229,1
Tyramine,C1=CC(=CC=C1CCN)O,447,2
Sinensetin,COc1ccc(cc1OC)c1cc(=O)c2c(o1)cc(c(c2OC)OC)OC,389,1
Sinapinate,COC1=CC(=CC(=C1O)OC)C=CC(=O)O,388,1
Coumaric Acid,C1=CC(=CC=C1C=CC(=O)O)O,1183,1
Styrene,C=CC1=CC=CC=C1,400,1
Obacunone,O=C1C=C[C@]2([C@H](C(O1)(C)C)CC(=O)[C@@]1([C@@H]2CC[C@@]2([C@]31O[C@@H]3C(=O)O[C@H]2c1ccoc1)C)C)C,243,1
Geraniol,CC(=CCCC(=CCO)C)C,97,1
Eupatilin,COC1=C(C=C(C=C1)C2=CC(=O)C3=C(O2)C=C(C(=C3O)OC)O)OC,62,1
Nomilin,CC(=O)O[C@H]1CC(=O)OC([C@H]2[C@@]1(C)[C@H]1CC[C@@]3([C@]4([C@@]1(C(=O)C2)C)O[C@@H]4C(=O)O[C@@H]3c1ccoc1)C)(C)C,476,2
Quercetagetin,C1=CC(=C(C=C1C2=C(C(=O)C3=C(O2)C=C(C(=C3O)O)O)O)O)O,334,1
Hesperidin,CC1C(C(C(C(O1)OCC2C(C(C(C(O2)OC3=CC(=C4C(=O)CC(OC4=C3)C5=CC(=C(C=C5)OC)O)O)O)O)O)O)O)O,112,1
"5-Hydroxy-6,7,8,3',4'-Pentamethoxyflavone",COc1cc(OC)c2c(c1)[C@H](OC2=O)c1c(OC)cc(cc1OC)C(=O)OC,754,1
Strictinin,O[C@H]1[C@@H](O[C@H]2[C@H]([C@@H]1O)OC(=O)c1cc(O)c(c(c1c1c(C(=O)OC2)cc(c(c1O)O)O)O)O)OC(=O)c1cc(O)c(c(c1)O)O,595,1
Paeoniflorin,OC[C@H]1O[C@@H](O[C@]23C[C@H]4[C@@]3(COC(=O)c3ccccc3)[C@@H]3O[C@@]2(C)C[C@]4(O3)O)[C@@H]([C@H]([C@@H]1O)O)O,268,2
Albiflorin,OC[C@H]1O[C@@H](OC23CC4C3(COC(=O)c3ccccc3)C(=O)OC2(C)CC4O)[C@@H]([C@H]([C@@H]1O)O)O,642,2
Benzoic Acid,OC(=O)c1ccccc1,1091,1
Cianidanol,C1C(C(OC2=CC(=CC(=C21)O)O)C3=CC(=C(C=C3)O)O)O,1166,1
Propyl Gallate,CCCOC(=O)c1cc(O)c(c(c1)O)O,312,1
Pyrogallol,Oc1c(O)cccc1O,332,1
Baicalein,COc1c(O[C@@H]2O[C@H](C(=O)[O-])[C@@H]([C@@H]([C@H]2O)O)O)cc2c(c1O)c(=O)cc(o2)c1ccccc1,689,2
Baicalin,[O-]C(=O)[C@@H]1O[C@H](Oc2cc3oc(cc(=O)c3c(c2O)O)c2ccccc2)[C@H]([C@@H]([C@H]1O)O)O,697,2
Hydroquinone,C1=CC(=CC=C1O)O,121,1
Wogonin,COC1=C(C=C(C2=C1OC(=CC2=O)C3=CC=CC=C3)O)O,465,1
Isopimpinellin,COC1=C2C=COC2=C(C3=C1C=CC(=O)O3)OC,144,1
"Butylethylene Ether,Hexanal",CCCCCC=O,551,1
Beta-Eudesmol,C=C1CCC[C@]2([C@H]1C[C@@H](CC2)C(O)(C)C)C,602,1
Α-Pinene,CC1=CC[C@H]2C[C@@H]1C2(C)C,673,1
Oroxylin A,COC1=C(C2=C(C=C1O)OC(=CC2=O)C3=CC=CC=C3)O,253,1
Eriodictyol,Oc1cc2O[C@@H](CC(=O)c2c(c1)O)c1ccc(c(c1)O)O,46,1
Puerarin,OC[C@H]1O[C@H]([C@@H]([C@H]([C@@H]1O)O)O)c1c(O)ccc2c1occ(c2=O)c1ccc(cc1)O,321,1
Scutellarein,C1=CC(=CC=C1C2=CC(=O)C3=C(O2)C=C(C(=C3O)O)O)O,375,1
Acetoside,CC1C(C(C(C(O1)OC2C(C(OC(C2OC(=O)C=CC3=CC(=C(C=C3)O)O)CO)OCCC4=CC(=C(C=C4)O)O)O)O)O)O,826,1
Chrysin,C1=CC=C(C=C1)C2=CC(=O)C3=C(C=C(C=C3O2)O)O,1162,1
Scutellarin,C1=CC(=CC=C1C2=CC(=O)C3=C(C(=C(C=C3O2)OC4C(C(C(C(O4)C(=O)O)O)O)O)O)O)O,376,1
Acacetin,COC1=CC=C(C=C1)C2=CC(=O)C3=C(C=C(C=C3O2)O)O,818,1
"5,7,2',3'-Tetrahydroxyflavone",C1=CC(=C(C(=C1)O)O)C2=CC(=O)C3=C(C=C(C=C3O2)O)O,751,1
Wogonoside,COc1c(O[C@@H]2O[C@H](C(=O)[O-])[C@H]([C@@H]([C@H]2O)O)O)cc(c2c1oc(cc2=O)c1ccccc1)O,707,1
Cynaropicrin,OCC(=C)C(=O)O[C@H]1CC(=C)[C@H]2[C@@H]([C@@H]3[C@@H]1C(=C)C(=O)O3)C(=C)[C@H](C2)O,623,1
Dehydrocostuslactone,C=C1CCC2C(C3C1CCC3=C)OC(=O)C2=C,498,1
Β-Ionone,CC(=O)/C=C/C1=C(C)CCCC1(C)C,692,1
Α-Ionone,CC(=O)/C=C/[C@@H]1C(=CCCC1(C)C)C,691,2
Costunolide,C/C/1=C\[C@H]2OC(=O)C(=C)[C@@H]2CC/C(=C/CC1)/C,1181,1
Taraxasterol,C=C1CC[C@]2([C@H]([C@@H]1C)[C@H]1CC[C@H]3[C@@]([C@@]1(CC2)C)(C)CC[C@@H]1[C@]3(C)CC[C@@H](C1(C)C)O)C,621,1
Berberine Chloride,COc1c(OC)ccc2c1c[n+]1CCc3c(c1c2)cc1c(c3)OCO1.[Cl-],1097,1
Jatrorrhizine,COC1=C(C2=C[N+]3=C(C=C2C=C1)C4=CC(=C(C=C4CC3)O)OC)OC,152,1
Hydrastine,COc1c(OC)ccc2c1C(=O)O[C@@H]2[C@@H]1N(C)CCc2c1cc1OCOc1c2,119,1
Choline,OCC[N+](C)(C)C.[OH-],582,2
Palmitine,COC1=C(C2=C[N+]3=C(C=C2C=C1)C4=CC(=C(C=C4CC3)OC)OC)OC,272,1
Berberine,COc1c(OC)ccc2c1c[n+]1CCc3c(c1c2)cc1c(c3)OCO1,1096,1
Rhamnetin,COc1cc(O)c2c(c1)oc(c(c2=O)O)c1ccc(c(c1)O)O,349,1
Tetrahydropalmatine,COc1cc2CCN3[C@H](c2cc1OC)Cc1c(C3)c(OC)c(cc1)OC,420,1
Coptisine,C1C[N+]2=C(C=C3C=CC4=C(C3=C2)OCO4)C5=CC6=C(C=C51)OCO6,593,1
Magnolol,C=CCc1ccc(c(c1)c1cc(CC=C)ccc1O)O,191,1
Serotonin,NCCc1c[nH]c2c1cc(O)cc2,378,1
Sennoside A,OC[C@H]1O[C@@H](Oc2cccc3c2C(=O)c2c([C@@H]3[C@H]3c4cc(cc(c4C(=O)c4c3cccc4O[C@@H]3O[C@H](CO)[C@H]([C@@H]([C@H]3O)O)O)O)C(=O)[O-])cc(cc2O)C(=O)[O-])[C@@H]([C@H]([C@@H]1O)O)O,594,1
Rhein,C1=CC2=C(C(=C1)O)C(=O)C3=C(C2=O)C=C(C=C3O)C(=O)O,350,1
Quinalizarin,Oc1c(O)ccc2c1C(=O)c1c(C2=O)c(O)ccc1O,339,1
Aloe-Emodin,C1=CC2=C(C(=C1)O)C(=O)C3=C(C2=O)C=C(C=C3O)CO,854,1
Resveratrol 4'-Methyl Ether,COc1ccc(cc1)/C=C/c1cc(O)cc(c1)O,346,1
Anthraquinone,O=C1c2ccccc2C(=O)c2c1cccc2,884,1
Purpurin,Oc1c(O)cc(c2c1C(=O)c1ccccc1C2=O)O,323,1
Rhaponticin,OC[C@H]1O[C@@H](Oc2cc(/C=C/c3ccc(c(c3)O)OC)cc(c2)O)[C@@H]([C@H]([C@@H]1O)O)O,690,1
Rhapontigenin,COC1=C(C=C(C=C1)C=CC2=CC(=CC(=C2)O)O)O,749,1
Honokiol,C=CCC1=CC(=C(C=C1)O)C2=CC(=C(C=C2)O)CC=C,117,1
Physcion,COc1cc(O)c2c(c1)C(=O)c1c(C2=O)c(O)cc(c1)C,292,1
Tyrosol,OCCc1ccc(cc1)O,448,1
Mannitol,OC[C@H]([C@H]([C@@H]([C@@H](CO)O)O)O)O,194,1
Forsythiaside,O=C(O[C@@H]1[C@@H](CO[C@@H]2O[C@@H](C)[C@@H]([C@H]([C@H]2O)O)O)O[C@H]([C@@H]([C@H]1O)O)OCCc1ccc(c(c1)O)O)/C=C/c1ccc(c(c1)O)O,80,1
Aucubin,C1=COC(C2C1C(C=C2CO)O)OC3C(C(C(C(O3)CO)O)O)O,986,1
Geniposide,COC(=O)C1=COC(C2C1CC=C2CO)OC3C(C(C(C(O3)CO)O)O)O,618,1
Raffinose,C(C1C(C(C(C(O1)OCC2C(C(C(C(O2)OC3(C(C(C(O3)CO)O)O)CO)O)O)O)O)O)O)O,666,2
Catalpol,C1=COC(C2C1C(C3C2(O3)CO)O)OC4C(C(C(C(O4)CO)O)O)O,1144,1
Uridine,OC[C@H]1O[C@H]([C@@H]([C@@H]1O)O)n1ccc(nc1=O)O,451,1
Methylthioadenosine,CSC[C@H]1O[C@H]([C@@H]([C@@H]1O)O)n1cnc2c1ncnc2N,208,1
Protocatechualdehyde,C1=CC(=C(C=C1C=O)O)O,316,1
Cinnamaldehyde,C1=CC=C(C=C1)C=CC=O,1167,1
Fluoranthene,C1=CC=C2C(=C1)C3=CC=CC4=C3C2=CC=C4,75,1
Inosine,OC[C@H]1O[C@H]([C@@H]([C@@H]1O)O)n1cnc2c1ncnc2O,134,1
Neoechinulin A,C=CC(c1[nH]c2c(c1/C=C/1N=C(O)[C@@H](N=C1O)C)cccc2)(C)C,521,1
Niacinamide,OC(=N)c1cccnc1,232,1
Trigonelline,C[n+]1cccc(c1)C(=O)[O-],440,1
"(1S)-1-Methyl-1,2,3,4-Tetrahydroisoquinoline-6,7-Diol",C[C@@H]1NCCc2c1cc(O)c(c2)O,753,1
Inositol,O[C@@H]1[C@H](O)[C@H](O)[C@H]([C@@H]([C@H]1O)O)O,135,2
"1-(4-Hydroxy-Benzyl)-1,2,3,4-Tetrahydro-Isoquinoline-6,7-Diol",C1CNC(C2=CC(=C(C=C21)O)O)CC3=CC=C(C=C3)O,471,1
Aconitine,COC[C@@]12C[NH+](CC)C3[C@]4([C@@H]2[C@@H](OC)[C@@H]3[C@@]2([C@@H]3[C@H]4C[C@@]([C@@H]3OC(=O)c3ccccc3)([C@H]([C@@H]2O)OC)O)OC(=O)C)[C@H](C[C@H]1O)OC,660,2
Procyanidin B2,C1C(C(OC2=C1C(=CC(=C2C3C(C(OC4=CC(=CC(=C34)O)O)C5=CC(=C(C=C5)O)O)O)O)O)C6=CC(=C(C=C6)O)O)O,512,1
Astragaloside Iv,OC[C@H]1O[C@@H](O[C@H]2C[C@@H]3[C@]4([C@@]5([C@H]2C(C)(C)[C@H](CC5)O[C@@H]2OC[C@H]([C@@H]([C@H]2O)O)O)C4)CC[C@]2([C@@]3(C)C[C@@H]([C@@H]2[C@@]2(C)CC[C@H](O2)C(O)(C)C)O)C)[C@@H]([C@H]([C@@H]1O)O)O,902,1
Isorhamnetin,COC1=C(C=CC(=C1)C2=C(C(=O)C3=C(C=C(C=C3O2)O)O)O)O,147,1
Biochanin,COc1ccc(cc1)c1coc2c(c1=O)c(O)cc(c2)O,1113,1
Cycloastragenol,O[C@H]1C[C@@]2([C@]([C@H]1[C@@]1(C)CC[C@H](O1)C(O)(C)C)(C)CC[C@@]13[C@H]2C[C@H](O)[C@H]2[C@]3(C1)CC[C@@H](C2(C)C)O)C,817,1
Guaiol,C[C@H]1CC[C@H](CC2=C1CC[C@@H]2C)C(O)(C)C,659,1
Morin,C1=CC(=C(C=C1O)O)C2=C(C(=O)C3=C(C=C(C=C3O2)O)O)O,212,3
Estradiol,CC12CCC3C(C1CCC2O)CCC4=C3C=CC(=C4)O,51,1
Allantoin,OC(=N)NC1N=C(N=C1O)O,844,1
Alfatradiol,CC12CCC3C(C1CCC2O)CCC4=C3C=CC(=C4)O,842,1
Eucalyptol,CC1(C2CCC(O1)(CC2)C)C,59,1
Ascorbate,OC[C@@H]([C@H]1OC(=O)C(=C1O)O)O,899,1
Auraptene,C/C(=C\COc1ccc2c(c1)oc(=O)cc2)/CCC=C(C)C,1003,1
Acetylcholine,CC(=O)OCC[N+](C)(C)C,827,1
Flavonol,O=c1c(O)c(oc2c1cccc2)c1ccccc1,74,1
Zeaxanthin,O[C@@H]1CC(=C(C(C1)(C)C)/C=C/C(=C/C=C/C(=C/C=C/C=C(/C=C/C=C(/C=C/C1=C(C)C[C@H](CC1(C)C)O)\C)\C)/C)/C)C,714,1
Osthole,CC(=CCC1=C(C=CC2=C1OC(=O)C=C2)OC)C,257,1
Terbutaline,OC(c1cc(O)cc(c1)O)CNC(C)(C)C,415,1
Tannic Acid,C1=C(C=C(C(=C1O)O)O)C(=O)OC2=CC(=CC(=C2O)O)C(=O)OCC3C(C(C(C(O3)OC(=O)C4=CC(=C(C(=C4)OC(=O)C5=CC(=C(C(=C5)O)O)O)O)O)OC(=O)C6=CC(=C(C(=C6)OC(=O)C7=CC(=C(C(=C7)O)O)O)O)O)OC(=O)C8=CC(=C(C(=C8)OC(=O)C9=CC(=C(C(=C9)O)O)O)O)O)OC(=O)C1=CC(=C(C(=C1)OC(=O)C1=CC(=C(C(=C1)O)O)O)O)O,407,1
Platycodin D,CC1C(C(C(C(O1)OC2C(C(COC2OC(=O)C34CCC(CC3C5=CCC6C(C5(CC4O)C)(CCC7C6(CC(C(C7(CO)CO)OC8C(C(C(C(O8)CO)O)O)O)O)C)C)(C)C)O)O)O)O)OC9C(C(C(CO9)O)OC1C(C(CO1)(CO)O)O)O,644,1
Α-Spinasterol,CC[C@@H](C(C)C)/C=C/[C@H]([C@H]1CC[C@@H]2[C@]1(C)CC[C@H]1C2=CC[C@@H]2[C@]1(C)CC[C@@H](C2)O)C,726,1
Hyperoside,C1=CC(=C(C=C1C2=C(C(=O)C3=C(C=C(C=C3O2)O)O)OC4C(C(C(C(O4)CO)O)O)O)O)O,123,1
Saikosaponin D,CC1C(C(C(C(O1)OC2CCC3(C(C2(C)CO)CCC4(C3C=CC56C4(CC(C7(C5CC(CC7)(C)C)CO6)O)C)C)C)O)OC8C(C(C(C(O8)CO)O)O)O)O,617,1
Aspartic Acid,OC(=O)C[C@@H](C(=O)O)N,903,1
Saikosaponin A,CC1C(C(C(C(O1)OC2CCC3(C(C2(C)CO)CCC4(C3C=CC56C4(CC(C7(C5CC(CC7)(C)C)CO6)O)C)C)C)O)OC8C(C(C(C(O8)CO)O)O)O)O,648,1
Nonanoic Acid,CCCCCCCCC(=O)O,559,1
Glycinebetaine,C[N+](C)(C)CC(=O)[O-],102,1
(+/-)Nicotine,CN1CCCC1C2=CN=CC=C2,615,1
Galactose,OC[C@H]1OC(O)[C@@H]([C@H]([C@H]1O)O)O,549,1
Isoguvacine,C1CNCC=C1C(=O)O,140,1
Gallocatechin,C1C(C(OC2=CC(=CC(=C21)O)O)C3=CC(=C(C(=C3)O)O)O)O,87,1
Arecoline,COC(=O)C1=CCCN(C1)C,892,1
Scopolin,OC[C@H]1O[C@@H](Oc2cc3oc(=O)ccc3cc2OC)[C@@H]([C@H]([C@@H]1O)O)O,374,2
Byakangelicin,COc1c2ccoc2c(c2c1ccc(=O)o2)OC[C@H](C(OC)(C)C)O,835,2
Bergaptol,C1=CC(=O)OC2=CC3=C(C=CO3)C(=C21)O,1099,1
Retinol,CC1=C(C(CCC1)(C)C)C=CC(=CC=CC(=CCO)C)C,348,1
Osthenol,CC(=CCc1c(O)ccc2c1oc(=O)cc2)C,256,1
Endosulfan,O=S1OCC2C(CO1)C1(C(C2(Cl)C(=C1Cl)Cl)(Cl)Cl)Cl,38,1
Anonaine,C1CNC2CC3=CC=CC=C3C4=C2C1=CC5=C4OCO5,638,1
Obovatol,C=CCc1cccc(c1)Oc1cc(CC=C)cc(c1O)O,858,1
Atenolol,OC(COc1ccc(cc1)CC(=N)O)CNC(C)C,924,1
Nifedipine,COC(=O)C1=C(C)NC(=C(C1c1ccccc1N(=O)=O)C(=O)OC)C,234,1
Sesamol,C1OC2=C(O1)C=C(C=C2)O,381,1
Sesamin,C1C2C(COC2C3=CC4=C(C=C3)OCO4)C(O1)C5=CC6=C(C=C5)OCO6,380,1
Aristolochic Acid,COc1cccc2c1cc(N(=O)=O)c1c2c2OCOc2cc1C(=O)O,893,1
Gefitinib,COc1cc2ncnc(c2cc1OCCCN1CCOCC1)Nc1ccc(c(c1)Cl)F,95,1
Centaureidin,COC1=C(C=C(C=C1)C2=C(C(=O)C3=C(O2)C=C(C(=C3O)OC)O)OC)O,1149,1
Eupatorin,COc1cc2oc(cc(=O)c2c(c1OC)O)c1ccc(c(c1)O)OC,63,1
Scoparone,COC1=C(C=C2C(=C1)C=CC(=O)O2)OC,372,1
Epigallocatechin,C1C(C(OC2=CC(=CC(=C21)O)O)C3=CC(=C(C(=C3)O)O)O)O,42,1
Genipin,COC(=O)C1=COC(C2C1CC=C2CO)O,507,1
Epigalocatechin Gallate,C1C(C(OC2=CC(=CC(=C21)O)O)C3=CC(=C(C(=C3)O)O)O)OC(=O)C4=CC(=C(C(=C4)O)O)O,43,1
3-Methyl-1H-Indole,Cc1c[nH]c2c1cccc2,739,1
Diosmetin,COc1ccc(cc1O)c1cc(=O)c2c(o1)cc(cc2O)O,23,1
Lutein,C/C(=C\C=C\C=C(\C=C\C=C(\C=C\C1=C(C)C[C@H](CC1(C)C)O)/C)/C)/C=C/C=C(/C=C/[C@H]1C(=C[C@@H](CC1(C)C)O)C)\C,720,1
Crocin,CC(=CC=CC=C(C)C=CC=C(C)C(=O)OC1C(C(C(C(O1)COC2C(C(C(C(O2)CO)O)O)O)O)O)O)C=CC=C(C)C(=O)OC3C(C(C(C(O3)COC4C(C(C(C(O4)CO)O)O)O)O)O)O,718,1
Α-Crocetin,CC(=CC=CC=C(C)C=CC=C(C)C(=O)O)C=CC=C(C)C(=O)O,717,1
Triolein,CCCCCCCC/C=C\CCCCCCCC(=O)OC(COC(=O)CCCCCCC/C=C\CCCCCCCC)COC(=O)CCCCCCC/C=C\CCCCCCCC,765,1
sitosterol,CC[C@@H](C(C)C)CC[C@H]([C@H]1CC[C@@H]2[C@]1(C)CC[C@H]1[C@H]2CC=C2[C@]1(C)CC[C@H](C2)O)C,804,1
estrone,Oc1ccc2c(c1)CC[C@@H]1[C@H]2CC[C@@]2([C@H]1CCC2=O)C,778,1
Prunetin,COc1cc(O)c2c(c1)occ(c2=O)c1ccc(cc1)O,318,1
Vitamin E,CC1=C(C2=C(CCC(O2)(C)CCCC(C)CCCC(C)CCCC(C)C)C(=C1O)C)C,462,1
Geraniin,O=C(c1cc(O)c(c(c1)O)O)O[C@@H]1O[C@@H]2COC(=O)c3cc(O)c(c(c3c3c(C(=O)O[C@@H]4[C@H]1OC(=O)c1cc(O)c(c5c1[C@@H]1C(=CC(=O)[C@](O5)(C1(O)O)O)C(=O)O[C@H]24)O)cc(O)c(c3O)O)O)O,506,1
Corosolic Acid,C[C@@H]1CC[C@]2([C@@H]([C@H]1C)C1=CC[C@H]3[C@@]([C@@]1(CC2)C)(C)CC[C@@H]1[C@]3(C)C[C@@H](O)[C@@H](C1(C)C)O)C(=O)O,1178,1
Progesterone,CC(=O)C1CCC2C1(CCC3C2CCC4=CC(=O)CCC34C)C,309,1
Boswellic Acid,C[C@@H]1CC[C@]2([C@@H]([C@H]1C)C1=CC[C@H]3[C@@]([C@@]1(CC2)C)(C)CC[C@@H]1[C@]3(C)CC[C@H]([C@]1(C)C(=O)O)O)C,1119,1
Lupeol,CC(=C)C1CCC2(C1C3CCC4C5(CCC(C(C5CCC4(C3(CC2)C)C)(C)C)O)C)C,186,1
"Dipentene,L-Limonene",CC1=CCC(CC1)C(=C)C,667,1
Isoferulic Acid,COC1=C(C=C(C=C1)C=CC(=O)O)O,139,1
Visnagin,COc1c2c(=O)cc(oc2cc2c1cco2)C,555,1
Menthone,CC1CCC(C(=O)C1)C(C)C,580,1
Ursolic Acid,CC1CCC2(CCC3(C(=CCC4C3(CCC5C4(CCC(C5(C)C)O)C)C)C2C1C)C)C(=O)O,456,1
Kurarinol,COc1cc(O)c(c2c1C(=O)C[C@H](O2)c1ccc(cc1O)O)C[C@H](C(=C)C)CCC(O)(C)C,158,1
Herbacetin,Oc1ccc(cc1)c1oc2c(O)c(O)cc(c2c(=O)c1O)O,475,1
Phenethylamine,NCCc1ccccc1,285,1
Maackiain,Oc1ccc2c(c1)OC[C@@H]1[C@H]2Oc2c1cc1c(c2)OCO1,190,1
Xanthohumol,COc1cc(O)c(c(c1C(=O)/C=C/c1ccc(cc1)O)O)CC=C(C)C,466,1
Rutaecarpine,C1CN2C(=NC3=CC=CC=C3C2=O)C4=C1C5=CC=CC=C5N4,357,2
Trioxsalen,Cc1cc2c(o1)c(C)c1c(c2)c(C)cc(=O)o1,441,1
Tubocurarine,COc1cc2CCN([C@@H]3c2cc1Oc1cc(ccc1O)C[C@@H]1c2c(CC[N+]1(C)C)cc(c(c2Oc1ccc(C3)cc1)O)OC)C,446,1
Phellodendrine,COc1cc2C[N@+]3(C)CCc4c([C@@H]3Cc2cc1O)cc(c(c4)OC)O,704,1
Betunolic Acid,CC(=C)[C@@H]1CC[C@]2([C@H]1[C@H]1CC[C@H]3[C@@]([C@]1(C)CC2)(C)CC[C@@H]1[C@]3(C)CCC(=O)C1(C)C)C(=O)O,1106,1
Betulin,OC[C@@]12CC[C@H]([C@@H]2[C@@H]2[C@](CC1)(C)[C@]1(C)CC[C@@H]3[C@]([C@H]1CC2)(C)CC[C@@H](C3(C)C)O)C(=C)C,1104,1
20-Hydroxyecdysone,CC12CCC3C(=CC(=O)C4C3(CC(C(C4)O)O)C)C1(CCC2C(C)(C(CCC(C)(C)O)O)O)O,629,1
Arjunolic Acid,OC[C@]1(C)[C@@H](O)[C@H](O)C[C@]2([C@H]1CC[C@@]1([C@@H]2CC=C2[C@@]1(C)CC[C@@]1([C@H]2CC(CC1)(C)C)C(=O)O)C)C,894,1
Lycorine,C1CN2CC3=CC4=C(C=C3C5C2C1=CC(C5O)O)OCO4,189,1
Flavone,C1=CC=C(C=C1)C2=CC(=O)C3=CC=CC=C3O2,73,1
Nootkatone,O=C1C[C@@H](C)[C@]2(C(=C1)CC[C@H](C2)C(=C)C)C,238,1
Piceid,C1=CC(=CC=C1C=CC2=CC(=CC(=C2)OC3C(C(C(C(O3)CO)O)O)O)O)O,295,1
Α-Cyperone,CC(=C)[C@@H]1CC[C@@]2(C(=C(C)C(=O)CC2)C1)C,773,1
Schisandrol A,COc1c(OC)cc2c(c1OC)c1c(cc(c(c1OC)OC)OC)C[C@@H]([C@@](C2)(C)O)C,700,1
Nordihydroguaiaretic Acid,CC(C(Cc1ccc(c(c1)O)O)C)Cc1ccc(c(c1)O)O,240,2
Schisandrol B,COc1cc2C[C@H](C)[C@@](C)(O)Cc3c(c2c(c1OC)OC)c(OC)c1c(c3)OCO1,867,1
Cholesterol,CC(CCCC(C1CCC2C1(C)CCC1C2CC=C2C1(C)CCC(C2)O)C)C,533,2
Phytanic Acid,C[C@@H](CCCC(CC(=O)O)C)CCC[C@@H](CCCC(C)C)C,293,1
"Vitamin Eγ,Γ-Tocopherol",CC1=C(C=C2CCC(OC2=C1C)(C)CCCC(C)CCCC(C)CCCC(C)C)O,605,1
Citropten,COc1cc(OC)c2c(c1)oc(=O)cc2,1173,1
Schisandrin A,COc1c2c(C[C@H](C)[C@@H](Cc3c2c(OC)c(c(c3)OC)OC)C)cc(c1OC)OC,370,1
Borneol,O[C@@H]1CC2C(C1(C)CC2)(C)C,671,3
Asiatic Acid,OC[C@]1(C)[C@@H](O)[C@H](O)C[C@]2([C@H]1CC[C@@]1([C@@H]2CC=C2[C@@]1(C)CC[C@@]1([C@H]2[C@@H](C)[C@@H](CC1)C)C(=O)O)C)C,900,1
Cyanidin,Oc1cc(O)c2c(c1)[o+]c(c(c2)O)c1ccc(c(c1)O)O,1191,1
Kojic Acid,OCc1occ(c(=O)c1)O,157,1
Sakuranetin,COc1cc2O[C@@H](CC(=O)c2c(c1)O)c1ccc(cc1)O,363,1
Cyanidin Chloride,C1=CC(=C(C=C1C2=[O+]C3=CC(=CC(=C3C=C2O)O)O)O)O.[Cl-],1192,1
Daidzin,C1=CC(=CC=C1C2=COC3=C(C2=O)C=CC(=C3)OC4C(C(C(C(O4)CO)O)O)O)O,1204,1
Coumestrol,C1=CC2=C(C=C1O)OC3=C2C(=O)OC4=C3C=CC(=C4)O,1185,1
"5-Hydroxy-3-(4-Hydroxyphenyl)-7-[3,4,5-Trihydroxy-6-(Hydroxymethyl)Oxan-2-Yl]Oxychromen-4-One",C1=CC(=CC=C1C2=COC3=CC(=CC(=C3C2=O)O)OC4C(C(C(C(O4)CO)O)O)O)O,789,1
Pinostrobin,COc1cc2O[C@@H](CC(=O)c2c(c1)O)c1ccccc1,499,1
10-Gingerol,CCCCCCCCC[C@@H](CC(=O)CCc1ccc(c(c1)OC)O)O,649,1
Melatonin,COc1ccc2c(c1)c(CCN=C(O)C)c[nH]2,198,1
Acetaldehyde,CC=O,819,1
[6]-Gingerol,CCCCC[C@@H](CC(=O)CCc1ccc(c(c1)OC)O)O,683,1
"(1E,6E)-1,7-Bis(4-Hydroxy-3-Methoxyphenyl)Hepta-1,6-Diene-3,5-Dione",COC1=C(C=CC(=C1)C=CC(=O)CC(=O)C=CC2=CC(=C(C=C2)O)OC)O,715,1
Apocynin,COc1cc(ccc1O)C(=O)C,888,1
Zingiberene,CC(=CCC[C@@H]([C@H]1CC=C(C=C1)C)C)C,606,1
10-Dehydrogingerdione,CCCCCCCCCC(=CC(=O)/C=C/c1ccc(c(c1)OC)O)[O-],846,1
Zingerone,CC(=O)CCC1=CC(=C(C=C1)O)OC,581,1
Methylglyoxal,O=CC(=O)C,535,1
Shogaol,CCCCCC=CC(=O)CCC1=CC(=C(C=C1)O)OC,383,1
Ginkgetin,COc1ccc(cc1c1c(O)cc(c2c1oc(cc2=O)c1ccc(cc1)O)O)c1cc(=O)c2c(o1)cc(cc2O)OC,477,1
Norathyriol,Oc1cc(O)c2c(c1)oc1c(c2=O)cc(c(c1)O)O,239,1
Mangiferin,C1=C2C(=CC(=C1O)O)OC3=C(C2=O)C(=C(C(=C3)O)C4C(C(C(C(O4)CO)O)O)O)O,729,1
Icariside Ii,COc1ccc(cc1)c1oc2c(CC=C(C)C)c(O)cc(c2c(=O)c1O[C@@H]1O[C@H](C)[C@H]([C@@H]([C@@H]1O)O)O)O,126,1
Ar-Turmerone,CC1=CC=C(C=C1)C(C)CC(=O)C=C(C)C,896,1
Abscisic Acid,[O-]C(=O)/C=C(\C=C\[C@@]1(O)C(=CC(=O)CC1(C)C)C)/C,713,2
Ergosterol,CC(C)C(C)C=CC(C)C1CCC2C1(CCC3C2=CC=C4C3(CCC(C4)O)C)C,45,1
Dopamine,NCCc1ccc(c(c1)O)O,30,1
Fomepizole,Cc1c[nH]nc1,78,1
Myricetin,C1=C(C=C(C(=C1O)O)O)C2=C(C(=O)C3=C(C=C(C=C3O2)O)O)O,216,1
Allyl Isothiocyanate,C=CCN=C=S,853,1
Chavicol,C=CCC1=CC=C(C=C1)O,589,1
Harpagoside,CC1(CC(C2(C1C(OC=C2)OC3C(C(C(C(O3)CO)O)O)O)O)O)OC(=O)C=CC4=CC=CC=C4,110,1
Arctigenin,COC1=C(C=C(C=C1)CC2COC(=O)C2CC3=CC(=C(C=C3)O)OC)OC,891,1
Phillyrin,OC[C@H]1O[C@@H](Oc2ccc(cc2OC)[C@H]2OC[C@H]3[C@@H]2CO[C@H]3c2ccc(c(c2)OC)OC)[C@@H]([C@H]([C@@H]1O)O)O,612,1
Matairesinol,COc1cc(ccc1O)C[C@H]1C(=O)OC[C@@H]1Cc1ccc(c(c1)OC)O,196,1
Betulinic Acid,CC(=C)[C@@H]1CC[C@]2([C@H]1[C@H]1CC[C@H]3[C@@]([C@]1(C)CC2)(C)CC[C@@H]1[C@]3(C)CC[C@@H](C1(C)C)O)C(=O)O,1105,1
Quercitrin,Oc1cc(O)c2c(c1)oc(c(c2=O)O[C@@H]1O[C@@H](C)[C@@H]([C@H]([C@H]1O)O)O)c1ccc(c(c1)O)O,337,1
Bornyl Acetate,CC(=O)O[C@H]1C[C@@H]2C([C@@]1(C)CC2)(C)C,779,1
"3,7,7-Trimethylbicyclo[4.1.0]Hept-3-Ene,3-Carene",CC1=CCC2C(C1)C2(C)C,579,1
Taurine,NCCS(=O)(=O)O,411,2
Cytochalasin B,C[C@@H]1CCC[C@@H](O)/C=C/C(=O)O[C@@]23[C@@H](/C=C/C1)[C@H](O)C(=C)[C@H]([C@H]3[C@@H](N=C2O)Cc1ccccc1)C,1202,1
4-Hydroxybenzyl Alcohol,C1=CC(=CC=C1CO)O,529,1
Gastrodin,OC[C@H]1O[C@@H](Oc2ccc(cc2)CO)[C@@H]([C@H]([C@@H]1O)O)O,619,1
Menthol,C[C@H]1CC[C@@H]([C@H](C1)O)C(C)C,646,1
Jaceosidine,COC1=C(C=CC(=C1)C2=CC(=O)C3=C(O2)C=C(C(=C3O)OC)O)O,151,1
Nicotine,CN1CCC[C@H]1c1cccnc1,233,1
Indole-3-Acetic Acid,OC(=O)Cc1c[nH]c2c1cccc2,492,1
Bq-123,CC(C[C@@H]1N=C(O)[C@H](N=C(O)[C@@H]2CCCN2C(=O)[C@@H](N=C([C@H](N=C1O)Cc1c[nH]c2c1cccc2)O)CC(=O)O)C(C)C)C,1120,1
Duvoglustat,OC[C@H]1NC[C@@H]([C@H]([C@@H]1O)O)O,32,1
Myricitrin,CC1C(C(C(C(O1)OC2=C(OC3=CC(=CC(=C3C2=O)O)O)C4=CC(=C(C(=C4)O)O)O)O)O)O,217,1
Quercetin Dihydrate,Oc1cc(O)c2c(c1)oc(c(c2=O)O)c1ccc(c(c1)O)O.O,336,1
Taxifolin,Oc1cc2OC(c3ccc(c(c3)O)O)C(C(=O)c2c(c1)O)O,414,1
Pyroglutamic Acid,OC(=O)[C@@H]1CCC(=N1)O,333,1
Oxyresveratrol,Oc1ccc(c(c1)O)/C=C/c1cc(O)cc(c1)O,265,1
Kuwanon C,CC(=CCC1=C2C(=C(C=C1O)O)C(=O)C(=C(O2)C3=C(C=C(C=C3)O)O)CC=C(C)C)C,159,1
Butein,Oc1ccc(c(c1)O)C(=O)/C=C/c1ccc(c(c1)O)O,1124,1
Sanggenon G,CC(=CCCC1=C[C@H](c2c(O)cc3c(c2O)C(=O)C[C@H](O3)c2cc(O)ccc2O)[C@H]([C@@H](C1)c1ccc(cc1O)O)C(=O)c1ccc(cc1O)O)C,368,1
Sanggenon C,CC(=CC[C@@]12Oc3cc(O)c(c(c3C(=O)[C@@]2(O)Oc2c1ccc(c2)O)O)[C@H]1C=C(C)C[C@@H]([C@H]1C(=O)c1ccc(cc1O)O)c1ccc(cc1O)O)C,367,1
(+)-Taxifolin,Oc1cc2O[C@H](c3ccc(c(c3)O)O)[C@H](C(=O)c2c(c1)O)O,564,1
Esculin,OC[C@H]1O[C@@H](Oc2cc3ccc(=O)oc3cc2O)[C@@H]([C@H]([C@@H]1O)O)O,50,1
Sanggenone G,CC(=CCCC1=C[C@H](c2c(O)cc3c(c2O)C(=O)C[C@H](O3)c2ccc(cc2O)O)[C@H]([C@@H](C1)c1ccc(cc1O)O)C(=O)c1ccc(cc1O)O)C,887,1
Catechol,C1=CC=C(C(=C1)O)O,1146,1
Cis-Asarone,CC=CC1=CC(=C(C=C1OC)OC)OC,520,1
N-Acetyl-D-Glucosamine,OC[C@H]1O[C@H](O)[C@@H]([C@H]([C@@H]1O)O)NC(=O)C,600,1
Trans-Asarone,C/C=C/c1cc(OC)c(cc1OC)OC,434,1
Evodiamine,O=C1c2ccccc2N([C@@H]2N1CCc1c2[nH]c2c1cccc2)C,64,1
Liriodenine,O=C1c2ccccc2c2c3c1nccc3cc1c2OCO1,514,1
Chelerythrine,C[N+]1=C2C(=C3C=CC(=C(C3=C1)OC)OC)C=CC4=CC5=C(C=C42)OCO5,1152,1
Crotonaldehyde,CC=CC=O,1187,1
Xanthoxylin,CC(=O)C1=C(C=C(C=C1OC)OC)O,468,1
Acrolein,C=CC=O,832,1
Crotonoside,OC[C@H]1O[C@H]([C@@H]([C@@H]1O)O)n1cnc2c1nc(=O)[nH]c2N,588,1
Phorbol,OCC1=CC2C3C(C3(C)C)(O)C(C(C2(C2C(C1)(O)C(=O)C(=C2)C)O)C)O,661,2
Phorbol-12-Myristate-13-Acetate,CCCCCCCCCCCCCC(=O)O[C@@H]1[C@@H](C)[C@@]2(O)[C@H]([C@H]3[C@]1(OC(=O)C)C3(C)C)C=C(C[C@@]1([C@H]2C=C(C1=O)C)O)CO,627,1
Phorbol Myristate Acetate,CCCCCCCCCCCCCC(=O)O[C@@H]1[C@@H](C)[C@@]2(O)[C@H]([C@H]3[C@]1(OC(=O)C)C3(C)C)C=C(C[C@]1([C@H]2C=C(C1=O)C)O)CO,291,1
Punicalagin,O[C@@H]1O[C@@H]2COC(=O)c3cc(O)c(c(c3c3c(O)c(O)c4c5c3c(=O)oc3c(c(c(c6c(C(=O)O[C@H]2[C@H]2[C@H]1OC(=O)c1cc(O)c(c(c1c1c(C(=O)O2)cc(c(c1O)O)O)O)O)cc(O)c(c6O)O)c(c(=O)o4)c53)O)O)O)O,322,1
Corilagin,O[C@@H]1[C@H]2COC(=O)c3cc(O)c(c(c3c3c(C(=O)O[C@H]1[C@H]([C@@H](O2)OC(=O)c1cc(O)c(c(c1)O)O)O)cc(O)c(c3O)O)O)O,805,2
Erucic Acid,CCCCCCCC/C=C\CCCCCCCCCCCC(=O)O,47,1
Arjungenin,OC[C@]1(C)[C@@H](O)[C@H](O)C[C@]2([C@H]1CC[C@@]1([C@@H]2CC=C2[C@@]1(C)CC[C@@]1([C@H]2[C@H](O)C(CC1)(C)C)C(=O)[O-])C)C,810,1
Plaunotol,OC/C=C(/CC/C=C(/CC/C=C(/CCC=C(C)C)C)CO)C,497,1
"Peiminine,Simperialine",CC1CCC2C(C3CCC4C(C3CN2C1)CC5C4CC(=O)C6C5(CCC(C6)O)C)(C)O,647,1
Guanine,N=c1nc(O)c2c([nH]1)[nH]cn2,107,1
Aurapten,C/C(=C/COc1ccc2c(c1)oc(=O)cc2)/CCC=C(C)C,698,1
Hesperitin,COc1ccc(cc1O)C1CC(=O)c2c(O1)cc(cc2O)O,545,1
Tanshinone Iia,CC1=COC2=C1C(=O)C(=O)C3=C2C=CC4=C3CCCC4(C)C,409,1
Tanshinone I,CC1=C2C=CC3=C(C2=CC=C1)C(=O)C(=O)C4=C3OC=C4C,408,1
Decursin,O=C(C=C(C)C)O[C@H]1Cc2cc3ccc(=O)oc3cc2OC1(C)C,678,1
Risedronic Acid,OP(=O)(C(P(=O)(O)O)(Cc1cccnc1)O)O,353,1
Betaine,[O-]C(=O)C[N+](C)(C)C,532,1
Dulcitol,OC[C@H]([C@@H]([C@@H]([C@H](CO)O)O)O)O,570,1
Bergenin,OC[C@H]1O[C@@H]2[C@@H]([C@H]([C@@H]1O)O)OC(=O)c1c2c(O)c(c(c1)O)OC,1100,1
Methyl Alcohol,CO,203,1
Pinosylvin,Oc1cc(/C=C/c2ccccc2)cc(c1)O,299,1
Loganin,OC[C@H]1O[C@@H](O[C@@H]2OC=C([C@@H]3[C@H]2[C@@H](C)[C@H](C3)O)C(=O)OC)[C@@H]([C@H]([C@@H]1O)O)O,519,1
Cyclohexanone,O=C1CCCCC1,1195,1
Phenanthrene,c1ccc2c(c1)c1ccccc1cc2,284,1
Fanchinin,CN1CCC2=CC(=C3C=C2C1CC4=CC=C(C=C4)OC5=C(C=CC(=C5)CC6C7=C(O3)C(=C(C=C7CCN6C)OC)OC)OC)OC,66,1
Ethyl Vanillin,CCOc1cc(C=O)ccc1O,57,1
Maslinic Acid,O[C@@H]1C[C@@]2(C)[C@H](C([C@H]1O)(C)C)CC[C@@]1([C@@H]2CC=C2[C@@]1(C)CC[C@@]1([C@H]2CC(C)(C)CC1)C(=O)O)C,195,1
Tartrate,O[C@H]([C@H](C(=O)O)O)C(=O)O,410,1
"3,5-Dihydroxybenzoic Acid",Oc1cc(O)cc(c1)C(=O)O,706,1
Morroniside,CC1C2C(CC(O1)O)C(=COC2OC3C(C(C(C(O3)CO)O)O)O)C(=O)OC,791,1
Alpha-Amyrin,CC1CCC2(CCC3(C(=CCC4C3(CCC5C4(CCC(C5(C)C)O)C)C)C2C1C)C)C,857,1
Resorcinol,Oc1cccc(c1)O,344,1
Rosmarinic Acid,C1=CC(=C(C=C1CC(C(=O)O)OC(=O)C=CC2=CC(=C(C=C2)O)O)O)O,355,1
Cynarin,O=C(O[C@@H]1C[C@](OC(=O)/C=C/c2ccc(c(c2)O)O)(C[C@H]([C@@H]1O)O)C(=O)O)/C=C/c1ccc(c(c1)O)O,478,1
Juglone,C1=CC2=C(C(=O)C=CC2=O)C(=C1)O,153,1
Terpinen-4-Ol,CC1=CC[C@](CC1)(O)C(C)C,699,1
Sphingosine,CCCCCCCCCCCCC/C=C/[C@H]([C@H](CO)N)O,395,1
L-Fucose,O[C@@H]1[C@H](C)OC([C@H]([C@@H]1O)O)O,172,1
Tilianine,OC[C@H]1O[C@@H](Oc2cc(O)c3c(c2)oc(cc3=O)c2ccc(cc2)OC)[C@@H]([C@H]([C@@H]1O)O)O,429,1
Lactic Acid,OC(=O)C(O)C,162,2
"2,3-Dihydroxypropanal",OC(C=O)CO,583,1
Aspirin,CC(=O)Oc1ccccc1C(=O)O,906,1
Meglutol,OC(=O)CC(CC(=O)O)(O)C,197,1
Curcumine,COC1=C(C=CC(=C1)C=CC(=O)CC(=O)C=CC2=CC(=C(C=C2)O)OC)O,543,1
(R)-Cysteine,N[C@H](C(=O)O)CS,219,1
Flavanone,O=C1CC(Oc2c1cccc2)c1ccccc1,71,1
Daminozide,CN(N=C(CCC(=O)O)O)C,1206,1
"7,8-Dihydroxyflavone",Oc1ccc2c(c1O)oc(cc2=O)c1ccccc1,800,1
"3',4'-Dihydroxyacetophenone",CC(=O)C1=CC(=C(C=C1)O)O,575,1
Arctiin,COC1=C(C=C(C=C1)CC2COC(=O)C2CC3=CC(=C(C=C3)OC4C(C(C(C(O4)CO)O)O)O)OC)OC,609,1
Propranolol,OC(COc1cccc2c1cccc2)CNC(C)C,311,1
Propoxur,CN=C(Oc1ccccc1OC(C)C)O,310,1
Dichlorvos,COP(=O)(OC=C(Cl)Cl)OC,14,1
Tmpea,COc1cc(CC[NH3+])cc(c1OC)OC,546,1
Permethrin,ClC(=CC1C(C1(C)C)C(=O)OCc1cccc(c1)Oc1ccccc1)Cl,283,1
Nectandrin B,COc1cc(ccc1O)[C@@H]1O[C@@H]([C@H]([C@H]1C)C)c1ccc(c(c1)OC)O,230,1
Licarin A,CC=CC1=CC2=C(C(=C1)OC)OC(C2C)C3=CC(=C(C=C3)O)OC,173,1
Nuciferine,COc1cc2CC[NH+]([C@H]3c2c(c1OC)c1ccccc1C3)C,563,1
Spinosin,OC[C@H]1O[C@H]([C@@H]([C@H]([C@@H]1O)O)O[C@@H]1O[C@H](CO)[C@H]([C@@H]([C@H]1O)O)O)c1c(OC)cc2c(c1O)c(=O)cc(o2)c1ccc(cc1)O,632,1
Stepholidine,COc1cc2CCN3[C@H](c2cc1O)Cc1c(C3)c(OC)c(cc1)O,398,1
Cgmp,O[C@@H]1[C@@H]2OP(=O)(O)OC[C@H]2O[C@H]1n1cnc2c1[nH]c(=N)nc2O,1150,1
Jujuboside A,CC1C(C(C(C(O1)OC2C(C(COC2OC3CCC4(C5CCC6C7C(CC(OC78CC6(C5(CCC4C3(C)C)C)CO8)C=C(C)C)(C)O)C)O)OC9C(C(C(C(O9)COC1C(C(C(C(O1)CO)O)O)O)O)O)OC1C(C(C(CO1)O)O)O)O)O)O,652,1
Cyclic Adenosine Monophosphate,O[C@@H]1[C@@H]2OP(=O)(O)OC[C@H]2O[C@H]1n1cnc2c1ncnc2N,1194,1
Embelin,CCCCCCCCCCCC1=C(O)C(=O)C=C(C1=O)O,36,1
Icaritin,COc1ccc(cc1)c1oc2c(CC=C(C)C)c(O)cc(c2c(=O)c1O)O,127,1
Tromethamine,OCC(CO)(CO)N,443,1
Gentianine,C=Cc1cncc2c1CCOC2=O,663,1
Isoorientin,C1=CC(=C(C=C1C2=CC(=O)C3=C(O2)C=C(C(=C3O)C4C(C(C(C(O4)CO)O)O)O)O)O)O,143,1
Gentiopicroside,C=CC1C(OC=C2C1=CCOC2=O)OC3C(C(C(C(O3)CO)O)O)O,601,1
Anandamide,CCCCC/C=C\C/C=C\C/C=C\C/C=C\CCCC(=NCCO)O,871,1
Tiliroside,O=C(OC[C@H]1O[C@@H](Oc2c(oc3c(c2=O)c(O)cc(c3)O)c2ccc(cc2)O)[C@@H]([C@H]([C@@H]1O)O)O)/C=C/c1ccc(cc1)O,430,1
Ecdysone,O[C@@H]([C@H]([C@H]1CC[C@@]2([C@]1(C)CC[C@H]1C2=CC(=O)[C@H]2[C@]1(C)C[C@H](O)[C@@H](C2)O)O)C)CCC(O)(C)C,33,1
Ponasterone A,CC(CC[C@H]([C@@]([C@H]1CC[C@@]2([C@]1(C)CC[C@H]1C2=CC(=O)[C@H]2[C@]1(C)C[C@H](O)[C@@H](C2)O)O)(O)C)O)C,305,1
Arbutin,OC[C@H]1O[C@@H](Oc2ccc(cc2)O)[C@@H]([C@H]([C@@H]1O)O)O,890,1
(S)-N-Trans-Feruloyloctopamine,COc1cc(/C=C/C(=NC[C@H](c2ccc(cc2)O)O)O)ccc1O,522,1
Trans-N-Caffeoyltyramine,OC(=NCCc1ccc(cc1)O)/C=C/c1ccc(c(c1)O)O,435,1
Silibinin,OCC1Oc2ccc(cc2OC1c1ccc(c(c1)OC)O)C1Oc2cc(O)cc(c2C(=O)C1O)O,384,1
Safranal,O=CC1=C(C)C=CCC1(C)C,584,1
Uridylic Acid,OC[C@H]1O[C@H]([C@@H]([C@@H]1OP(=O)([O-])[O-])O)n1ccc(=O)[nH]c1=O,611,1
Β-Cryptoxanthin,CC1=C(C(CCC1)(C)C)C=CC(=CC=CC(=CC=CC=C(C)C=CC=C(C)C=CC2=C(CC(CC2(C)C)O)C)C)C,719,1
Acrylamide,OC(=N)C=C,833,1
Dioscin,OC[C@H]1O[C@@H](O[C@H]2CC[C@]3(C(=CC[C@@H]4[C@@H]3CC[C@]3([C@H]4C[C@H]4[C@@H]3[C@H](C)[C@]3(O4)CC[C@H](CO3)C)C)C2)C)[C@@H]([C@H]([C@@H]1O[C@@H]1O[C@@H](C)[C@@H]([C@H]([C@H]1O)O)O)O)O[C@@H]1O[C@@H](C)[C@@H]([C@H]([C@H]1O)O)O,22,2
Bicuculline,CN1CCC2=CC3=C(C=C2C1C4C5=C(C6=C(C=C5)OCO6)C(=O)O4)OCO3,1108,1
Indigo,O=C1c2ccccc2N/C/1=C\1/Nc2c(C1=O)cccc2,131,1
Tryptanthrin,C1=CC=C2C(=C1)C(=O)N3C4=CC=CC=C4C(=O)C3=N2,445,1
Isatin,O=C1C(=O)Nc2c1cccc2,136,1
Tryptamine,NCCc1c[nH]c2c1cccc2,444,1
Cytochrome C,CNC(=O)C(CSC(C1=C(C)C2=Cc3[n-]c(c(c3C(SCC(C(=O)NC)[NH3+])C)C)C=C3N=C(C=c4[n-]c(=CC1=N2)c(C)c4CCC(=O)[O-])C(=C3C)CCC(=O)[O-])C)[NH3+].[Fe+2],665,1
Psoralidin,CC(=CCc1cc2c(cc1O)oc(=O)c1c2oc2c1ccc(c2)O)C,733,1
Bakuchiol,C=C[C@@](/C=C/c1ccc(cc1)O)(CCC=C(C)C)C,489,1
Alvespimycin,CO[C@H]1C[C@H](C)CC2=C(NCCN(C)C)C(=O)C=C(C2=O)N=C(O)/C(=C/C=C\[C@@H]([C@H](/C(=C/[C@@H]([C@H]1O)C)/C)OC(=N)O)OC)/C,863,1
Bavachin,CC(=CCc1cc2C(=O)C[C@H](Oc2cc1O)c1ccc(cc1)O)C,1068,1
Oxalic Acid,[O-]C(=O)C(=O)[O-],537,1
"Acetic Acid,Propionic Acid",CC(=O)O,531,1
P-Nitrophenol,Oc1ccc(cc1)N(=O)=O,303,1
Matrine,O=C1CCC[C@H]2N1C[C@@H]1CCC[NH+]3[C@@H]1[C@@H]2CCC3,603,1
Sophoridine,C1CC2C3CCCN4C3C(CCC4)CN2C(=O)C1,645,1
Artepillin,CC(=CCc1cc(/C=C/C(=O)O)cc(c1O)CC=C(C)C)C,895,1
Kushenol X,CC(=CCC(C(=C)C)Cc1c(O)cc(c2c1O[C@@H]([C@H](C2=O)O)c1ccc(cc1O)O)O)C,509,1
Sophocarpine,C1CC2CN3C(CC=CC3=O)C4C2N(C1)CCC4,622,1
Soyasaponin I,OC[C@H]1O[C@@H](O[C@H]2[C@@H](O[C@@H]([C@H]([C@@H]2O)O)C(=O)[O-])O[C@H]2CC[C@]3([C@H]([C@@]2(C)CO)CC[C@@]2([C@@H]3CC=C3[C@@]2(C)CC[C@@]2([C@H]3CC(C)(C)C[C@H]2O)C)C)C)[C@@H]([C@H]([C@H]1O)O)O[C@@H]1O[C@@H](C)[C@@H]([C@H]([C@H]1O)O)O,626,1
Cytisine,O=c1cccc2n1C[C@@H]1CNC[C@H]2C1,1201,1
Sophoramine,C1CC2CN3C(=O)C=CC=C3C4C2N(C1)CCC4,650,1
Oxymatrine,O=C1CCC[C@H]2N1C[C@@H]1CCC[N@+]3([C@@H]1[C@@H]2CCC3)[O-],901,1
Isoxanthohumol,COc1cc(O)c(c2c1C(=O)CC(O2)c1ccc(cc1)O)CC=C(C)C,150,2
Caffeine,CN1C=NC2=C1C(=O)N(C(=O)N2C)C,1130,1
Sinomenine,CN1CCC23CC(=O)C(=CC2C1CC4=C3C(=C(C=C4)OC)O)OC,518,2
Fangchinoline,COc1cc2CCN([C@@H]3c2c(c1O)Oc1cc2c(cc1OC)CCN([C@H]2Cc1ccc(Oc2cc(C3)ccc2OC)cc1)C)C,67,1
Isolinderalactone,C=C[C@@]1(C)Cc2occ(c2[C@H]2[C@@H]1C(=C)C(=O)O2)C,743,1
Ciprofloxacin,Fc1cc2c(cc1N1CCNCC1)n(cc(c2=O)C(=O)O)C1CC1,1169,1
(-)-Demecolcine,CN[C@H]1CCc2c(c3c1cc(=O)c(cc3)OC)c(OC)c(c(c2)OC)OC,0,1
Curcumin,COc1cc(/C=C/C(=C/C(=O)/C=C/c2ccc(c(c2)OC)O)/O)ccc1O,1190,1
Harmine,COc1ccc2c(c1)[nH]c1c2ccnc1C,109,1
Daphnetin,O=c1ccc2c(o1)c(O)c(cc2)O,1209,1
Chlorhexidine,N=C(NC(=N)Nc1ccc(cc1)Cl)NCCCCCCNC(=N)NC(=N)Nc1ccc(cc1)Cl,1154,1
Pterostilbene,COc1cc(/C=C/c2ccc(cc2)O)cc(c1)OC,320,1
Prunin,OC[C@H]1O[C@@H](Oc2cc3O[C@@H](CC(=O)c3c(c2)O)c2ccc(cc2)O)[C@@H]([C@H]([C@@H]1O)O)O,480,1
Swertiamarin,C=CC1C(OC=C2C1(CCOC2=O)O)OC3C(C(C(C(O3)CO)O)O)O,680,1
"1,3,7-Trihydroxyxanthone",C1=CC2=C(C=C1O)C(=O)C3=C(C=C(C=C3O2)O)O,474,1
Amarogentin,C=CC1C2CCOC(=O)C2=COC1OC3C(C(C(C(O3)CO)O)O)OC(=O)C4=C(C=C(C=C4O)O)C5=CC(=CC=C5)O,620,1
Salvianolic Acid B,O=C(OC(C(=O)[O-])Cc1ccc(c(c1)O)O)C=Cc1ccc(c2c1C(C(=O)OC(C(=O)[O-])Cc1ccc(c(c1)O)O)C(O2)c1ccc(c(c1)O)O)O,624,1
Cryptotanshinone,C[C@H]1COC2=C1C(=O)C(=O)c1c2ccc2c1CCCC2(C)C,1188,1
Fluoxetine,CNCCC(c1ccccc1)Oc1ccc(cc1)C(F)(F)F,76,1
Danshensu,[O-]C(=O)[C@@H](Cc1ccc(c(c1)O)O)O,794,1
Methyl Rosmarinate,COC(=O)[C@@H](Cc1ccc(c(c1)O)O)OC(=O)/C=C/c1ccc(c(c1)O)O,204,1
Isocryptotanshinone,CC1COC2=C1C(=O)C3=C(C2=O)C4=C(C=C3)C(CCC4)(C)C,688,1
Miltirone,CC(C1=Cc2ccc3c(c2C(=O)C1=O)CCCC3(C)C)C,210,1
Salvianolic Acid A,C1=CC(=C(C=C1CC(C(=O)O)OC(=O)C=CC2=C(C(=C(C=C2)O)O)C=CC3=CC(=C(C=C3)O)O)O)O,366,1
Tigogenin,CC1CCC2(C(C3C(O2)CC4C3(CCC5C4CCC6C5(CCC(C6)O)C)C)C)OC1,658,1
Dihydrotanshinone I,C[C@H]1COC2=C1C(=O)C(=O)c1c2ccc2c1cccc2C,20,1
Ferruginol,CC(C)C1=C(C=C2C(=C1)CCC3C2(CCCC3(C)C)C)O,513,1
Amentoflavone,Oc1ccc(cc1)c1cc(=O)c2c(o1)c(c(cc2O)O)c1cc(ccc1O)c1cc(=O)c2c(o1)cc(cc2O)O,864,1
Pinusolide,CC12CCCC(C1CCC(=C)C2CCC3=CCOC3=O)(C)C(=O)OC,641,1
Myrtenal,O=CC1=CCC2CC1C2(C)C,585,1
"Α-Elemene,Β-Elemene",CC(=C)C1CCC(C(C1)C(=C)C)(C)C=C,567,1
Cirsilineol,COc1cc2oc(cc(=O)c2c(c1OC)O)c1ccc(c(c1)OC)O,643,1
Β-Bourbonene,CC([C@@H]1CC[C@@]2([C@H]1[C@H]1C(=C)CC[C@@H]21)C)C,587,1
Abietic Acid,CC(C1=CC2=CC[C@@H]3[C@]([C@H]2CC1)(C)CCC[C@@]3(C)C(=O)O)C,814,1
Ibuprofen,CC(Cc1ccc(cc1)C(C(=O)O)C)C,124,1
Xanthotoxol,O=c1ccc2c(o1)c(O)c1c(c2)cco1,467,1
Danthron,Oc1cccc2c1C(=O)c1c(C2=O)cccc1O,1208,1
Pregnenolone,O[C@H]1CC[C@]2(C(=CC[C@@H]3[C@@H]2CC[C@]2([C@H]3CC[C@@H]2C(=O)C)C)C1)C,307,1
Lecanoric Acid,Oc1cc(C)c(c(c1)O)C(=O)Oc1cc(C)c(c(c1)O)C(=O)O,165,1
Ergosterol Peroxide,O[C@H]1CC[C@]2([C@@]3(C1)OO[C@@]1([C@@H]2CC[C@]2([C@H]1CC[C@@H]2[C@@H](/C=C/[C@@H](C(C)C)C)C)C)C=C3)C,528,1
Testosterone,O=C1CC[C@]2(C(=C1)CC[C@@H]1[C@@H]2CC[C@]2([C@H]1CC[C@@H]2O)C)C,417,1
Androstenedione,O=C1CC[C@]2(C(=C1)CC[C@@H]1[C@@H]2CC[C@]2([C@H]1CCC2=O)C)C,874,1
P-Hydroxybenzoic Acid,[O-]C(=O)c1ccc(cc1)O,530,1
Picroside Ii,OC[C@H]1O[C@@H](O[C@@H]2OC=C[C@@H]3[C@H]2[C@@]2(CO)O[C@H]2[C@H]3OC(=O)c2ccc(c(c2)OC)O)[C@@H]([C@H]([C@@H]1O)O)O,801,1
Cycloheximide,C[C@H]1C[C@H](C)C(=O)[C@@H](C1)[C@@H](CC1CC(=NC(=O)C1)O)O,1196,1
Chalcone,O=C(c1ccccc1)/C=C/c1ccccc1,1151,1
Nandrolone Decanoate,CCCCCCCCCC(=O)O[C@H]1CC[C@@H]2[C@]1(C)CC[C@H]1[C@H]2CCC2=CC(=O)CC[C@H]12,225,1
Cardamomin,COC1=CC(=CC(=C1C(=O)C=CC2=CC=CC=C2)O)O,1141,1
Alpinetin,COc1cc(O)cc2c1C(=O)C[C@@H](O2)c1ccccc1,693,1
Ampelopsin,C1=C(C=C(C(=C1O)O)O)C2C(C(=O)C3=C(C=C(C=C3O2)O)O)O,640,1
Toosendanin,CC(=O)O[C@H]1C(=O)[C@@H]2[C@@]34CO[C@@H]([C@@]([C@@H]4C[C@H]([C@]2([C@@]24[C@]1(C)[C@@H](C[C@H]4O2)c1ccoc1)C)O)([C@@H](C[C@@H]3O)OC(=O)C)C)O,882,1
Gedunin,CC(=O)O[C@@H]1C[C@H]2C(C)(C)C(=O)C=C[C@@]2([C@@H]2[C@]1(C)[C@@]13O[C@@H]1C(=O)O[C@H]([C@@]3(CC2)C)c1ccoc1)C,94,1
Glycitein,COC1=C(C=C2C(=C1)C(=O)C(=CO2)C3=CC=C(C=C3)O)O,741,1
Piplartine,COC1=CC(=CC(=C1OC)OC)C=CC(=O)N2CCC=CC2=O,301,1
Tamsulosin,CCOc1ccccc1OCCN[C@@H](Cc1ccc(c(c1)S(=O)(=O)N)OC)C,405,1
Verapamil,COc1ccc(cc1OC)CCN(CCCC(c1ccc(c(c1)OC)OC)(C(C)C)C#N)C,461,1
Piperine,C1CCN(CC1)C(=O)C=CC=CC2=CC3=C(C=C2)OCO3,300,1
Grandisin,COc1cc(cc(c1OC)OC)[C@@H]1O[C@H]([C@@H]([C@H]1C)C)c1cc(OC)c(c(c1)OC)OC,505,2
Pyridoxine,OCc1c(CO)cnc(c1O)C,331,1
Histamine,C1=C(NC=N1)CCN,116,2
Kynurenine,OC(=O)C(CC(=O)c1ccccc1N)N,160,1
Yakuchinone B,COC1=C(C=CC(=C1)C=CC(=O)CCCCC2=CC=CC=C2)O,771,1
Yakuchinone A,COC1=C(C=CC(=C1)CCC(=O)CCCCC2=CC=CC=C2)O,630,1
ARB,O[C@H]1CO[C@@H]([C@@H]([C@H]1O)O)O,672,1
GLA,OC[C@H]1O[C@H](O)[C@@H]([C@H]([C@H]1O)O)O,670,1
gamma-aminobutyric acid,[NH3+]CCCC(=O)[O-],780,1
GLY,[O-]C(=O)C[NH3+],711,1
Butanone,CCC(=O)C,1123,1
Isopropyl Alcohol,CC(O)C,145,1
Pidolic Acid,OC(=O)C1CCC(=N1)O,297,1
Glutathione,SC[C@@H](C(=NCC(=O)O)O)N=C(CC[C@@H](C(=O)O)N)O,101,1
Allicin,C=CCSS(=O)CC=C,845,2
Diallyl Sulfide,C=CCSCC=C,10,1
Tectorigenin,COC1=C(C2=C(C=C1O)OC=C(C2=O)C3=CC=C(C=C3)O)O,735,1
Tectoridin,OC[C@H]1O[C@@H](Oc2cc3occ(c(=O)c3c(c2OC)O)c2ccc(cc2)O)[C@@H]([C@H]([C@@H]1O)O)O,734,1
Irigenin,COC1=CC(=CC(=C1OC)O)C2=COC3=C(C2=O)C(=C(C(=C3)O)OC)O,762,1
Atrazine,CCN=c1nc(Cl)[nH]c(=NC(C)C)[nH]1,968,1
Obtusifolin,COc1c2c(cc(c1O)C)C(=O)c1c(C2=O)c(O)ccc1,705,1
Dronabinol,CCCCCC1=CC(=C2C3C=C(CCC3C(OC2=C1)(C)C)C)O,31,1
Cannabigerol,CCCCCc1cc(O)c(c(c1)O)C/C=C(/CCC=C(C)C)\C,1137,1
Cannabidiol,CCCCCc1cc(O)c(c(c1)O)[C@H]1C=C(C)CC[C@@H]1C(=C)C,856,2
Cannabichromene,CCCCCc1cc2OC(C)(CCC=C(C)C)C=Cc2c(c1)O,510,2
Arachidonic Acid,CCCCCC=CCC=CCC=CCC=CCCCC(=O)O,889,1
Cannabidiol Acid,CCCCCc1cc(O)c(c(c1C(=O)O)O)[C@@H]1C=C(C)CC[C@H]1C(=C)C,517,1
Gamolenic Acid,CCCCCC=CCC=CCC=CCCCCC(=O)O,90,1
Muscarine,CC1C(CC(O1)C[N+](C)(C)C)O,214,1
Raphanin,C[S@@](=O)/C=C/CCN=C=S,877,1
Sulforaphane,S=C=NCCCCS(=O)C,402,1
Farnesiferol B,C/C(=C\COc1ccc2c(c1)oc(=O)cc2)/CC[C@H]1C(=C)CC[C@H](C1(C)C)O,772,1
Rhynchophylline,CCC1CN2CCC3(C2CC1C(=COC)C(=O)OC)C4=CC=CC=C4NC3=O,351,1
Isomitraphylline,C[C@H]1[C@H]2CN3CC[C@@]4([C@@H]3C[C@@H]2C(=CO1)C(=O)OC)C5=CC=CC=C5NC4=O,798,1
Isocorynoxeine,COC=C(C1CC2C3(CCN2CC1C=C)C4=CC=CC=C4NC3=O)C(=O)OC,703,1
Pronuciferine,COc1c(OC)cc2c3c1C1(C=CC(=O)C=C1)C[C@H]3[NH+](CC2)C,657,1
Andrographolide,CC12CCC(C(C1CCC(=C)C2CC=C3C(COC3=O)O)(C)CO)O,872,1
Anacardic Acid,C=CC/C=C/C/C=C/CCCCCCCc1cccc(c1C(=O)[O-])O,761,2
Liensinine,COc1cc2CC[NH+]([C@@H](c2cc1Oc1cc(ccc1O)C[C@H]1[NH+](C)CCc2c1cc(OC)c(c2)OC)Cc1ccc(cc1)O)C,639,1
Quinazolinone,Oc1ncnc2c1cccc2,340,1
Dicumarol,O=c1oc2ccccc2c(c1Cc1c(=O)oc2c(c1O)cccc2)O,16,1
3-Hydroxybenzoic Acid,Oc1cccc(c1)C(=O)O,737,1
Wedelolactone,COC1=CC(=C2C(=C1)OC(=O)C3=C2OC4=CC(=C(C=C43)O)O)O,464,1
Dalfampridine,N=c1cc[nH]cc1,1205,1
Alpha-Santalol,OC/C(=C\CC[C@]1(C)C2C[C@@H]3C1(C)[C@@H]3C2)/C,523,1
Allitridin,C=CCSSSCC=C,847,1
Selenomethionine,C[Se]CC[C@@H](C(=O)O)N,377,1
Ribose,OC[C@H]1O[C@H]([C@@H]([C@@H]1O)O)O,686,1
Benzene,c1ccccc1,1089,1
Zerumbone,C/C/1=C\CC(C)(C)/C=C/C(=O)/C(=C/CC1)/C,470,1
Demethoxycurcumin,COC1=C(C=CC(=C1)C=CC(=O)CC(=O)C=CC2=CC=C(C=C2)O)O,763,1
Tetrahydrocurcumin,COc1cc(CCC(=O)CC(=O)CCc2ccc(c(c2)OC)O)ccc1O,419,1
Congo Red,Nc1c(/N=N/c2ccc(cc2)c2ccc(cc2)/N=N/c2cc(c3c(c2N)cccc3)S(=O)(=O)[O-])cc(c2c1cccc2)S(=O)(=O)[O-].[Na+].[Na+],1176,1
Curcumol,CC([C@@H]1C[C@]23O[C@]1(O)CC(=C)[C@@H]3CC[C@@H]2C)C,823,1
Bisdemethoxycurcumin,O=C(CC(=O)/C=C/c1ccc(cc1)O)/C=C/c1ccc(cc1)O,1117,1
"2'-Methoxy-3,4,4'-Trihydroxychalcone",COC1=C(C=CC(=C1)O)C(=O)C=CC2=CC(=C(C=C2)O)O,746,1
Brasilin,C1C2=CC(=C(C=C2C3C1(COC4=C3C=CC(=C4)O)O)O)O,596,1
Codeine,CN1CCC23C4C1CC5=C2C(=C(C=C5)OC)OC3C(C=C4)O,1174,1
Sanguinarium,C[n+]1cc2c3OCOc3ccc2c2c1c1cc3OCOc3cc1cc2,369,1
(+)-Pentazocine,CC(=CCN1CC[C@]2([C@@H]([C@@H]1Cc1c2cc(cc1)O)C)C)C,525,1
Pentazocine,CC(=CCN1CC[C@@]2([C@H]([C@H]1Cc1c2cc(cc1)O)C)C)C,282,1
Noscapine,COc1ccc2c(c1OC)C(=O)O[C@@H]2[C@@H]1N(C)CCc2c1c(OC)c1c(c2)OCO1,242,1
D-Mannoheptulose,OC[C@H]1O[C@](O)(CO)[C@H]([C@H]([C@@H]1O)O)O,781,1
Oxycodone,COc1ccc2c3c1O[C@@H]1[C@@]43CCN([C@H](C2)[C@]4(O)CCC1=O)C,262,1
Morphine,CN1CCC23C4C1CC5=C2C(=C(C=C5)O)OC3C(C=C4)O,213,1
Naloxone,C=CCN1CC[C@@]23[C@@]4([C@H]1Cc1c3c(O[C@H]2C(=O)CC4)c(cc1)O)O,222,1
Papaverine,COC1=C(C=C(C=C1)CC2=NC=CC3=CC(=C(C=C32)OC)OC)OC,276,1
Nalorphine,C=CCN1CC[C@@]23[C@@H]4[C@H]1Cc1c3c(O[C@H]2[C@H](C=C4)O)c(cc1)O,221,1
Thebaine,CN1CCC23C4C(=CC=C2C1CC5=C3C(=C(C=C5)OC)O4)OC,422,1
Piperidine,C1CCC[NH2+]C1,558,1
Methyl Syringate,COC(=O)c1cc(OC)c(c(c1)OC)O,590,1
Alkannin,CC(=CC[C@@H](C1=CC(=O)c2c(C1=O)c(O)ccc2O)O)C,491,1
Shikonin,CC(=CC[C@H](C1=CC(=O)c2c(C1=O)c(O)ccc2O)O)C,382,1
Acetylshikonin,CC(=O)O[C@@H](C1=CC(=O)c2c(C1=O)c(O)ccc2O)CC=C(C)C,829,1
Phlorizin,OC[C@H]1O[C@@H](Oc2cc(O)cc(c2C(=O)CCc2ccc(cc2)O)O)[C@@H]([C@H]([C@@H]1O)O)O,289,1
Thiram,CN(C(=S)SSC(=S)N(C)C)C,427,1
Gambogic Acid,CC(=CCc1c2O[C@]34[C@@]5(C/C=C(\C(=O)O)/C)OC([C@@H]4C[C@H](C5=O)C=C3C(=O)c2c(c2c1O[C@](C)(CCC=C(C)C)C=C2)O)(C)C)C,88,1
Anemonin,C1CC2(C13C=CC(=O)O3)C=CC(=O)O2,565,1
"1,2,3,4,6-Penta-O-Galloyl-D-Glucopyranose",O=C(c1cc(O)c(c(c1)O)O)O[C@H]1O[C@H](COC(=O)c2cc(O)c(c(c2)O)O)[C@H]([C@@H]([C@H]1OC(=O)c1cc(O)c(c(c1)O)O)OC(=O)c1cc(O)c(c(c1)O)O)OC(=O)c1cc(O)c(c(c1)O)O,482,1
Sesamolin,C1C2C(COC2OC3=CC4=C(C=C3)OCO4)C(O1)C5=CC6=C(C=C5)OCO6,613,1
Loratadine,CCOC(=O)N1CCC(=C2c3ccc(cc3CCc3c2nccc3)Cl)CC1,185,1
Cyasterone,O[C@H]1C[C@@]2(C)[C@@H](C[C@H]1O)C(=O)C=C1[C@@H]2CC[C@]2([C@@]1(O)CC[C@@H]2[C@]([C@@H](C[C@@H]1[C@@H](C)OC(=O)[C@H]1C)O)(O)C)C,1193,1
Colchicine,CC(=O)NC1CCC2=CC(=C(C(=C2C3=CC=C(C(=O)C=C13)OC)OC)OC)OC,1175,1
Laminarin,C(C1C(C(C(C(O1)O)O)OC2C(C(C(C(O2)CO)O)OC3C(C(C(C(O3)CO)O)O)O)O)O)O,668,1
Fucoidan,CO[C@@H]1[C@@H](C)O[C@H]([C@H]([C@H]1O)OS(=O)(=O)[O-])C,905,1
Fucosterol,C/C=C(/C(C)C)\CC[C@H]([C@H]1CC[C@@H]2[C@]1(C)CC[C@H]1[C@H]2CC=C2[C@]1(C)CC[C@@H](C2)O)C,724,1
Collettiside Iii,OC[C@H]1O[C@@H](O[C@H]2CC[C@]3(C(=CC[C@@H]4[C@@H]3CC[C@]3([C@H]4C[C@H]4[C@@H]3[C@H](C)[C@]3(O4)CC[C@@H](CO3)C)C)C2)C)[C@@H]([C@H]([C@@H]1O[C@@H]1O[C@@H](C)[C@@H]([C@H]([C@H]1O)O)O)O)O[C@@H]1O[C@@H](C)[C@@H]([C@H]([C@H]1O)O)O,788,1
Stemofoline,CCCCC12C3CCN1C4CC2OC35C4C(C(=C6C(=C(C(=O)O6)C)OC)O5)C,702,2
Pristimerin,CC1=C(C(=O)C=C2C1=CC=C3[C@]2(CC[C@@]4([C@@]3(CC[C@@]5([C@H]4C[C@](CC5)(C)C(=O)OC)C)C)C)C)O,501,1
Tuberostemonine,CC[C@@H]1[C@H]2CCCC[NH+]3[C@H]2[C@@H]([C@@H]2[C@H]1OC(=O)[C@H]2C)C[C@H]3[C@@H]1C[C@@H](C(=O)O1)C,610,1
Morusin,CC1=CCc2c(OC1)ccc1c2oc(c1)c1cc(O)cc(c1)O,748,1
Icariin,CC1C(C(C(C(O1)OC2=C(OC3=C(C2=O)C(=CC(=C3CC=C(C)C)OC4C(C(C(C(O4)CO)O)O)O)O)C5=CC=C(C=C5)OC)O)O)O,125,1
Allopurinol,Oc1ncnc2c1c[nH]n2,849,1
2-Methoxyestradiol,COc1cc2c(cc1O)CC[C@@H]1[C@@H]2CC[C@]2([C@H]1CC[C@@H]2O)C,664,1
2-Arachidonoylglycerol,CCCCC/C=C\C/C=C\C/C=C\C/C=C\CCCC(=O)OC(CO)CO,651,1
Astaxanthin,C/C(=C\C=C\C=C(\C=C\C=C(\C=C\C1=C(C)C(=O)[C@H](CC1(C)C)O)/C)/C)/C=C/C=C(/C=C/C1=C(C)C(=O)[C@H](CC1(C)C)O)\C,483,1
Diphenhydramine,CN(CCOC(c1ccccc1)c1ccccc1)C,25,1
Pyridoxal,O=Cc1c(CO)cnc(c1O)C,328,1
Digoxin,O=C1OCC(=C1)[C@H]1CC[C@]2([C@]1(C)[C@H](O)C[C@H]1[C@H]2CC[C@H]2[C@]1(C)CC[C@@H](C2)O[C@H]1C[C@H](O)[C@@H]([C@H](O1)C)O[C@H]1C[C@H](O)[C@@H]([C@H](O1)C)O[C@H]1C[C@H](O)[C@@H]([C@H](O1)C)O)O,18,1
Deoxyguanosine,OC[C@H]1O[C@H](C[C@@H]1O)n1cnc2c1[nH]c(=N)nc2O,6,1
Ketoprofen,OC(=O)C(c1cccc(c1)C(=O)c1ccccc1)C,155,1
Allopregnanolone,O[C@@H]1CC[C@]2([C@H](C1)CC[C@@H]1[C@@H]2CC[C@]2([C@H]1CC[C@@H]2C(=O)C)C)C,848,1
Oxitriptan,OC(=O)[C@H](Cc1c[nH]c2c1cc(O)cc2)N,261,1
Acetyltryptophan,OC(=O)[C@H](Cc1c[nH]c2c1cccc2)N=C(O)C,830,1
27-Hydroxycholesterol,OCC(CCC[C@H]([C@H]1CC[C@@H]2[C@]1(C)CC[C@H]1[C@H]2CC=C2[C@]1(C)CC[C@@H](C2)O)C)C,633,1
Valproic Acid,CCCC(C(=O)O)CCC,457,1
Propylene Glycol,OCC(O)C,313,1
Oxypurinol,O=c1nc(O)c2c(n1)[nH][nH]c2,264,1
Desoxycorticosterone,OCC(=O)[C@H]1CC[C@@H]2[C@]1(C)CC[C@H]1[C@H]2CCC2=CC(=O)CC[C@]12C,9,1
Enkephalin,Oc1ccc(cc1)C[C@@H](C(=NCC(=NCC(=N[C@H](C(=N[C@H](C(=O)O)CC(C)C)O)Cc1ccccc1)O)O)O)N,39,1
Epinephrine,CNC[C@@H](c1ccc(c(c1)O)O)O,44,1
Paclitaxel,CC1=C2C(C(=O)C3(C(CC4C(C3C(C(C2(C)C)(CC1OC(=O)C(C(C5=CC=CC=C5)NC(=O)C6=CC=CC=C6)O)O)OC(=O)C7=CC=CC=C7)(CO4)OC(=O)C)O)C)OC(=O)C,267,1
Bradykinin,OC[C@@H](C(=O)N1CCC[C@H]1C(=N[C@H](C(=N[C@H](C(=O)O)CCCNC(=N)N)O)Cc1ccccc1)O)N=C([C@@H](N=C(CN=C([C@@H]1CCCN1C(=O)[C@@H]1CCCN1C(=O)[C@H](CCCNC(=N)N)N)O)O)Cc1ccccc1)O,1121,1
Salsolinol,CC1NCCc2c1cc(O)c(c2)O,365,1
Liothyronine,OC(=O)[C@H](Cc1cc(I)c(c(c1)I)Oc1ccc(c(c1)I)O)N,180,1
Saccharin,OC1=NS(=O)(=O)c2c1cccc2,359,1
Imidazole,c1ncc[nH]1,130,1
Pyridoxamine,NCc1c(CO)cnc(c1O)C,330,1
Menadione,CC1=CC(=O)C2=CC=CC=C2C1=O,199,1
Theobromine,CN1C=NC2=C1C(=O)NC(=O)N2C,423,1
Phloroglucinol,Oc1cc(O)cc(c1)O,290,1
Benzoquinone,O=C1C=CC(=O)C=C1,1093,1
Phloretin,Oc1ccc(cc1)CCC(=O)c1c(O)cc(cc1O)O,288,1
Quinolinic Acid,OC(=O)c1ncccc1C(=O)O,342,1
Pentachlorophenol,Clc1c(O)c(Cl)c(c(c1Cl)Cl)Cl,281,1
Ursodiol,O[C@@H]1CC[C@]2([C@@H](C1)C[C@@H]([C@@H]1[C@@H]2CC[C@]2([C@H]1CC[C@@H]2[C@@H](CCC(=O)O)C)C)O)C,455,1
Cysteamine,NCCS,1198,1
Corticosterone,OCC(=O)[C@H]1CC[C@@H]2[C@]1(C)C[C@H](O)[C@H]1[C@H]2CCC2=CC(=O)CC[C@]12C,1179,1
Benzo[Def]Chrysene,c1ccc2c(c1)c1ccc3c4c1c(c2)ccc4ccc3,1090,1
Biotin,OC(=O)CCCC[C@@H]1SC[C@H]2[C@@H]1NC(=N2)O,1114,1
Acetaminophen,Oc1ccc(cc1)N=C(O)C,821,1
Procaine,CCN(CCOC(=O)c1ccc(cc1)N)CC,308,1
Isotretinoin,C/C(=C\C=C\C(=C/C(=O)O)\C)/C=C/C1=C(C)CCCC1(C)C,148,1
Tranexamic Acid,NC[C@@H]1CC[C@H](CC1)C(=O)O,433,1
Lipoic Acid,C1CSSC1CCCCC(=O)O,181,1
Atorvastatin,O[C@@H](C[C@H](CC(=O)O)O)CCn1c(C(C)C)c(c(c1c1ccc(cc1)F)c1ccccc1)C(=Nc1ccccc1)O,949,1
Alprostadil,CCCCC[C@@H](/C=C/[C@H]1[C@H](O)CC(=O)[C@@H]1CCCCCCC(=O)O)O,860,1
Dopa,OC(=O)C(Cc1ccc(c(c1)O)O)N,29,2
Terephthalic Acid,OC(=O)c1ccc(cc1)C(=O)O,416,1
2-Phenoxyethanol,OCCOc1ccccc1,687,1
Famotidine,N=C(NS(=O)(=O)N)CCSCc1csc(n1)NC(=N)N,65,1
Ubidecarenone,COC1=C(OC)C(=O)C(=C(C1=O)C/C=C(/CC/C=C(/CC/C=C(/CC/C=C(/CC/C=C(/CC/C=C(/CC/C=C(/CC/C=C(/CC/C=C(/CCC=C(C)C)\C)\C)\C)\C)\C)\C)\C)\C)\C)C,449,1
Celecoxib,Cc1ccc(cc1)c1cc(nn1c1ccc(cc1)S(=O)(=O)N)C(F)(F)F,1148,1
Parathion,CCOP(=S)(Oc1ccc(cc1)N(=O)=O)OCC,278,1
Gdp,O[C@@H]1[C@@H](COP(=O)(OP(=O)(O)O)O)O[C@H]([C@@H]1O)n1cnc2c1[nH]c(=N)nc2O,93,1
L-2-Hydroxyglutarate,OC(=O)CC[C@@H](C(=O)O)O,161,1
Bilirubin,C=CC1=C(C)/C(=C/c2[nH]c(c(c2C)CCC(=O)O)Cc2[nH]c(c(c2CCC(=O)O)C)/C=C/2\N=C(C(=C2C=C)C)O)/N=C1O,1110,1
Uridine Triphosphate,O[C@@H]1[C@@H](COP(=O)(OP(=O)(OP(=O)(O)O)O)O)O[C@H]([C@@H]1O)n1ccc(nc1=O)O,453,1
Topiramate,NS(=O)(=O)OC[C@]12OC[C@@H]3[C@H]([C@@H]2OC(O1)(C)C)OC(O3)(C)C,432,1
Estriol,CC12CCC3C(C1CC(C2O)O)CCC4=C3C=CC(=C4)O,52,1
Pyrazinoic Acid,OC(=O)c1cnccn1,325,1
Acetamide,CC(=N)O,820,1
Thiamine,OCCc1sc[n+](c1C)Cc1cnc([nH]c1=N)C,425,1
Phenylephrine,CNC[C@@H](c1cccc(c1)O)O,287,1
7-Oxocholesterol,CC(CCC[C@H]([C@H]1CC[C@@H]2[C@]1(C)CC[C@H]1[C@H]2C(=O)C=C2[C@]1(C)CC[C@@H](C2)O)C)C,803,1
Oxidopamine,NCCc1cc(O)c(cc1O)O,259,1
Deoxycholic Acid,CC(CCC(=O)O)C1CCC2C1(C(CC3C2CCC4C3(CCC(C4)O)C)O)C,5,1
Estrone,Oc1ccc2c(c1)CC[C@@H]1[C@@H]2CC[C@]2([C@H]1CCC2=O)C,53,1
Hydrocortisone,OCC(=O)[C@@]1(O)CC[C@@H]2[C@]1(C)C[C@H](O)[C@H]1[C@H]2CCC2=CC(=O)CC[C@]12C,120,1
Prasterone,O[C@H]1CC[C@]2(C(=CC[C@@H]3[C@@H]2CC[C@]2([C@H]3CCC2=O)C)C1)C,306,1
Deoxyguanosine Triphosphate,O[C@H]1C[C@@H](O[C@@H]1COP(=O)(OP(=O)(OP(=O)(O)O)O)O)n1cnc2c1[nH]c(=N)nc2O,481,1
Prostaglandin D2,CCCCC[C@@H](/C=C/[C@H]1C(=O)C[C@@H]([C@@H]1C/C=C\CCCC(=O)O)O)O,315,1
Prostaglandin A2,CCCCC[C@@H](/C=C/[C@H]1C=CC(=O)[C@@H]1C/C=C\CCCC(=O)O)O,314,1
Taurocholate,O[C@@H]1CC[C@]2([C@@H](C1)C[C@H]([C@@H]1[C@@H]2C[C@H](O)[C@]2([C@H]1CC[C@@H]2[C@@H](CCC(=NCCS(=O)(=O)O)O)C)C)O)C,412,1
Acetylcysteine,SC[C@@H](C(=O)O)N=C(O)C,828,1
Cortodoxone,OCC(=O)[C@@]1(O)CC[C@@H]2[C@]1(C)CC[C@H]1[C@H]2CCC2=CC(=O)CC[C@]12C,1180,1
S-Adenosylhomocysteine,OC(=O)[C@H](CCSC[C@H]1O[C@H]([C@@H]([C@@H]1O)O)n1cnc2c1ncnc2N)N,361,1
S-Adenosyl Methionine,C[S+](C[C@H]1O[C@H]([C@@H]([C@@H]1O)O)n1cnc2c1ncnc2N)CC[C@@H](C(=O)[O-])N,360,1
Levocarnitine,O[C@@H](C[N+](C)(C)C)CC(=O)[O-],167,1
Aminolevulinic Acid,NCC(=O)CCC(=O)O,865,1
Pyridoxal Phosphate,O=Cc1c(COP(=O)(O)O)cnc(c1O)C,329,1
Ganciclovir,OCC(OCn1cnc2c1[nH]c(=N)nc2O)CO,91,1
Agmatine,NCCCCNC(=N)N,837,1
(2S)-2-Amino-5-[[Amino(Dimethylamino)Methylidene]Amino]Pentanoic Acid,CN(C)C(=NCCCC(C(=O)O)N)N,1111,1
Canthaxanthin,C/C(=C\C=C\C=C(\C=C\C=C(\C=C\C1=C(C)C(=O)CCC1(C)C)/C)/C)/C=C/C=C(/C=C/C1=C(C)C(=O)CCC1(C)C)\C,1138,1
Androstenediol,O[C@H]1CC[C@]2(C(=CC[C@@H]3[C@@H]2CC[C@]2([C@H]3CC[C@@H]2O)C)C1)C,873,1
Palmidrol,CCCCCCCCCCCCCCCC(=NCCO)O,270,1
Stanolone,O=C1CC[C@]2([C@H](C1)CC[C@@H]1[C@@H]2CC[C@]2([C@H]1CC[C@@H]2O)C)C,396,1
Benzylamine,NCc1ccccc1,1094,1
Norepinephrine,C1=CC(=C(C=C1C(CN)O)O)O,241,1
Escitalopram,N#Cc1ccc2c(c1)CO[C@@]2(CCCN(C)C)c1ccc(cc1)F,48,1
Leukotriene D4,CCCCC/C=C\C/C=C\C=C\C=C\[C@H]([C@H](CCCC(=O)O)O)SC[C@@H](C(=NCC(=O)O)O)N,166,1
Cholic Acid,O[C@@H]1CC[C@]2([C@@H](C1)C[C@H]([C@@H]1[C@@H]2C[C@H](O)[C@]2([C@H]1CC[C@@H]2[C@@H](CCC(=O)O)C)C)O)C,1160,1
Simvastatin,CCC(C(=O)O[C@H]1C[C@@H](C)C=C2[C@H]1[C@@H](CC[C@@H]1C[C@@H](O)CC(=O)O1)[C@H](C=C2)C)(C)C,387,1
25-Hydroxycholecalciferol,O[C@H]1CCC(=C)/C(=C\C=C\2/CCC[C@]3([C@H]2CC[C@@H]3[C@@H](CCCC(O)(C)C)C)C)/C1,631,1
Flavin Adenine Dinucleotide,O[C@@H]([C@H]([C@H](Cn1c2cc(C)c(cc2nc2c1nc(=O)nc2O)C)O)O)COP(=O)(OP(=O)(OC[C@H]1O[C@H]([C@@H]([C@@H]1O)O)n1cnc2c1ncnc2N)O)O,72,1
Thiazole,c1nccs1,426,1
Oxiglutatione,OC(=O)CN=C([C@@H](N=C(CC[C@@H](C(=O)O)N)O)CSSC[C@@H](C(=NCC(=O)O)O)N=C(CC[C@@H](C(=O)O)N)O)O,260,1
2-(5-Hydroxy-1H-Indol-3-Yl)Acetic Acid,OC(=O)Cc1c[nH]c2c1cc(O)cc2,571,1
Bicarbonate,OC(=O)O,1107,1
Uridine Diphosphate Glucose,OC[C@H]1O[C@H](OP(=O)(OP(=O)(OC[C@H]2O[C@H]([C@@H]([C@@H]2O)O)n2ccc(nc2=O)O)O)O)[C@@H]([C@H]([C@@H]1O)O)O,452,1
Chenodiol,CC(CCC(=O)O)C1CCC2C1(CCC3C2C(CC4C3(CCC(C4)O)C)O)C,1153,1
Ap,OC(=O)[C@@H]1CCCN1C(=O)[C@@H](N)C,885,1
L-Carnosine,NCCC(=N[C@H](C(=O)O)Cc1[nH]cnc1)O,164,1
Taurolithocholic Acid,O[C@@H]1CC[C@]2([C@@H](C1)CC[C@@H]1[C@@H]2CC[C@]2([C@H]1CC[C@@H]2[C@@H](CCC(=NCCS(=O)(=O)O)O)C)C)C,413,1
Aniline,C1=CC=C(C=C1)N,881,1
Pantoprazole,COc1c(OC)ccnc1CS(=O)c1nc2c([nH]1)cc(cc2)OC(F)F,275,1
Carbon Tetrachloride,ClC(Cl)(Cl)Cl,1140,1
Tretinoin,C/C(=C\C=C\C(=C\C(=O)O)\C)/C=C/C1=C(C)CCCC1(C)C,437,1
Dimethylformamide,O=CN(C)C,21,1
Diphenylether,c1ccc(cc1)Oc1ccccc1,26,1
Aldosterone,OCC(=O)[C@H]1CC[C@@H]2[C@]1(C=O)C[C@H](O)[C@H]1[C@H]2CCC2=CC(=O)CC[C@]12C,841,1
Metoprolol,COCCc1ccc(cc1)OCC(CNC(C)C)O,209,1
Alitretinoin,C/C(=C/C=C/C(=C/C(=O)O)/C)/C=C/C1=C(C)CCCC1(C)C,843,1
Loperamide,Clc1ccc(cc1)C1(O)CCN(CC1)CCC(C(=O)N(C)C)(c1ccccc1)c1ccccc1,184,1
Sertraline,CN[C@H]1CC[C@H](c2c1cccc2)c1ccc(c(c1)Cl)Cl,379,1
Levothyroxine,OC(=O)[C@H](Cc1cc(I)c(c(c1)I)Oc1cc(I)c(c(c1)I)O)N,171,1
Anthranilic Acid,OC(=O)c1ccccc1N,883,1
Ethinyl Estradiol,C#C[C@]1(O)CC[C@@H]2[C@]1(C)CC[C@H]1[C@H]2CCc2c1ccc(c2)O,55,1
Cytidine 5'-Phosphate,O[C@@H]1[C@H](O)[C@H](O[C@H]1n1ccc(=N)nc1O)COP(=O)(O)O,1199,1
Cholecalciferol,CC(C)CCCC(C)C1CCC2C1(CCCC2=CC=C3CC(CCC3=C)O)C,1158,1
Mesalamine,Nc1ccc(c(c1)C(=O)O)O,200,1
Somatostatin,NCCCC[C@@H]1N=C(O)[C@H](CSSC[C@H](N=C(O)[C@H](CO)N=C(O)[C@@H](N=C(O)[C@H](Cc2ccccc2)N=C([C@@H](N=C([C@@H](N=C([C@@H](N=C([C@@H](N=C([C@@H](N=C([C@@H](N=C1O)CC(=N)O)O)Cc1ccccc1)O)Cc1ccccc1)O)Cc1c[nH]c2c1cccc2)O)CCCCN)O)[C@H](O)C)O)[C@H](O)C)C(=O)O)N=C(CN=C([C@@H](N)C)O)O,392,1
Venlafaxine,COc1ccc(cc1)C(C1(O)CCCCC1)CN(C)C,460,1
Urea,NC(=N)O,450,1
Lithocholic Acid,O[C@@H]1CC[C@]2([C@@H](C1)CC[C@@H]1[C@@H]2CC[C@]2([C@H]1CC[C@@H]2[C@@H](CCC(=O)O)C)C)C,183,1
Benzophenone,O=C(c1ccccc1)c1ccccc1,1092,1
Angiotensin Ii,CC[C@@H]([C@@H](C(=N[C@H](C(=O)N1CCC[C@H]1C(=N[C@H](C(=O)O)Cc1ccccc1)O)Cc1[nH]cnc1)O)N=C([C@@H](N=C([C@H](C(C)C)N=C([C@@H](N=C([C@H](CC(=O)O)N)O)CCCNC(=N)N)O)O)Cc1ccc(cc1)O)O)C,880,1
Metformin,CN(C(=N)NC(=N)N)C,201,1
Cytidine Diphosphate,O[C@@H]1[C@@H](COP(=O)(OP(=O)(O)O)O)O[C@H]([C@@H]1O)n1ccc(=N)nc1O,1200,1
Nandrolone,O=C1CC[C@H]2C(=C1)CC[C@@H]1[C@@H]2CC[C@]2([C@H]1CC[C@@H]2O)C,224,1
Gabapentin,NCC1(CCCCC1)CC(=O)O,84,1
3-Iodothyronamine,NCCc1ccc(c(c1)I)Oc1ccc(cc1)O,738,1
Calcitriol,O[C@H]1C[C@H](O)C(=C)/C(=C\C=C\2/CCC[C@]3([C@H]2CC[C@@H]3[C@@H](CCCC(O)(C)C)C)C)/C1,1132,1
Diazepam,Clc1ccc2c(c1)C(=NCC(=O)N2C)c1ccccc1,11,1
Oxytocin,CC[C@@H]([C@@H]1N=C(O)[C@H](Cc2ccc(cc2)O)N=C(O)[C@@H](N)CSSC[C@H](N=C([C@@H](N=C([C@@H](N=C1O)CCC(=N)O)O)CC(=N)O)O)C(=O)N1CCC[C@H]1C(=N[C@H](C(=NCC(=N)O)O)CC(C)C)O)C,266,1
Cpg,O[C@@H]1[C@H](O)[C@H](O[C@H]1n1cnc2c1[nH]c(=N)nc2O)COP(=O)(O)O,1186,1
Methyldopa,OC(=O)[C@](Cc1ccc(c(c1)O)O)(N)C,205,1
Spermine,NCCCNCCCCNCCCN,394,1
Cotinine,O=C1CC[C@H](N1C)c1cccnc1,1182,1
Levofloxacin,CN1CCN(CC1)c1c(F)cc2c3c1OC[C@@H](n3cc(c2=O)C(=O)O)C,169,1
Benzamide,OC(=N)c1ccccc1,1088,1
S-Nitrosoglutathione,O=NSC[C@@H](C(=NCC(=O)O)O)N=C(CC[C@@H](C(=O)O)N)O,390,1
Aicar,O[C@@H]1[C@H](O)[C@H](O[C@H]1n1cnc(c1N)C(=N)O)COP(=O)(O)O,838,1
Naproxen,COc1ccc2c(c1)ccc(c2)[C@@H](C(=O)O)C,227,1
Oleoylethanolamide,CCCCCCCC/C=C\CCCCCCCC(=NCCO)O,250,1
Quetiapine,OCCOCCN1CCN(CC1)C1=Nc2ccccc2Sc2c1cccc2,338,1
Theophylline,CN1C2=C(C(=O)N(C1=O)C)NC=N2,424,1
Chloroform,ClC(Cl)Cl,1155,1
Levodopa,OC(=O)[C@H](Cc1ccc(c(c1)O)O)N,168,1
3-Aminobenzoic Acid,Nc1cccc(c1)C(=O)O,731,1
Hippuric Acid,OC(=NCC(=O)O)c1ccccc1,114,1
Eckol,C1=C(C=C(C=C1O)OC2=C(C=C(C3=C2OC4=C(C=C(C=C4O3)O)O)O)O)O,34,1
Polygodial,O=C[C@H]1C(=CC[C@@H]2[C@]1(C)CCCC2(C)C)C=O,304,1
Celastrol,O=C1C=C2C(=CC=C3[C@@]2(C)CC[C@@]2([C@]3(C)CC[C@@]3([C@H]2C[C@@](C)(CC3)C(=O)[O-])C)C)C=C1O,766,2
Cucurbitacin B,CC(=O)OC(C)(C)C=CC(=O)C(C)(C1C(CC2(C1(CC(=O)C3(C2CC=C4C3CC(C(=O)C4(C)C)O)C)C)C)O)O,722,3
Dimethyl Sulfide,CSC,539,1
Adenosine,OC[C@H]1O[C@H]([C@H]([C@@H]1O)O)n1cnc2c1ncnc2N,576,1
Ajoene,C=CCSS/C=C/C[S@@](=O)CC=C,875,1
Tetraethylammonium Chloride,CC[N+](CC)(CC)CC.[Cl-],418,1
Cearoin,COc1cc(O)c(cc1O)C(=O)c1ccccc1,709,1
Delphinidin,Oc1cc(O)c2c(c1)[o+]c(c(c2)O)c1cc(O)c(c(c1)O)O,3,1
Fraxetin,COC1=C(C(=C2C(=C1)C=CC(=O)O2)O)O,81,1
Astilbin,CC1C(C(C(C(O1)OC2C(OC3=CC(=CC(=C3C2=O)O)O)C4=CC(=C(C=C4)O)O)O)O)O,625,1
Esculentoside A,OC[C@H]1O[C@@H](O[C@@H]2CO[C@H]([C@@H]([C@H]2O)O)O[C@H]2[C@@H](O)C[C@]3([C@H]([C@]2(C)CO)CC[C@@]2([C@@H]3CC=C3[C@@]2(C)CC[C@@]2([C@H]3C[C@](C)(CC2)C(=O)OC)C(=O)[O-])C)C)[C@@H]([C@H]([C@@H]1O)O)O,795,1
Esculentic Acid,OC[C@]1(C)[C@@H](O)CC[C@]2(C1CC[C@@]1([C@@H]2CC=C2[C@@]1(C)CC[C@@]1([C@@H]2C[C@](CC1)(C)C(=O)[O-])C(=O)[O-])C)C,656,1
"2,6-Diacetyl-7,9-Dihydroxy-8,9B-Dimethyldibenzofuran-1,3-Dione",CC1=C(C(=C2C(=C1O)C3(C(=CC(=O)C(C3=O)C(=O)C)O2)C)C(=O)C)O,607,1
Deguelin,COc1cc2c(cc1OC)OC[C@@H]1[C@H]2C(=O)c2c(O1)c1C=CC(Oc1cc2)(C)C,2,1
Indirubin,O=C1/C(=C\2/C(=Nc3c2cccc3)O)/Nc2c1cccc2,132,1
Rotenone,CC(=C)C1CC2=C(O1)C=CC3=C2OC4COC5=CC(=C(C=C5C4C3=O)OC)OC,356,1
Xanthatin,CC(=O)/C=C/C1=CC[C@H]2[C@H](C[C@@H]1C)OC(=O)C2=C,727,1
"Rhodioloside,Salidroside",C1=CC(=CC=C1CCOC2C(C(C(C(O2)CO)O)O)O)O,635,1
Apicidin,CCC(=O)CCCCC[C@@H]1NC(=O)[C@H]2CCCCN2C(=O)[C@@H](NC(=O)[C@@H](NC1=O)Cc1cn(c2c1cccc2)OC)[C@H](CC)C,777,1
Desoxypodophyllotoxin,COC1=CC(=CC(=C1OC)OC)C2C3C(CC4=CC5=C(C=C24)OCO5)COC3=O,485,1
Diphyllin,COc1cc2c(c3ccc4c(c3)OCO4)c3C(=O)OCc3c(c2cc1OC)O,27,1
Loliolide,O[C@@H]1C[C@@]2(C)OC(=O)C=C2C(C1)(C)C,608,1
Melanin,CC1=C2C3=C(C4=CNC5=C(C(=O)C(=O)C(=C45)C3=CN2)C)C(=O)C1=O,768,1
Plumbagin,CC1=CC(=O)C2=C(C1=O)C=CC=C2O,302,1
Quindoline,c1ccc2c(c1)nc1c(c2)[nH]c2c1cccc2,516,1
Kinetin,C1=COC(=C1)CNC2=NC=NC3=C2NC=N3,156,1
Oseltamivir,CCOC(=O)C1=C[C@H]([C@@H]([C@H](C1)N)N=C(O)C)OC(CC)CC,255,1
Bilobetin,COC1=C(C=C(C=C1)C2=CC(=O)C3=C(C=C(C=C3O2)O)O)C4=C(C=C(C5=C4OC(=CC5=O)C6=CC=C(C=C6)O)O)O,1112,1
"1,3-Dicyclohexylurea",OC(=NC1CCCCC1)NC1CCCCC1,495,1
Oleuropein,OC[C@H]1O[C@@H](O[C@@H]2OC=C([C@H](/C/2=C\C)CC(=O)OCCc2ccc(c(c2)O)O)C(=O)OC)[C@@H]([C@H]([C@@H]1O)O)O,251,2
Isoliensinine,CN1CCC2=CC(=C(C=C2C1CC3=CC=C(C=C3)OC)OC4=C(C=CC(=C4)CC5C6=CC(=C(C=C6CCN5C)OC)O)O)OC,712,1
Neferine,COc1ccc(cc1)C[C@H]1[NH+](C)CCc2c1cc(Oc1cc(ccc1O)C[C@H]1[NH+](C)CCc3c1cc(OC)c(c3)OC)c(c2)OC,636,1
Ailanthone,O=C1O[C@@H]2C[C@H]3C(=CC(=O)[C@H]([C@@]3([C@@H]3[C@@]42[C@@H](C1)C(=C)[C@H]([C@@]3(OC4)O)O)C)O)C,524,1
Carnosic Acid,OC(=O)[C@@]12CCCC([C@@H]2CCc2c1c(O)c(c(c2)C(C)C)O)(C)C,1142,1
Caffeic Acid Phenethyl Ester,O=C(/C=C/c1ccc(c(c1)O)O)OCCc1ccccc1,1129,1
Baccharin,O=C(Oc1ccc(cc1CC=C(C)C)/C=C/C(=O)O)CCc1ccccc1,1040,1
Desmethoxyyangonin,COc1cc(/C=C/c2ccccc2)oc(=O)c1,8,1
Panduratin A,COc1cc(O)c(c(c1)O)C(=O)[C@@H]1[C@H](CC=C(C)C)C(=CC[C@H]1c1ccccc1)C,494,1
Chrysin Dimethyl Ether,COc1cc(OC)c2c(c1)oc(cc2=O)c1ccccc1,1163,1
Geranylgeraniol,OC/C=C(/CC/C=C(/CC/C=C(/CCC=C(C)C)\C)\C)\C,98,1
Ginkgolide C,O=C1O[C@@H]2[C@@]([C@@H]1C)(O)[C@@]13[C@]4([C@H]2O)[C@H](OC3=O)[C@@H]([C@H]([C@@]24[C@H](O1)OC(=O)[C@@H]2O)C(C)(C)C)O,783,1
Sciadopitisin,COC1=CC=C(C=C1)C2=CC(=O)C3=C(O2)C(=C(C=C3O)O)C4=C(C=CC(=C4)C5=CC(=O)C6=C(C=C(C=C6O5)OC)O)OC,496,1
Ginkgolide B,O=C1O[C@@H]2[C@@]([C@@H]1C)(O)[C@@]13[C@]4([C@H]2O)[C@H](OC3=O)C[C@H]([C@@]24[C@H](O1)OC(=O)[C@@H]2O)C(C)(C)C,767,1
Orcinol,Cc1cc(O)cc(c1)O,252,1
Ginkgolide J,O=C1O[C@@H]2[C@@]([C@@H]1C)(O)[C@@]13[C@]4(C2)[C@H](OC3=O)[C@@H]([C@H]([C@@]24[C@H](O1)OC(=O)[C@@H]2O)C(C)(C)C)O,790,1
Cucurbitacin E,CC(=O)OC(/C=C/C(=O)[C@@]([C@H]1[C@H](O)C[C@@]2([C@]1(C)CC(=O)[C@@]1([C@H]2CC=C2[C@H]1C=C(O)C(=O)C2(C)C)C)C)(O)C)(C)C,723,1
Capsaicin,CC(C)C=CCCCCC(=O)NCC1=CC(=C(C=C1)O)OC,1139,1
Calcimycin,CNc1ccc2c(c1C(=O)O)nc(o2)C[C@H]1O[C@@]2(CC[C@H]1C)O[C@@H]([C@@H](C[C@H]2C)C)[C@@H](C(=O)c1ccc[nH]1)C,1131,1
Orcinol Glucoside,OC[C@H]1O[C@@H](Oc2cc(C)cc(c2)O)[C@@H]([C@H]([C@@H]1O)O)O,808,1
Curculigoside,OC[C@H]1O[C@@H](Oc2ccc(cc2COC(=O)c2c(OC)cccc2OC)O)[C@@H]([C@H]([C@@H]1O)O)O,634,1
Mangostin,COc1c(O)cc2c(c1CC=C(C)C)c(=O)c1c(o2)cc(c(c1O)CC=C(C)C)O,193,1
Α-Carotene,CC1=C(C(CCC1)(C)C)C=CC(=CC=CC(=CC=CC=C(C)C=CC=C(C)C=CC2C(=CCCC2(C)C)C)C)C,770,1
Nerolidol,C=C[C@@](CC/C=C(/CCC=C(C)C)\C)(O)C,792,1
irisolidone,COC1=CC=C(C=C1)C2=COC3=C(C2=O)C(=C(C(=C3)O)OC)O,732,1
Caryophellene,CC1=CCCC(=C)C2CC(C2CC1)(C)C,757,1
Ascaridole,CC(C12CCC(OO1)(C=C2)C)C,566,1
Paroxypropione,CCC(=O)c1ccc(cc1)O,279,1
Pelargonidin,Oc1ccc(cc1)c1[o+]c2cc(O)cc(c2cc1O)O,280,1
Brevilin A,C/C=C(C(=O)O[C@H]1[C@H]2[C@@H](C[C@H]([C@H]3[C@@]1(C)C(=O)C=C3)C)OC(=O)[C@H]2C)/C,515,1
(-)-Antofine,COc1ccc2c(c1)c1cc(OC)c(cc1c1c2CN2CCC[C@@H]2C1)OC,343,1
Telekin,O=C1O[C@H]2[C@@H](C1=C)C[C@@]1([C@](C2)(C)CCCC1=C)O,487,1
