prescription_symptoms_distance,prescription_randomsymptoms_distance
0.23327369205487905,0.3478948197884254
0.39847735161712416,0.35827653169676077
0.365576716842451,0.5476352039866861
0.43726605206440144,0.47545969575987496
0.4653482066563087,0.43923432883066815
0.3450885533599398,0.3633161283433688
0.2171256010969494,0.5271922200449921
0.17766769403242155,0.36879223058637367
0.1628533379597267,0.3861567217819486
0.38875298887811566,0.41575880483953315
0.41551152530395963,0.39425554674863383
0.24686368865695468,0.3724189845887422
0.4106005759434574,0.3868448219493047
0.2841496931862895,0.37683172924616126
0.2397700951362293,0.31334836876482575
0.1273321351326796,0.31507150964347497
0.1722571746612777,0.5294618588215875
0.4229641187958199,0.42210146159194073
0.27138903110541296,0.42521769821567645
0.612965562871558,0.48090940545452077
0.3110325014312721,0.4117807818341007
0.17894645409144053,0.4878609671627105
0.2175680851129337,0.37293799872647126
0.3181426465125786,0.41472805802831986
0.43398144553512163,0.5409662589897526
0.28945492999470296,0.47151929480247856
0.2881964484122871,0.44451920769593306
0.18473022804303607,0.425874412345536
0.29270884294973504,0.4574681156295073
0.3790588834052102,0.2944355567605747
0.31954061158647673,0.5390811698189485
0.2903606831837007,0.551819293065544
0.24519916745563675,0.34574883902382414
0.4863243709464023,0.3723350872154968
0.3484990530857214,0.43990562545827644
0.27996909269599407,0.5253882784861815
0.4634699085386077,0.2698157647377438
0.3224777704583333,0.3682055972687019
0.1794001104108171,0.4262641959674388
0.30460083521901105,0.45719871646191956
0.14096689695038814,0.4633202435854551
0.15764565965243918,0.44797213515164913
0.3276660316457419,0.2805105412512863
0.2643470176520495,0.36823393477896893
0.31627704918422145,0.3822230565443731
0.41871632403636944,0.3933714581691188
0.6202730430894254,0.4759419799254453
0.4132925352678481,0.42876377886770384
0.27437505085967895,0.512974002748193
0.5585588605279825,0.3310774518409639
0.3549160593443248,0.3685683438600975
0.2383225936060206,0.2972096817956018
0.2919996592468768,0.570156865554556
0.27617256722813566,0.3548927081324274
0.16209333421014546,0.42954939362388217
0.3781046268249925,0.4152898695069529
0.2800014836496687,0.46884019265840304
0.6260795332134512,0.4485968704279138
0.15657867512212084,0.27544999238385315
0.24690030476240354,0.5832555116284555
0.27861936078375543,0.4211589605605833
0.3426919887238795,0.414026867209181
0.398034681818317,0.40339653343306897
0.1588370004486338,0.48813499344854366
0.1495517269667557,0.32970167373993997
0.3292577287953941,0.31962280962814976
0.3050700212934431,0.3112721992737796
0.30585358568283116,0.37197041017167815
0.21436743553023424,0.41521016586105924
0.34948319536639644,0.3368775726703335
0.32407988833541274,0.3900690743951798
0.3692995343827896,0.3316333269954285
0.29019575870505315,0.47542379013297903
0.3480913949043475,0.38436764023513836
0.2148254577459478,0.41081239651041807
0.4151677341902771,0.5501761256292886
0.396088606748971,0.3708943701361916
0.2768681043381882,0.42004188729229014
0.22701137533031887,0.34615318351521235
0.3270074850216751,0.29395083248641346
0.31873035189438,0.3337383826190474
0.297340915403793,0.39493173148130617
0.280538108888795,0.39959620793989825
0.5721843416492224,0.38952962863501567
0.3668837834479332,0.40241058388730516
0.3631173829462889,0.38381047895685905
0.25122134299231674,0.3398534177990936
0.35853800525653007,0.4158666660591835
0.3790993207255381,0.38777480178138024
0.3654980462616481,0.3937213155745201
0.3515852773388932,0.35201200359363044
0.27954094492117293,0.49888597035174176
0.22316269837217367,0.36022231232848145
0.2679505035074025,0.3461244171562625
0.5359285760597593,0.43558076118795636
0.40750904843516056,0.4719452364702531
0.44227502719797795,0.41454407645438485
0.36997504072666954,0.4657976466707123
0.39000226013634415,0.3663831460305275
0.33823012711424655,0.4561118672440127
0.375555821610281,0.2946991714874837
0.22757517552962378,0.3694724606589789
0.4735468870753841,0.3937161629160773
0.38923497285563985,0.375903599816363
0.5082461613601248,0.4928497617778995
0.3126919136049617,0.33805183753191886
0.26243924762290555,0.4000103428022017
0.23034411650006417,0.3020879406546938
0.22663133123215942,0.254352041964344
0.3157772596120619,0.5253367407762309
0.49507070534854225,0.4227257763234519
0.26427779384629935,0.3883609758623387
0.5136399856112336,0.38387437417346293
0.3671610389770144,0.4010159567918831
0.4264604839644528,0.4480230994816553
0.19241243221459053,0.4115518162397454
0.20475431447874357,0.3975990225061811
0.4788530978361719,0.4513795880391358
0.24987335349776513,0.4460982687987403
0.2286838880079106,0.3725373686789715
0.31278912868935443,0.4064678032704806
0.36618659118182256,0.4686897302867705
0.1743507781813135,0.3893396741433261
0.5165352589012114,0.34832458237253
0.5231690230460374,0.446088606215358
0.2094537247614106,0.2933846955252393
0.39095436332475153,0.40846995097363203
0.3481662991606508,0.43305703627048064
0.1486164624578375,0.3951237424521214
0.5484223217071353,0.45758403848118273
0.34554993655581223,0.41311109638518406
0.3381066153157469,0.44892160775921935
0.6260542667495438,0.552454550405321
0.24297988185594344,0.41301093377186
0.6205122638078652,0.45841468023788073
0.42726073502920225,0.3786788620427109
0.2747589457290756,0.42997597538086835
0.21540132538406415,0.4672479610011141
0.25849371025666573,0.5151660282372474
0.4091394109310955,0.3932227209236984
0.4181330391597954,0.5491908911708065
0.3899796959680417,0.4348585950983637
0.34902877058170717,0.46214171124819486
0.38995584820932694,0.4530932478319918
0.194866234849436,0.4459025405629589
0.4949597592246062,0.5190402334441868
0.39808437027875543,0.5935564260241554
0.3694384323768908,0.3456581387237527
0.3694384323768908,0.34565814547949164
0.2699606314272627,0.5339869541483794
0.3629678193292215,0.4722123809099454
0.5495674448038094,0.360621791843313
0.40316777676690435,0.39492132013684994
0.3019281297508066,0.40225135687228974
0.39316014026131074,0.42732811431348255
0.6332484532241682,0.45925457229022193
0.5132627113660693,0.4241236231719172
0.3280061943645963,0.48711957040730497
0.3797789354032051,0.38946005953593826
0.2770249725980631,0.48834056495691763
0.33662276790964984,0.46291603159867534
0.4342415414871106,0.37600190435647013
0.6848388568668242,0.5113249107778334
0.5262197796693926,0.4131324377647251
0.19242506544654428,0.49434719384919457
0.619536599979651,0.4558802748808748
0.4062314706304688,0.4002857184530729
0.1643542267174833,0.4750881357439591
0.4841402743022914,0.3511727465807564
0.48954074451165386,0.5562652726565872
0.3096140326894705,0.4260069239143571
0.2898143747186562,0.4833333254048636
0.3484316308103746,0.5487545460305226
0.24428593510057373,0.3122164573602585
0.45666154231899847,0.19832710283189403
0.6223337461604694,0.4732390497634507
0.2733185039461352,0.397138973850253
0.1354218285921326,0.3721186468490078
0.3350735474690399,0.3096114160469851
0.3734206534059695,0.46042568246296484
0.31249780433377927,0.4174468230929862
0.3316623327608796,0.376334048965849
0.5412003353664736,0.47825211010849333
0.3934978821736857,0.39286618030140025
0.3309261261019706,0.2677688380662051
0.43552327407129515,0.4671637946266244
0.33887151697611234,0.3737215230577913
0.29573332819300463,0.38566911377964597
0.2601585270215655,0.4456130378441532
0.3475130529768177,0.444019786874528
0.29668726387561917,0.30582457238213273
0.42080167429524473,0.2829982661406493
0.3713217804095038,0.3373255323612654
0.305994476619941,0.4002321294916518
0.41403678125618226,0.45921668216499095
0.4371122576657773,0.4429630316590313
0.24563073250844183,0.364009478282916
0.2966508842210358,0.35664269745469607
0.38484320626060053,0.43065260741316547
0.22396180096129092,0.31273576867242203
0.3521648944121616,0.41614739868268785
0.6462508863149619,0.4482557647204888
0.3155313507119996,0.32224153915440673
0.37445871492863975,0.34084710618027003
0.4623102521583826,0.3733543559611684
0.3014546875607966,0.5048764650915981
0.20042556626168212,0.37941979398378467
0.3485086462351193,0.4600454389096535
0.49084132560768384,0.37047316322087864
0.24411849410914394,0.3124321463456593
0.4561829657673388,0.37912216356807477
0.26939853705205846,0.4081397379570679
0.14441027179114016,0.34655552197434736
0.24704508024944571,0.4754057117753811
0.10509990162197595,0.37991092882091837
0.5202014295699285,0.4420898214278361
0.26813447072539215,0.36937629857848986
0.2936771599117729,0.28357671584888366
0.40236195221746945,0.45264304297142155
0.34578290821566515,0.4282016418793766
0.5029223547141003,0.5218551049952398
0.17738049067764414,0.45730033122134434
0.46478721008869406,0.3581673412039424
0.21654204036103236,0.1880062951305444
0.242764998687297,0.3353760406093933
0.2683995997029455,0.40342940824207313
0.6914182035339029,0.5412012051678715
0.27803956637233795,0.5810442298905573
0.3778483140868507,0.39877156145276615
0.33907069868133677,0.40435002115921653
0.4086898840571905,0.3732562679789974
0.42723138134319205,0.345054839151476
0.17840856215124934,0.35749212396595265
0.19797485437743495,0.3851357785512989
0.23697489123037702,0.4103694215773988
0.33819418658269895,0.40133933359035306
0.413140902705708,0.4467384088488887
0.24563073250844183,0.364009478282916
0.2232422978670908,0.4365202659786893
0.475725359566767,0.35969698184051696
0.34440318363710143,0.36605848548079417
0.3956751893000888,0.47113051123466904
0.5107448812147309,0.5405744189618383
0.28159333843323126,0.30891682634890355
0.32731807730789275,0.35044300930964967
0.16755859195663975,0.29931877622519376
0.4919236152647355,0.4484392029948216
0.3478656485073686,0.35334460548513497
0.2533342172578863,0.3235162153691925
0.39352925132183464,0.5857410300452015
0.20279813113489983,0.3511890701351459
0.30194589734441,0.34159246324639536
0.2796677079190725,0.40481666124729915
0.4362166831235587,0.4342957301909686
0.36107175361791705,0.4767892575688239
0.43743312149018554,0.37939828539970294
0.3297323532397314,0.4159202193653154
0.422271334649415,0.3890498466061759
0.29098315697633087,0.34096565251059546
0.26898761922661096,0.3039543346405822
0.20817233840885044,0.4165866456742604
0.506271298397911,0.5217757059205801
0.26410669912602025,0.40936550862650306
0.6133493564048695,0.46839319633517945
0.4976460099495311,0.4755211829452751
0.32092962530618296,0.3420880932135343
0.33758831501869246,0.38058776963437013
0.4287558138514079,0.3895374202540103
0.4175818553030967,0.42098724145411776
0.6030099680754922,0.5533637422654762
0.4425094851204137,0.3816972965886467
0.5083531469320647,0.370898152582341
0.5498908082516523,0.5093069184126893
0.1708659484370448,0.4164285690217823
0.2810791000242583,0.3495784474479874
0.37238062427431184,0.5230556156835473
0.3371565050703482,0.3015896802180761
0.444475168722244,0.284844461181439
0.319836006274807,0.34015725957395376
0.2147994228167276,0.4513789541256252
0.3202039913788288,0.41195642461439375
0.4176744089275707,0.36662846530470156
0.39619156421152457,0.35201911400894126
0.22389524004266828,0.39227082885213516
0.4699923718831994,0.4531399685927925
0.21267066411980445,0.40486214988998465
0.3374008263717425,0.4824728160434377
0.5959529231028255,0.4355214120207298
0.3809574402952756,0.38679447311537773
0.3480559441638783,0.433057971901949
0.33645590115603613,0.44176105808026844
0.3606040538060678,0.37104279878910484
0.4241545813459429,0.5295326022664881
0.3572587469617589,0.506935438210902
0.2836049892092605,0.3653720313210997
0.4214851608558333,0.46950374954762786
0.4115462780691503,0.38251183262941857
0.24444775193927543,0.47289553062188044
0.4533449811441886,0.3932811186576806
0.3668156855986852,0.4654427099448384
0.2143768260074619,0.3409795547467069
0.3264670681240279,0.3533304367300014
0.2744941545384728,0.35392163989567665
0.24991693927396208,0.4815662997374206
0.3031806775424563,0.41178448880460755
0.3539647499552514,0.3508181706803778
0.2954301221814408,0.32537525544858326
0.4516703910768505,0.41254505496946164
0.40926929001361473,0.3189550930936917
0.40926929001361473,0.3189550930936917
0.41687493477280774,0.4960472739632313
0.26736945083959396,0.42041696310738397
0.36245330224601424,0.37803507649185686
0.25421004815284026,0.49092438066310595
0.15464210875543524,0.4055935121210433
0.34974479447031576,0.43798490722181443
0.15284239254946252,0.4899364619243227
0.25702751221873943,0.35587677609997337
0.17486708553535912,0.44525972020016563
0.4969076752328331,0.4078465482668875
0.6275988313600174,0.367306666169725
0.32350071601496266,0.32651789299627876
0.46277003086623947,0.34645395014201413
0.4455116342015725,0.4708746916654751
0.39595227593569476,0.38181087028562
0.4098736922043859,0.3382909441193131
0.5406401072641717,0.42957837762084083
0.1978610328420816,0.47452876377072606
0.26980200667524445,0.38664158539322696
0.5297622865354823,0.3921910370063155
0.28436025268196785,0.28258255596283965
0.43714217433003855,0.48670709707294985
0.2768559271186178,0.3620134740799293
0.37242078714274235,0.4267230816510449
0.41129398499572095,0.4108216526771202
0.3465366122386171,0.4552112709357946
0.4986397228604742,0.40496142668115825
0.2687785797722105,0.4416935058507753
0.14401874293665912,0.5321251830249357
0.18716180429652976,0.32533740722501925
0.348095127450152,0.3978746199363634
0.402494989607977,0.4347046102398666
0.36159917416263854,0.2518800181630842
0.36159917416263854,0.2518800181630842
0.4126933392184535,0.5169591880201613
0.3658014971687511,0.2665140157805554
0.23558819135128262,0.4649784312814485
0.21696428249399988,0.546550281092695
0.12184471011754991,0.429994077008234
0.40521410700319876,0.3575377252042883
0.5322254627582078,0.3514660892133617
0.41189140344128783,0.537032786588632
0.3747621236123739,0.4960169563780299
0.33423768802991105,0.41545499512237555
0.31655146730291733,0.3959317542524871
0.4569647398858885,0.40581098667857934
0.17386235514004283,0.33780710300448835
0.42235414312036323,0.3733836015553543
0.22743843937200672,0.3188072564124093
0.4400549562436244,0.4050641408566818
0.16386739127488056,0.4271178156814538
0.301343217867087,0.41497820423536863
0.19903979529670196,0.5682871013210206
0.3709920834563365,0.37135166610996123
0.5506794394452998,0.536744053273436
0.28663669746349113,0.2918507449313923
0.4170849369200175,0.43540858864581555
0.2535042760981835,0.2785022838266653
0.32866291975402095,0.27699166987552093
0.38312795790397103,0.41037605646374703
0.29613255014528633,0.41598550373075377
0.41583789505566315,0.34895332727372846
0.38312795790397103,0.41037605646374703
0.1556875593676506,0.4767643204471933
0.16936012798980898,0.46869658398399894
0.1843885227637737,0.2850319758120007
0.3763766776790191,0.4863550673355413
0.1740644150715758,0.3872002968723333
0.40594766203454535,0.461718740762115
0.3066489050581013,0.35302905476797114
0.44540181966392106,0.4901304843360035
0.3990287550353408,0.4307116594083009
0.22381462718689923,0.461055258226232
0.4061469816694413,0.3931933221994281
0.4478594224019612,0.3618504640088245
0.3257629343360817,0.40081651273879365
0.27849129449120463,0.45845107753244935
0.3677811482609902,0.46583083665137603
0.4620989664207604,0.5290010456411943
0.3478387809333151,0.37777908465131804
0.3840839625316582,0.47014106006908635
0.41749767879499844,0.38167183205875455
0.30936429835219226,0.3952458705305055
0.3722595952098993,0.45533679256665055
0.25637456159848815,0.46017612264894436
0.4520478285857076,0.5265690007083066
0.4653242068934661,0.35014723384330226
0.30576596374783643,0.3340537799246378
0.21325942677476128,0.47332123525875136
0.4437118715498941,0.3977008357154394
0.4325393317067756,0.4272025185038445
0.6430961588682012,0.5050937516948238
0.30436492481268757,0.42417939742724964
0.2158772080847925,0.36104165680061545
0.3873049299994384,0.36965646447055484
0.32037389821499823,0.43431088070340224
0.2803263446196594,0.2940355481132083
0.49672092408739205,0.3459835958877112
0.2855710668958666,0.49557874255207984
0.42955245059578545,0.4177872504116186
0.4077413557806773,0.3691952101822666
0.3969904979071665,0.4299142415316
0.3055141998739631,0.49531863534052584
0.3522146082066213,0.3479905751506386
0.26091728095942934,0.2952872615241751
0.34393909814562396,0.39407965724495003
0.3094692234237333,0.3773514839036975
0.3608409437945481,0.37490086310644427
0.3480513502613497,0.3178530026470829
0.36681899591080147,0.2849556477837004
0.25990596371857566,0.2957681418297529
0.3501236056461054,0.29521880990341537
0.5326916087500841,0.5033937444462578
0.4397021293290123,0.45388980827271
0.4558955090723484,0.4156967789272528
0.3715690404573686,0.41048965515354263
0.32440102801916393,0.4380464159224322
0.4787569298913261,0.35311462464724075
0.39869112008883356,0.37206048106206496
0.39316343931386194,0.44075148771401285
0.3570583717426422,0.332514439752334
0.2180406997249147,0.2617481760563404
0.2522323731142624,0.44073335911060596
0.34669706104016873,0.2919335911901231
0.31110049794443495,0.38888645061348
0.27609224149127465,0.46912501636991594
0.49404356278905126,0.4013664982962849
0.24556570007577083,0.28960038293224055
0.2245557993139826,0.43649069589791384
0.2508707539162527,0.3820792166838782
0.35670305364926924,0.4700101056981078
0.3006058965112409,0.44357467600202416
0.3784866976448558,0.382583509519068
0.3727718153418423,0.4523045593352008
0.4803232142027256,0.37992739430340444
0.381409264120445,0.4871172807747579
0.47472964808303264,0.3991058143723892
0.5176826873938235,0.3951333864203598
0.44316276508294183,0.3374358886572184
0.37136260196248805,0.3799907567744204
0.4106566485772628,0.3799190029846227
0.24951957233501756,0.4113903162042596
0.21894968440907353,0.3296722271625183
0.3405920010304767,0.31823008025198657
0.4256904310530902,0.46755666980337995
0.3491280912047589,0.461063835199887
0.1736420167121436,0.4220333709809845
0.3577733991597464,0.34745301496548825
0.3966733497392153,0.4236150089156723
0.3834414579728554,0.42898975758704094
0.26887136984754995,0.5499780151912504
0.2845100274158794,0.5191036479639763
0.5284516731670184,0.4823641304648391
0.31687848729450085,0.39722939772800314
0.18684535422160986,0.42295028810912616
0.6565225145820417,0.43578076718717
0.2835019867084469,0.4862361370209323
0.3162204952040114,0.5217566296438193
0.38198063074744415,0.41716277268449964
0.22681706338696608,0.4149802493818152
0.47197183719261565,0.43913558461073354
0.32334136220610926,0.28229187665042216
0.36512016399997277,0.3865994315522116
0.2843488608170577,0.3005417372578373
0.438867995418223,0.29629338458693993
0.3726470030635826,0.5043404158596481
0.24034441739904647,0.3571326229441743
0.36972600729731386,0.3633426665751454
0.30872393029585216,0.38612640975341556
0.3091438670328816,0.408654228231787
0.18357170324909566,0.4615989494053875
0.2928037610828635,0.3915312039769451
0.36788729218044475,0.40132009228053933
0.26070852862393695,0.41598244535140494
0.20929926323355896,0.34887085940462215
0.3406523410394251,0.3665581001985323
0.34346320700022187,0.3774919708100825
0.2893792431986307,0.456074250913871
0.18660641499229566,0.2981979090464666
0.2358499931273723,0.3219661905862014
0.23013882648081574,0.4385088547025253
0.3172585398373341,0.3389726278700025
0.15063688443501821,0.5113059411173988
0.4405931859707662,0.4399698474435424
0.36299477472788216,0.38877190736011513
0.4360426215078965,0.38833930119967297
0.37725475485719484,0.3855905287085466
0.3180555143686623,0.4147483013187823
0.20464661955420738,0.45925757014940877
0.3893137827735599,0.3522129868292582
0.3348664615491706,0.3986499607488987
0.19672560000855396,0.3240443953715747
0.16124440804580956,0.44573230317813056
0.44312506805925095,0.4709581047750649
0.21114763342743376,0.3724124653005949
0.2481306092833539,0.3020630218987522
0.4292682028768261,0.4755953918151733
0.2468421547388517,0.38184154978541135
0.34258871036372285,0.44223716655873285
0.4916492782149077,0.5286009508715598
0.4381504627479016,0.4558529571289398
0.19878243541901314,0.4258805741424938
0.3706531818087644,0.3330752550409518
0.48836409744781184,0.3937025364296377
0.36972099116109697,0.4174255137797479
0.3785401017617512,0.267559888366623
0.12982808513429053,0.5246515879876785
0.2713477197613503,0.46007278517607136
0.5642552321061013,0.528684442154701
0.348659535665968,0.5004321696097801
0.3665393083156756,0.45486550738759673
0.3829283258161457,0.34525517803290556
0.2734029169050989,0.5459512193136131
0.2679713280729092,0.3832373312074182
0.42045226747350783,0.3462002608825223
0.28325118834227414,0.46662711534158596
0.4247008841812049,0.42781815527747696
0.35417127289686967,0.4155181576208173
0.35614124639297307,0.4493511360216711
0.42841718243339627,0.4680349032600085
0.32341841703933166,0.5723119102689992
0.32243937252671995,0.4045817818954297
0.29381298404462325,0.46540548406357135
0.3518129457436212,0.5332916450445184
0.23577638935082892,0.3722641336188576
0.23693915337099983,0.38271284910757164
0.30554826287304343,0.4556255201850427
0.3631271872125311,0.36653234145981883
0.3110194966336727,0.2903760663085116
0.482329905140363,0.4207096817724276
0.3227151924612609,0.371915652092089
0.18916474579901513,0.2169189418341689
0.3984553447972903,0.3905008787137416
0.240852647422635,0.4658486417768628
0.2504699696993242,0.3542999134272365
0.37738787669444007,0.5530677695861415
0.5179461837344489,0.4183222146303301
0.31106932020889133,0.3596683923974826
0.19438102078419633,0.5038005979708601
0.32146927373851747,0.3854854454153708
0.3450366692843223,0.4567669804044708
0.33837262253937195,0.39834748942395254
0.4293706452142799,0.4486145552637143
0.420961954203321,0.41158993808810407
0.17140824849694178,0.5527588971984808
0.5814555800833017,0.5269959600360397
0.2860577756683628,0.473774994603148
0.43446187991500984,0.4569172373895735
0.37678158289674535,0.5238920849670389
0.39526263883771334,0.4179108223951742
0.24734089717146432,0.35233734168768893
0.2324105450599214,0.49893948626003276
0.15063688443501821,0.505454512661928
0.3323935739516143,0.36856725731207307
0.2802124484896878,0.506520821618345
0.2860369257688349,0.3403564428876874
0.2888353133166969,0.4391616026506062
0.24951156678428751,0.4552886494815113
0.20496668957928157,0.4383184061974204
0.24297094739109915,0.3937654046130607
0.249131776026341,0.3433986626696945
0.14554908671651107,0.4029504446428658
0.2864494480822979,0.4491745809918931
0.48003477792557836,0.43246655832315256
0.26468777712785013,0.5148458715135226
0.32665413875962646,0.36578360571993246
0.43845192071199585,0.32002694396779935
0.25356276390868593,0.4415246466233015
0.3337886256130631,0.3901337296324226
0.2876348522728351,0.313153814740825
0.24656963667175316,0.3361989269184493
0.21281318487895112,0.42332802150326687
0.2562999529057666,0.4495885267793057
0.39273078489814106,0.368243886827002
0.3750194032656619,0.5121962335161769
0.2405164016249623,0.3459029678315294
0.42766043832788864,0.4288014657577862
0.5077561084968173,0.3103191967276161
0.15709076013928353,0.3720251035087685
0.4684835113534078,0.3688939282571409
0.4197265322100685,0.3953361891313228
0.3112829141573428,0.4845929696177934
0.42798082925056596,0.4234945456444021
0.20913057243041183,0.5401616996059873
0.3281844276490989,0.3910247142129603
0.2474244403290301,0.6280481893404471
0.5886503239063947,0.4746878582074565
0.41811427509468757,0.5921502133188792
0.30912233311477866,0.41224179828985524
0.3898297607853286,0.48559455811191604
0.24152565836541712,0.28161008784045494
0.435298172847392,0.31667687258493477
0.3449687628476797,0.48155248847347654
0.32494452722273565,0.3609607737152859
0.15916335331098982,0.5189793902734265
0.2831211375513884,0.33798365826735455
0.3070632345317502,0.4008386377840602
0.26875527247261666,0.15299146215311465
0.4377061884610789,0.40145839914747683
0.17219128931655633,0.394318420159712
0.14253094764557656,0.35629313792510864
0.440485645865249,0.37934032092439973
0.337510387569181,0.2576875410110017
0.2697450557953674,0.2602149444795496
0.5275688163034912,0.4680367092942379
0.4282565985170644,0.455199157520426
0.3221462044173726,0.3298594399501253
0.36142528144045166,0.3602390040706471
0.3441047488662154,0.4414238744546591
0.34665080111727925,0.4324494015609515
0.11550932163089361,0.37720258929245176
0.32060232664036514,0.3586905321096219
0.3097160781272573,0.3909376428706951
0.48198000852754774,0.5232169212356375
0.43751478148550155,0.511281012440442
0.19693139670822835,0.38194889144109506
0.3855807978460072,0.3481683202525721
0.32689537071786806,0.3426662261353882
0.16110270642001817,0.4423785690319561
0.12806460080111032,0.503363530368629
0.2877604330164074,0.3894663168046244
0.336127088078723,0.39839310294545016
0.24617857790411177,0.4218016165605358
0.2819728589616172,0.5594242706955095
0.3904956993138318,0.4362668745112347
0.3396593628150997,0.3971620506870227
0.27214129108915086,0.5442542840765123
0.13746617433009206,0.5078607699068773
0.3584531278405092,0.4228642703806578
0.22274532881596903,0.47283881083117124
0.29394492362754127,0.46400280686171197
0.35153055585289034,0.3643316594764317
0.395025760108798,0.39137563432023603
0.4568536248684771,0.40895950372459317
0.26124201244442236,0.34060925119588753
0.32369431016104533,0.342981932375294
0.25746751350063657,0.4158410128292175
0.3996974549721654,0.4467258431743252
0.28912117396834547,0.3304476146949371
0.21883214299492632,0.47819099600444975
0.6191103804053397,0.4416015441979323
0.4577452529331558,0.40052351295994326
0.42169710105567243,0.5545199588485873
0.5108269296650403,0.48057554719643086
0.27050436708169984,0.40319582786198616
0.5973371740265279,0.41642716921657386
0.3490308648608011,0.5006677056355667
0.38645003345075,0.4301487102444522
0.1535976883934193,0.4464149271756131
0.35796928181241966,0.5323853981235944
0.22325218658007065,0.4287249964219449
0.32136932257982453,0.3456962388398713
0.3119786933480434,0.4969333808197765
0.26430835793554935,0.5132566022477907
0.3730863963289687,0.3367326392569248
0.2533568827622739,0.5071998662805328
0.4181917803105108,0.49600874984406423
0.40532920790662763,0.35738031310742296
0.3106655127987547,0.34103870879078957
0.40946118678027044,0.46636065923663533
0.22753742783789033,0.47076446840561337
0.45558539813253535,0.42364200653770173
0.28234400237362745,0.3284096238755819
0.47666464374039774,0.45904936038420585
0.3162057423589424,0.4470952695026696
0.40797495797617145,0.451685216170795
0.37633009685852653,0.4654852520189037
0.36067213476596827,0.3909742855165473
0.3518129457436212,0.4854326936211266
0.45548763132945663,0.43933779232405745
0.3359378598289773,0.3990537696944305
0.28452190062719424,0.3388027435529631
0.21318356545543116,0.3445982001075226
0.4589961230496173,0.45484772097443465
0.48053510795685894,0.39388390228598014
0.12448149194355436,0.487579336327513
0.39508640975578446,0.2487539353384442
0.4049817940278995,0.3909858915142565
0.6227567229800546,0.40594831589357117
0.34372791374408695,0.40100560249588957
0.3399351743049669,0.3538693515313025
0.5146507229844887,0.40873757957462015
0.31466181954367495,0.33688270703198314
0.34597784506487667,0.4356967040253597
0.2509833157877693,0.39661279901555
0.6148533190238769,0.5135397876082306
0.2248608462644273,0.4136797370714914
0.2449954228116875,0.3100928794706907
0.522079356121984,0.38815626796260183
0.35282331155123065,0.42694498143880427
0.38588110733446923,0.3954684186480401
0.4598214716847989,0.45466880198242227
0.3603354962909654,0.39053197763233005
0.1792558162701796,0.41341810925568134
0.08874737355684821,0.5106691696476157
0.2299188342845409,0.38429892235195895
0.24443266975192957,0.38885745962620805
0.3333665059278652,0.4091977737604262
0.32618954236538616,0.37536611563327654
0.31209153107890303,0.2931022489345561
0.19055663070780177,0.4809073322871112
0.3334692227172164,0.39073123815450955
0.3052100339844813,0.4960400115437927
0.12419886560195804,0.4846203117825126
0.3327015343145082,0.3785604252766144
0.29942497644247335,0.46265333110457757
0.44599291304883726,0.3635212933814455
0.2612071528311168,0.39389116752031006
0.20551923302845657,0.3405809288567877
0.2499797226085201,0.29269958758728765
0.3563923909907702,0.4631658665043411
0.45088643260268674,0.462557816214503
0.35943044682478154,0.5144325081105524
0.2709952475230364,0.38684490639604235
0.5941319136519522,0.5042579446126723
0.55628609480933,0.49532808211557855
0.49728369966628,0.49033892542494867
0.45576823094934915,0.49302229096676237
0.3588154296790866,0.4763629797262636
0.49731082395841597,0.31893231133429517
0.34188227962451234,0.402307037710352
0.34188227962451234,0.4604336699983908
0.23409975004265698,0.45068909324378886
0.21908062752048718,0.36348871093474006
0.21374205676982858,0.37068905056058493
0.39070362407129516,0.5489623098751915
0.490653617399216,0.2907642098084346
0.306884376341389,0.38504692557052855
0.26003149097921413,0.461580145931802
0.34650900660007644,0.4298701941132372
0.3801776253410396,0.31539433447270265
0.5636205304258581,0.4773549502195197
0.39457734793182997,0.4530404042805835
0.34428056697402093,0.37544646730734976
0.4225021613621315,0.4628965669839038
0.2878764206105817,0.4861692028808456
0.22067497348281068,0.2758000557789754
0.3753952630279704,0.4464966817512753
0.457925169522629,0.3862116121614268
0.4022930211604098,0.4473415950066377
0.1673742616176782,0.44118102333075465
0.3831415707180816,0.3521857747125151
0.22971690524545132,0.44369653179999835
0.607293534473015,0.39805911550747314
0.3034065218976509,0.5125448296492323
0.3272429309709415,0.3656620941831588
0.22970377377774537,0.4223715644823422
0.22381680591273084,0.5457406564400653
0.31500494352813,0.3566936631720416
0.56468270149213,0.4685330872181961
0.41125912538241544,0.38492165727988553
0.26199865521384474,0.3850561133755858
0.28450754890412916,0.43076994623556775
0.2643286251525874,0.3032485727195339
0.38656227160977225,0.4204550204371555
0.36478099212284015,0.4338824992926069
0.30280624070767737,0.2222848530386777
0.41936613042308846,0.5656944240773244
0.20196351024792333,0.5405536084707878
0.49556052457587557,0.3780587046890537
0.2769870053448117,0.44966855096454345
0.17978594755517996,0.3569419956934747
0.5408996289783445,0.45851473723648484
0.17433072208111955,0.4565879288913994
0.3083438636785627,0.3521098492136644
0.4941687804116517,0.5058225098297694
0.24338064918352434,0.24439887733427118
0.19472759019554786,0.585757567129199
0.21515714764212385,0.39883318061326
0.3719857851077146,0.3505587076097727
0.4369653203422511,0.36541062699882376
0.5190362334837131,0.5198526476540505
0.2936451883768953,0.39690949139968185
0.2790541770359603,0.378869064966598
0.3498058579063168,0.4949466699802691
0.23449970668155637,0.3589105130865445
0.2983942871200007,0.4020250801064924
0.20233338695886866,0.37329244878161993
0.24827744527079496,0.42085735284427434
0.3576597929635741,0.47330447990004343
0.2058931378487882,0.43111766750042096
0.4142871151652978,0.3744648542064675
0.3278130646755708,0.5343562650661824
0.36866020502132274,0.5725409771117029
0.5704877898003106,0.5210991701709682
0.2689362418314194,0.31266078895022453
0.31923711001133115,0.41129558948373646
0.3170985808268609,0.4070714229214829
0.31807600114721835,0.4209204546636716
0.3344287023281583,0.32165174202691366
0.2702558741114652,0.36659815233787146
0.348703650641721,0.439209255944667
0.3111080221487603,0.47618820007205503
0.4830645917579942,0.4003465294871581
0.18920482422070797,0.49235675947153473
0.244756987447908,0.3032690407321482
0.4532235467354353,0.3916378872831812
0.24711228296327453,0.4288247181670005
0.30319108138053585,0.32790860641537733
0.25351628442427854,0.40477061807103637
0.2220800743060409,0.542077548373034
0.25838108082775896,0.43055259131091006
0.4135223317303651,0.5655799601435738
0.281392659205859,0.3176751701597891
0.3488944833794822,0.4445244265043204
0.2823938766168887,0.4065600359973515
0.3044861227705754,0.3915246659228562
0.22833453748399882,0.3663318801050297
0.19193253829382337,0.3562651432685965
0.30151920486836786,0.372207233407023
0.21075379073234088,0.5469069925572392
0.3548732279589843,0.41169522522503277
0.3917544286066781,0.3851140911277929
0.5822418129895996,0.4232376417790966
0.27110280733279235,0.4556982921612201
0.2542173105722789,0.3796954063200955
0.23651026527977856,0.3679687487998675
0.47477996144932977,0.40011161620192925
0.5114782504632547,0.37922064300778974
0.36246536124015194,0.3357733243979317
0.3232504468483459,0.41901606491679794
0.3399965501938973,0.37040117278345264
0.35609396184966674,0.4387383201338307
0.34362705056062737,0.4206674546504099
0.43720254811768205,0.45998463028833236
0.46344535142729654,0.3862055911090317
0.49405823963205636,0.4227537383272254
0.2828151307230256,0.5217567132863024
0.28966271400760357,0.47747971520760624
0.3260122042163028,0.3902787556447865
0.25524996468884775,0.5060769273418418
0.21944270135287286,0.45657889429685183
0.37419165775057645,0.3274618338043005
0.3871725512934845,0.5447463355126111
0.3282278839402981,0.2732774853507631
0.26555598248239354,0.39933155932170966
0.5212181176232973,0.33437927818600877
0.3646525655242087,0.37754264760443057
0.21075379073234088,0.5359173390138683
0.2106770455371566,0.48433560421268174
0.3057224230098996,0.47933722374487775
0.22695269329231982,0.307241176799803
0.3700970493732389,0.426019011198152
0.32120340162967265,0.46335512853278193
0.2754660604868612,0.42376952241074706
0.3769132860287979,0.4436354416225304
0.20886875376497466,0.3250420969834265
0.428266782793626,0.5240547679879926
0.3530949147786712,0.4316690273816528
0.5326975031323727,0.46149770824699127
0.39319582182286283,0.3993724757767419
0.47964784297362595,0.49730820892443983
0.2210337201137326,0.35976257922186294
0.3116033191544765,0.4019277383519932
0.3916642732695536,0.34402478906521755
0.34012095712781615,0.37802226310686265
0.2752446833640888,0.44515918729727993
0.5238410164056307,0.4088676224838103
0.25378794957932677,0.45273096140829516
0.31056659189026126,0.3755525600896132
0.26201838197176186,0.3369895570367495
0.2589623980953456,0.40422073951962545
0.3728722562916136,0.3650565662235448
0.336342252736495,0.34212779041852565
0.2462283705155266,0.2970453281769008
0.39335501940525147,0.35158763678074345
0.5653292257156454,0.348667480415047
0.39645623717669465,0.45546224851671063
0.41457860841434835,0.49926474131479925
0.19239032405867146,0.3139481734339224
0.43244728476272754,0.45131204416048687
0.3174785066995876,0.4465721887160092
0.26414197252834026,0.2624361534944378
0.3847004574952622,0.49454113985668424
0.20964980727136295,0.41446959417193374
0.4552629354498942,0.410629878961425
0.3800909660988542,0.2918319740094982
0.3613934787990494,0.588489697766694
0.4354537237381594,0.4393530045593792
0.25951593801602496,0.39472413137463425
0.3749449001313625,0.41979289608630327
0.4540581845117594,0.5416415043164433
0.24722344864872853,0.24973197839935937
0.33301283876821347,0.3228286016150454
0.20897534243724752,0.39169883731927735
0.32330153149484697,0.42412498445332825
0.18817359443911436,0.3191744235090323
0.21220985516174817,0.19368735670278503
0.2734275415738002,0.34610755064773485
0.3347966409864744,0.3045885687271751
0.3858786921577722,0.35579303027023723
0.3092244967779982,0.3976144368506951
0.23490090468749933,0.4440918345791854
0.2829796442275499,0.4520467213951471
0.3459108956912608,0.37487948979954044
0.4024517697676433,0.44784007846925483
0.39575185849320926,0.37223121829115474
0.37958624483721537,0.3670736122078134
0.3407400755700701,0.4392501638209831
0.30261363458842533,0.41944175850857174
0.332239171536479,0.36934598469468766
0.24381035640810092,0.4542578250442584
0.4411006433067052,0.3573060740802955
0.22423769689789583,0.47903144090143346
0.14899250378063192,0.4139571648719175
0.23742864044116505,0.383120237059385
0.4155772586445532,0.4951311571488862
0.23579907174456408,0.4575080315917619
0.3398167377554005,0.6450076867771709
0.33674676949922794,0.3996393945920736
0.3374863483978608,0.4099236058561247
0.31260115025132607,0.42510305453101294
0.26239915231186517,0.41438657003700946
0.171186018462119,0.40339656831324316
0.24567507549038645,0.2668653819290035
0.27301099959562464,0.41134180436836587
0.3447808407074764,0.3813062483128727
0.2823510677506782,0.38262299343572775
0.3318778239460372,0.3917511985189626
0.2557178277643898,0.3332772963942025
0.36717900924278823,0.3326755022001793
0.4030815397584072,0.48829100342248494
0.34209400448517036,0.38265415822277155
0.4011713207738712,0.37173500926067193
0.27722649629281193,0.3970884537100868
0.29419428217683696,0.44514889554305215
0.2907283642794669,0.4388463883129474
0.45298940971060264,0.39833684913500755
0.3010156377121437,0.4960699973739533
0.4048055030183631,0.44019149817374487
0.24402885389711917,0.5175881154923194
0.19804850882202094,0.3593018738518048
0.27451258081663,0.384147657890983
0.30655117203371757,0.5361793265727808
0.5501817103735391,0.3604809072397085
0.24398041806328938,0.3411135440822572
0.43452805237863923,0.45071636813260696
0.23176444869987678,0.30321908391874347
0.21112123537724165,0.29687980243748113
0.3017832360383317,0.5650280210917641
0.14547441891107318,0.3881481531940911
0.12672251413352104,0.3493371109549206
0.6286354319541261,0.4381737965878987
0.3400937990569851,0.40306625972441884
0.23374733691705946,0.5401514702911657
0.4333363062381038,0.3195640371115033
0.5051595064285909,0.42581075076490643
0.28104808273751625,0.329199553437821
0.2938418986075976,0.3536876168739398
0.49044523662936923,0.34592533439446577
0.421720488579667,0.45725851319685573
0.19481997492654654,0.3392000738983212
0.2854345334104199,0.610651634435101
0.17634625459218986,0.3708862451536468
0.3701155713576987,0.40988931726361677
0.5600518450710943,0.47125271692362625
0.4671342551577914,0.39402877066443365
0.3775828811010417,0.35091204542714755
0.3583927315337357,0.6005200970326108
0.3940413138198673,0.48221837633393705
0.13622700290168752,0.5164911903711642
0.3658593994818724,0.44842386101860277
0.41044543039703074,0.34591869434748357
0.3684849949300284,0.27302580029384493
0.3629379251840903,0.34014315433665865
0.46409133519169093,0.3429092345245863
0.43465100682867036,0.28906791341090415
0.19996467285688815,0.4509914421209654
0.3254795817525415,0.34609136962920256
0.33882513882779014,0.41352495418541824
0.34626028562365013,0.39033103585237333
0.22502631964686962,0.36397660316794544
0.4173713464754609,0.4464292387864779
0.36205614923880514,0.46311296906787164
0.38879178370939604,0.4907206118110919
0.398918231145093,0.5290237153679188
0.28931249649718516,0.4190647940622966
0.1672635688339551,0.4832956515437066
0.22017436477729582,0.5392523546157478
0.37725428195546395,0.25884978555578636
0.2742249383388167,0.2924294279969337
0.4287737165597915,0.4621977353251261
0.41948633190947193,0.4325435337764415
0.15164173305576725,0.3505836410720447
0.31739650891732096,0.28541589842818255
0.31001029056126045,0.5130294188086132
0.3625974697165453,0.3850215476369273
0.3961326710566814,0.38085932069249284
0.30039497107969937,0.4474274754622425
0.13050237544514814,0.39883468919390913
0.15709329354141327,0.429057251548285
0.3779561019027983,0.24740484024121953
0.23212599333270648,0.4498455392994136
0.24633234133893206,0.38441494307523794
0.34171627422762274,0.36889141737414116
0.19939097549992965,0.3870318277144548
0.45929641564873186,0.43660262835974584
0.23103207873774873,0.33180545309186366
0.25391093780805296,0.3642879486386375
0.2922535736976692,0.3237192827503058
0.23156661814245488,0.49264750138589647
0.4373726914047169,0.5655113351054064
0.1629785386929796,0.39912674702972
0.4045386851060565,0.2676966509842178
0.4691222158090161,0.2574176899254179
0.22271742761384658,0.6320469112620645
0.27509262856826044,0.578909133747462
0.2940519232739374,0.567107234887703
0.4305477736245266,0.39862081587663983
0.4329206256166524,0.45718586873525213
0.2449427618260835,0.5447562017064609
0.2889526520586737,0.5517806417937176
0.22850897066530673,0.4793332089056931
0.27727336423221255,0.5268836745868444
0.19409148669945953,0.52457273894277
0.20703620888973712,0.36691663322888246
0.23251201625989215,0.40222483323464164
0.266200268867361,0.3890347623076616
0.23088491340803083,0.47090528840746365
0.19646514938026682,0.4978924052628023
0.409243668873409,0.3599948077504244
0.3686362052584801,0.44726412097114837
0.37281978108883246,0.30937919355033333
0.33923119252114853,0.37325220146645177
0.31379559868746654,0.3347509345145117
0.20209724010167973,0.4972836658875849
0.4190018271968286,0.47769767223750353
0.19414913004258538,0.4313205626101893
0.18363727614088765,0.4221041807768933
0.3066830890975056,0.31741506749536713
0.22815488549430357,0.3091762439121
0.43775857921712236,0.4454763759996652
0.2565212202477801,0.36584968247725924
0.47466842419823,0.49041730727833427
0.3448524909494886,0.36858369627700394
0.18197984846553308,0.3254601493518243
0.2613961277406496,0.35383371998433616
0.435055430699992,0.4419023437845518
0.2143209729351744,0.2511205927563687
0.25860862537727175,0.4728104540992182
0.2811633863131155,0.3779353322276712
0.3740826313824765,0.4664980057991562
0.29744782497366895,0.3958780844098573
0.16576423389617148,0.3238723548478338
0.3756245612547352,0.44102986216236806
0.35894376338630657,0.45031974057176555
0.30774982028761094,0.4252021412500056
0.27736765745948233,0.38218850694803336
0.2489708796570798,0.3337962038633006
0.24002152685293446,0.48161039866829336
0.572305944951451,0.33310479845063257
0.3002372020546228,0.3750595434870128
0.27401829717176573,0.398197703430476
0.5783764493560931,0.3247468984713638
0.4642590160118556,0.500027154611295
0.09940038862521632,0.4248199184260145
0.16164770877552023,0.35220634255993927
0.29911122725571293,0.38259440089631297
0.31278309919228564,0.4764791987044991
0.31543168329434523,0.4920092662128732
0.5245205424142232,0.4425381497210446
0.3546054811325634,0.5360069285578504
0.4082898598609009,0.5372406676482596
0.2338390122954618,0.5858543853139249
0.30703150789241185,0.3576418649211691
0.3335097571512926,0.4855112670881812
0.2393266822061307,0.4964364380409731
0.31134076580242165,0.5241750268981575
0.31654037663137147,0.530354742327766
0.4397759948904425,0.4852830525945497
0.27586958922276356,0.6172299204511547
0.4151601930966041,0.3841928594147604
0.30574937840856026,0.5806172360334915
0.27151717058513636,0.5409868590804765
0.2731505224955844,0.6248250532804439
0.4675033887374453,0.45148774404285963
0.2199774349850756,0.481896066057551
0.18748580953957886,0.395486037052407
0.5751246757184151,0.48953195722540943
0.45106147380050576,0.5033409459331096
0.24654765518594057,0.4933256521190471
0.4599363530267099,0.36099733915269216
0.1467410186398693,0.46186086673276305
0.25194407195189544,0.25047157700223094
0.3001795418221494,0.35214640902128813
0.46081973346001054,0.4895078247605506
0.4760317267012104,0.4697282731558454
0.22413556701337134,0.44300349853571735
0.31644715869256124,0.37158491222171164
0.4274889101143562,0.46351568470232846
0.3146716829226335,0.37500831118667044
0.43189596579124867,0.5093901590120952
0.33319401924386033,0.40372751930046474
0.367169027638397,0.31733527152104035
0.28790014169919004,0.38347483343474653
0.6620086475620852,0.41725552294923407
0.3770322883715066,0.44484925329348873
0.38441745958802015,0.4495877909667317
0.3857699078703202,0.3803736385023075
0.19106780370019774,0.46380577122958055
0.3769084556754038,0.36185225138434607
0.24369102472311532,0.25568896386945805
0.32685734716679166,0.3672312363832775
0.3938054287475651,0.36700985679747516
0.2573334036365607,0.39095633937841273
0.2336615052529031,0.3684731639420824
0.34225050117939954,0.3582797699476608
0.2604338191639961,0.32157291598734367
0.36667245548694216,0.3408785663432362
0.25131311970680426,0.38870164103928223
0.39244864834762316,0.3765148958768821
0.5564600213102119,0.4971455110247752
0.3824081339121678,0.29575343737400506
0.31209153107890303,0.31886558236666457
0.34330405867843017,0.592379076363456
0.30565101484853535,0.5186458699942118
0.34287503547242865,0.4516055772674003
0.21674980185480294,0.46622501375555003
0.3759825140863231,0.34392152984632146
0.23009081851045676,0.2448329641777796
0.27566011064532725,0.413647982142496
0.5009358859552409,0.3950758572914467
0.27865824006177353,0.30296203726168164
0.4796168679102527,0.3206940772531338
0.2226210569968304,0.504286135748594
0.31543321515816636,0.3490117048343234
0.2840620374725997,0.43324818437842216
0.27161235894782526,0.37650700939605214
0.36274914731694546,0.4164517113687486
0.3522063662050258,0.3600253306618367
0.4113722502321831,0.3714453485058286
0.18132815610167294,0.44830505205892335
0.3767876799512042,0.4572682377078457
0.40869627667523123,0.34853854601003303
0.485211903403181,0.6049817040246852
0.3940413138198673,0.46201964790317035
0.331298705108521,0.29600596295014064
0.22817817590454986,0.4727596013997566
0.26606270513171487,0.4975106849907299
0.27495651731650206,0.34582962978072046
0.29779026493954897,0.38369863713452557
0.5002450553433672,0.4774160986652367
0.33380770776088275,0.5293178940232268
0.37262281751791715,0.33329825185215245
0.5757389581774923,0.40396228062796513
0.1804457552505291,0.48102545638374816
0.23067114493632146,0.33243193247475017
0.4381504796372491,0.455852978624473
0.44220743602915585,0.5834586259926627
0.21855152648568626,0.4159804261360778
0.3154554162054969,0.4817227710976285
0.2813577827032059,0.4144038149269597
0.39496310062945517,0.37573688024134916
0.5310144965401813,0.3966704245042228
0.26547201709113943,0.5313964322452643
0.2717908202385195,0.4440162851498064
0.5370207876455076,0.45272770082592445
0.3666466907872825,0.46356104683575855
0.525289649522124,0.5326256727373201
0.33541562431394806,0.536282832000832
0.49556052457587557,0.3780587046890537
0.19176545197869177,0.37991611490619487
0.44191508142338126,0.3640473603217321
0.3143935322581331,0.3527463587578163
0.2929585435083182,0.3518521140171415
0.311478464652848,0.36791110672344274
0.17092849391329176,0.48401254467073473
0.15651743434797072,0.48712293119980443
0.392873066391531,0.4235765152777562
0.3375485743839503,0.3793945676320775
0.44049681535375,0.49815875928103004
0.5138877692288719,0.37912862233606
0.3408695267891184,0.43865316291761913
0.4437903479032004,0.4941049893460243
0.340678339375059,0.4995530931452088
0.4749788841845587,0.3986093362383023
0.21109524267139027,0.3220980641471245
0.280897429757533,0.45710840067599356
0.521326699238579,0.4202530660640446
0.23608624132064643,0.30464610922623836
0.2288409814590859,0.3325505063910098
0.3601923252919388,0.2391183943276954
0.3529979361451439,0.4255115559733814
0.45955282972295886,0.4649349547230323
0.3136583896281186,0.37579748887134895
0.19021541521961782,0.4367625609102412
0.22861743405515564,0.5460598448411984
0.38073806456018566,0.4216786271254276
0.55098537308649,0.44104456504311734
0.4628989810346444,0.44611145214087083
0.3032949846465512,0.5521531903994423
0.5278674368572001,0.451307896136733
0.2626519858444155,0.5096170815218203
0.19464929118039065,0.4360129244051532
0.28881676036843323,0.366103127779509
0.2975134907568724,0.5226515093100252
0.15811178875496798,0.2773107596604118
0.5235553330921311,0.41541879510903423
0.514142376142913,0.3596883032492878
0.25573083256198925,0.48282546815330274
0.5583806103541324,0.4739718129256745
0.4290797177583718,0.4425382730132816
0.2555843512508464,0.34606574446772376
0.43428298794595355,0.36960098028306426
0.5763843845934182,0.45294788724969587
0.29148515060834335,0.29978065645043633
0.28931428676802357,0.32538068738445125
0.6742377512080949,0.5957518807544814
0.23070592010288934,0.3423665066012185
0.27100620026491073,0.3757916982379094
0.34084277406262814,0.5042981988371191
0.2841220959924226,0.4695750529950374
0.21233922756384138,0.5135109134642076
0.3840415027119634,0.35521082912679647
0.3731813989088347,0.4212510795658476
0.3972737998226641,0.4179766775803464
0.3548876852404715,0.3201503824785946
0.3616582868789997,0.41011143791980786
0.45026588419567515,0.555496544352624
0.2492570780956791,0.44003143782718646
0.5112559528710418,0.3786249166871862
0.3461041436057191,0.45060480695493166
0.262767677875008,0.5463684447473856
0.3449042567996734,0.3516303448738469
0.39837218165004395,0.44283292363202337
0.3879848613523716,0.5001487555007597
0.3041032750407257,0.49053262886923754
0.3748990962208564,0.3898613100865179
0.5874160334994268,0.509600166277289
0.3282742789779678,0.29817049313159655
0.2973275390405479,0.3981008655415114
0.2906079770102606,0.4576668328776747
0.3441796700118662,0.42192948487240156
0.3352019008804987,0.41672142749309166
0.6506594789224797,0.5154731312646904
0.3338730807953956,0.3631318022267441
0.2950337967522608,0.3286371508320244
0.20465795230640116,0.3101295824356411
0.14719194732961952,0.3050493135459236
0.42857101061071545,0.37316861683950586
0.4606490159351596,0.6605032099400602
0.20550893897113595,0.42636530404643763
0.392061561391543,0.47181273953886654
0.17949213202084385,0.5449701475163193
0.34059139301396557,0.6299681365891615
0.23632367176824778,0.3534634966396391
0.575025197461453,0.5710120790599996
0.36211956873878687,0.3184836545030644
0.2978231738332146,0.45530194984269257
0.33464127587852976,0.3262393760742134
0.30945902225782407,0.40824152124908447
0.2744665742339535,0.30114739151223885
0.25405026648051615,0.276441918542572
0.2142245854288107,0.2589674361877143
0.19172510332743842,0.3898925244156479
0.21203012716998904,0.3174879028065978
0.512549203990243,0.5305693271179394
0.5379631456803893,0.29125383241561376
0.1645118043299545,0.43059053745247705
0.5146701344745852,0.4912176090111262
0.2329667957208796,0.511350919983278
0.3494029034082305,0.4865843471375632
0.33848914214799347,0.3822765490055479
0.26288968652157735,0.3569176458014659
0.4260931068769422,0.3522776448813923
0.45779250369776714,0.44611991080866753
0.3542444375503772,0.38846199386481733
0.4097740957219912,0.35151707815356004
0.6079586144596854,0.4623576549271217
0.39348781612255673,0.5026756154211176
0.201870247270853,0.43501560561851205
0.3288790696237323,0.41365002195344414
0.38677922653838265,0.4075898418770302
0.342071761214471,0.39502461645869363
0.5514055462743849,0.3288741168225687
0.3871146546101457,0.43387435581220535
0.49056463305685377,0.5864235671831824
0.23504744511135858,0.36228393586896585
0.2898614340706621,0.4141968866410007
0.26868475944667164,0.3561760360361245
0.24978404262801723,0.38305882212754744
0.354379417215851,0.3787513987589384
0.2880693391827631,0.43669582377942595
0.41572169634464473,0.46747706733890737
0.5798095442728572,0.4388967354579395
0.40200736036604034,0.44604303580678367
0.40629885912712055,0.36277924300829045
0.3118591252121924,0.36352637707505253
0.28225957252531625,0.514555163056154
0.4214673510388611,0.3824325221300036
0.5435139648614793,0.4679968954723231
0.23932082160253718,0.4751282760932595
0.23353348399861243,0.46081554490182264
0.4354509032171216,0.25245858179681085
0.382465163609,0.5893050479081368
0.5213218013277948,0.36966443487779405
0.3878195821974259,0.43243587178613296
0.26099022605141897,0.459676797533842
0.2779946069292084,0.4882050673514529
0.24697505701457906,0.34075645598526283
0.43656236584416486,0.33571068825255584
0.4355676423872611,0.3928592283861201
0.2822198656692691,0.2729398689021127
0.3451206431202502,0.3819604226431224
0.280382253989772,0.30287704366742174
0.3084864322908607,0.4751320780730483
0.665377869722499,0.5017458968109505
0.3915893521239028,0.39492223051959674
0.2669226769293365,0.39628629993969977
0.2916219458786768,0.3194360293686906
0.3889863658823094,0.39900235135536616
0.32679284674856784,0.26129101266394883
0.22895498455492522,0.42722026252273365
0.1951649736285776,0.35210515256760494
0.3343064276743653,0.46652906479746864
0.667685900398798,0.4863258529866482
0.19532635134424348,0.3907725832772673
0.28813409294119985,0.2903065718253774
0.2936818382610392,0.4553568613338552
0.38357170862102025,0.43139983276282967
0.21347297568495274,0.3816099361095255
0.39597706949787137,0.5458071610608629
0.32868957114442604,0.41422508059181373
0.38373491038621954,0.3911023270009355
0.31681551536222874,0.44255076831556384
0.32783459014899996,0.32039892581527635
0.2845122399204061,0.3672475187698823
0.4150049124353972,0.40068420786341613
0.3407455927569304,0.44815560075601696
0.21609986035330356,0.32009201688128747
0.38652683775865065,0.3605089619539362
0.34022806936986255,0.4554610775219483
0.48907760482363816,0.4140404504669335
0.1504192651920716,0.4554790965791706
0.37235652317538404,0.3668633093363879
0.2849169424659619,0.4820660287894183
0.3002826343994832,0.29039029020992385
0.1497176985849502,0.4346370612944134
0.33323099284049856,0.3991296069592354
0.16334944565412435,0.3974620747625714
0.4445348894551163,0.47102077551397276
0.3610322663233878,0.4564861591118919
0.28949162491710695,0.4578501410799468
0.2133783024473635,0.4305410404046439
0.34185586468497264,0.5107005720114814
0.30169171266405714,0.553518731303949
0.3622595983191726,0.4649423990648716
0.3865858153602315,0.4917935880385108
0.3808664742694696,0.39896465996145786
0.2633621069060617,0.41833195851715477
0.30996097366646774,0.2780328275226728
0.24639360744710348,0.47979824161990514
0.4263168231743477,0.3840110455885812
0.29980270670002096,0.3901326796779844
0.22812943324757323,0.341433331594609
0.507878539377075,0.406128768197063
0.4067227479714724,0.4582851828546158
0.3371598153824644,0.3519385805331056
0.36308523407326226,0.5272638115764154
0.40717151482473857,0.41520896277653685
0.3255309929264282,0.43590053383987587
0.283544615421617,0.3570865305073145
0.14886081753792685,0.3740916101818581
0.383485691174041,0.42391689943472277
0.27130987073353163,0.37096500772107466
0.30099519597184776,0.4191461466714874
0.3814222689180444,0.3654977760320876
0.19393862121494965,0.44831935874372836
0.20081662221443225,0.3944210623544449
0.3172951559427829,0.38544911160330214
0.35108954121014124,0.4523711346097688
0.22376230398824587,0.3488176740047773
0.17622166187544813,0.32402028301308194
0.3726757487330816,0.44680644563664956
0.23103943967838134,0.45900633097126553
0.45352292730978316,0.44987568115497534
0.36334063478663736,0.48186100859760295
0.40792469527791697,0.40776836072142403
0.328707389406072,0.4357635278548256
0.31946945676532545,0.35442611344688496
0.39525160446399255,0.3597145340949393
0.4969316412169807,0.4064473792237869
0.5020583745113311,0.4049275792223226
0.3544516191765492,0.33422536302854977
0.24557516655506237,0.39979149485922216
0.24140565955120402,0.3486602019507282
0.23057320360998484,0.42401564112847295
0.4038714545424672,0.40209202425245305
0.4185780227992144,0.35103438341599386
0.24424882920404647,0.29157631423951547
0.2993725012396922,0.4745896649483526
0.16206436897912851,0.34443782368888903
0.34522201298413574,0.5549605174789529
0.24557516655506237,0.37406181019483936
0.25963978760147527,0.502847120177223
0.18849466656547542,0.3182502865467354
0.40375618474556296,0.4095815335150427
0.30261255367018325,0.4583789450057354
0.5133680671159724,0.4399671991938494
0.41895220066399785,0.3734116767177564
0.4469773762271154,0.38851327836859745
0.15772681296732924,0.3705195938255273
0.2725697485020101,0.4440367212603198
0.20799695942408075,0.41942445496989805
0.5682886447475488,0.4499752241544362
0.32316440125245416,0.44864481928555644
0.4666841033780276,0.3689098445905954
0.3665523300026226,0.425710022696227
0.33023852698525796,0.46729479403586316
0.3223633451288057,0.3626513711308958
0.4513451472816491,0.463689090046201
0.4611693767326129,0.3975472383592032
0.46374463066555915,0.40330592487397504
0.29876637070569023,0.3421397948841985
0.42989223048942926,0.35804717548323606
0.24823959624297628,0.5149427285437476
0.37416116684849915,0.34783129050768474
0.5131297753116469,0.4418764217068811
0.40344391759904846,0.3841649338169138
0.21483935767896645,0.351803141477379
0.2833503541463068,0.3548164797512776
0.4162967110707107,0.3190962528529163
0.2913971148843341,0.2762395993595544
0.3542423432712833,0.2999289742770596
0.3427649675945642,0.3715152309961325
0.5020583519922011,0.39786153560529103
0.47711273164189316,0.40587329823736307
0.275635663314775,0.3190962528529163
0.44434449584039093,0.4345655226025204
0.351276641402098,0.3423390163732193
0.38112788759056604,0.31273376165495703
0.21913777262786086,0.39345321998307264
0.4690524459143624,0.44343733038023764
0.310698385098834,0.4729056895644208
0.2680961994638852,0.3205169355066903
0.14027707688447508,0.28370752669003874
0.324704293143444,0.46040364442342785
0.2935703432333084,0.41693384174620807
0.40362307979766526,0.46391663178082254
0.36070505210430764,0.3171864561020686
0.20665471230768992,0.4412987462589885
0.2676279169695461,0.379583120307922
0.4120691384900382,0.4369150711554747
0.2404231555372395,0.433946545387382
0.23157984250157224,0.4813355689320705
0.21131715743839244,0.3885174711491223
0.31798304217840356,0.35129207826574205
0.33581740500238083,0.33347811430910157
0.3129747426187284,0.45645742490302155
0.12120351870551763,0.36745425156164363
0.26579110190427424,0.3104333443212066
0.0917084984128524,0.47645139883846194
0.4531528479266674,0.43029946643711475
0.21244280993225362,0.3378746776592816
0.3332163891846661,0.3346525478290725
0.3490778622851995,0.4305811920135094
0.41583760793675517,0.4518548565305924
0.5034453727688984,0.49569190868691926
0.41667594448018863,0.48066427768678177
0.48347856092556246,0.38956519760091757
0.2970816048064643,0.5026333267979909
0.37421889463836266,0.343792648736582
0.31162690512830454,0.383828428580097
0.26067483437561106,0.4010658510208723
0.3720379056341976,0.4035379767882166
0.18982734868138076,0.34505042471958985
0.3257577155276944,0.483412686840406
0.35501692252778444,0.4190300155178591
0.15396549193695513,0.4238440875809192
0.2735769785207611,0.31490935193226877
0.5169088174899187,0.43967299761728407
0.28752121229796773,0.319087596412716
0.3269286877707657,0.3400620161198216
0.3867769689955959,0.41421446563689
0.391162068520697,0.5287086502194965
0.25951987323399983,0.3743545735228242
0.3220142254259769,0.49783480920984957
0.5415202618320938,0.5010297738381699
0.3974251959339387,0.4013072124641116
0.3358955801623228,0.304849739163369
0.3664187859316891,0.3965540903031053
0.42390788709122035,0.38488111946793985
0.2655845930371123,0.4325361030265058
0.400185557115833,0.3992444995607114
0.4323828012338513,0.49717248177738826
0.1478665416487327,0.4326819580243443
0.2789704396508979,0.502986949431181
0.2713967664265825,0.417659147098983
0.391153809629754,0.4264790242457058
0.18124252710968697,0.4508607706465578
0.22350496099990458,0.4042102379646066
0.27383759804252356,0.41895005923547535
0.3156583079373958,0.44182622415325273
0.37717679362898826,0.48818796857601165
0.25351596352667544,0.3811858112968609
0.26267164504494245,0.5432788440321529
0.3311319734696876,0.5118868150396128
0.1836967350888732,0.5113630684909577
0.3166001086238088,0.40804381021627584
0.29737270115584774,0.46213009686613093
0.4159674363512316,0.3346630994489429
0.29492638050195885,0.5147351021647574
0.3481003969265819,0.42225047067543087
0.48218480312593526,0.4413980084189142
0.3492143845110811,0.456244202319152
0.4630526740971833,0.5004314349231624
0.3252212760713909,0.37384017719845175
0.15298114276177274,0.4510454035863294
0.48717299310248263,0.37683230348397734
0.2508345515998184,0.3513513626904697
0.5257352693269667,0.4513138513206727
0.13312915033274003,0.39288248839554074
0.3279363738019001,0.31830108759294246
0.39985398544508965,0.48259366945863585
0.3140945739174736,0.32639928272770924
0.5817030090246418,0.4588142691112377
0.3204345309726372,0.37481391986338425
0.3443525155945062,0.41922411250587976
0.3898180480228154,0.39687099310636875
0.5698954972717196,0.37323480091456174
0.20715808242152622,0.4772570432348564
0.2710110643969999,0.40961808178161224
0.19521223002297144,0.39485179500369305
0.2728573994244971,0.5712536823023978
0.37044743577713257,0.418144790767808
0.338849825424099,0.531541444183172
0.21075031152674933,0.4115192945215771
0.3171478639429585,0.32432806121229885
0.30524296821216823,0.2799788857026712
0.3501115973200103,0.2820525447798662
0.3000830023116579,0.5693508314039876
0.5059252356669854,0.39711517600894297
0.37865430752976087,0.3556705149432418
0.2795484269021295,0.3593738112127251
0.3571526818592595,0.36185284974980153
0.280919217015849,0.5813346270209531
0.291899201407758,0.2973325523618735
0.3459632357792617,0.43440497632530584
0.47091290888106996,0.3448051360339008
0.3087287268705512,0.30434590740736683
0.2134485874671169,0.3730746953889986
0.4904631393377529,0.42387691202784716
0.42235414312036323,0.38683836330926896
0.15668843899172968,0.37227456761648625
0.16538283865020947,0.3651954205198103
0.40524232910292435,0.42276299320712
0.31540934206543025,0.4695072291285382
0.3154250576033085,0.4145294198785968
0.24982761714464916,0.42165943600110367
0.2784479254616343,0.3264056077883598
0.3112828916382128,0.4887278746915343
0.4090398651167434,0.32901893969361357
0.2682898696120318,0.4054407113790323
0.2433493870012431,0.41169526744840157
0.26114711120064144,0.4693076593095194
0.38156011977259857,0.45295488788424776
0.5999620319731749,0.5092441058568793
0.20495338077342654,0.3691219034850157
0.24874396282831696,0.39044154080607996
0.3036628346357927,0.3628872706529731
0.37625284498291633,0.4469324505626811
0.4178480989775872,0.5218266948607784
0.24242352985890003,0.5307681020713775
0.47169285895008617,0.43000069387927814
0.23416592250628637,0.38850432460164175
0.3402212460734597,0.33255209978031125
0.4279604269187476,0.6204497183316182
0.47467369367465995,0.40478812810208986
0.23234950695794165,0.49401936035403826
0.33413473056735754,0.3453916631022227
0.414443578080832,0.5081082232439418
0.41200401316595575,0.4297913350626698
0.4958332762789483,0.39431019223257274
0.5151312305515494,0.35426929866994394
0.35561305738293886,0.4511065556914049
0.21084731549429794,0.5090910537852918
0.5397416277541777,0.3622346831536937
0.614041684538891,0.3463421700060119
0.3381699250349697,0.45914471177601335
0.2264415794126402,0.36732214927801105
0.3626601291958881,0.5068811582606989
0.44227742548532745,0.4719776414983841
0.29896967341171243,0.5069450820283427
0.28523444249532,0.4906230062245123
0.2786037550266361,0.5030363233275217
0.6157095413863465,0.4588096106069547
0.34509412684462537,0.390500912788741
0.3100375161894816,0.3218130184064943
0.25615924775147964,0.3642896115691572
0.3250609623846195,0.4685363130835747
0.16826767432341277,0.47490365058597855
0.5103482855559904,0.44744184534805836
0.12322663031129281,0.4641276829441734
0.47046523983539335,0.5309024863873507
0.27628238176578707,0.39168615221289904
0.47033620522025077,0.5516221183777845
0.37479420492801047,0.43183847445225054
0.34965867568725134,0.3674226549702812
0.45297292570741166,0.42548226562242447
0.31169020640285355,0.3486087730430266
0.3131165230614749,0.39549309210818984
0.25853186329273997,0.46746436308508194
0.2751859253240258,0.4754054865840806
0.1975803867764834,0.3241295711660686
0.4262714246081824,0.3464969673101776
0.4295101258908709,0.41359390878520463
0.3412137654705106,0.415115035806832
0.3663945666073285,0.4168319598280132
0.39578797636290586,0.38518919467839696
0.3061800229919248,0.5521588642551075
0.37227716013133233,0.38718614552931285
0.43500365640513333,0.3842759316812319
0.4046837983800493,0.39679237620956326
0.4498445625321481,0.42984995645255725
0.179498583751601,0.5391504330331763
0.2384716420979883,0.39966336889097687
0.45955282972295886,0.4649349547230323
0.40513575731999896,0.45704299836661166
0.3249457432557579,0.4988492858846481
0.25059180945241827,0.46205759068606034
0.4423809909643921,0.5216436833385828
0.3053059316997666,0.4005566295925836
0.25574018926052183,0.43002485047177635
0.26825617536370594,0.4429417848598364
0.20595670935289773,0.6115680200313481
0.2877358027179236,0.3913852021356128
0.34655511451883814,0.4655001601160519
0.26628638765042534,0.3337555005357491
0.3182148428434944,0.4819265030745672
0.4194234697579588,0.4875914807334939
0.3234082046138575,0.3968425247036584
0.4506842671127317,0.3833151847660342
0.20222291373666348,0.5587780617398147
0.5247086221883367,0.44841683842789914
0.2925958532147476,0.44591548745422394
0.23937762047828645,0.4119867522527783
0.24249586693437852,0.42265077636084586
0.4066857771897254,0.43679267129020066
0.2358214332406961,0.4110078601464217
0.5446748034960316,0.3666398984546835
0.22799300954288554,0.2746848352721063
0.3554317136435992,0.3953435951102155
0.4627050575462848,0.5716223035718434
0.31221670816706937,0.3851468803483673
0.6265122382972147,0.4602167077510632
0.5952734308729282,0.45704846038160335
0.3922030096771214,0.430606768115455
0.4666841033780276,0.40290461370940356
0.4706441993618398,0.3956048012553155
0.3121220670192404,0.4755411069188041
0.17088673077918265,0.275043866207045
0.38086735251554127,0.49104198144980565
0.290012424837596,0.37378321702943357
0.2440317673095684,0.3482469892248657
0.31416184418869253,0.3952773438296309
0.4974205033812872,0.32311808181472096
0.4246441359734982,0.4261480141457679
0.4881004716221887,0.43569730566145065
0.304896027235171,0.36096169249579163
0.3324946060285492,0.42860237272163637
0.43820766696799157,0.5361455178522104
0.4666841033780276,0.3853624973993768
0.3420048287302027,0.287191656793086
0.32616329631932184,0.41343190616368014
0.205408160234414,0.4198364518369935
0.31143977115765276,0.5516424418926478
0.5372874028856439,0.49722492135900004
0.20210580300087833,0.3466437114888577
0.265081222923276,0.5472822687925905
0.2756685890977882,0.33843806594616627
0.5335302324124257,0.3510125511194178
0.3324634789610482,0.43394418974563503
0.2903715261448161,0.4984322259664817
0.3346326285325935,0.4209346296517786
0.4165720918822159,0.51610565301272
0.1490037689754356,0.42466649746963026
0.3211797846920407,0.37991478487007674
0.47660451766318473,0.3156025130395276
0.3045924243239403,0.4779304552996424
0.14312431687007268,0.3819512432827389
0.2885142890434871,0.48759231107523443
0.1319015312180472,0.39801349413183845
0.208074245078386,0.45592207179367894
0.34076592753135865,0.570101724649756
0.3188069045510024,0.38013510410553564
0.5800635825788648,0.4357775140258763
0.4223101632593905,0.4068368721076357
0.42203756919022806,0.3797975981322277
0.5958993500924549,0.2910672884461691
0.19713305551775745,0.41727261303872504
0.21667784760453515,0.32911793848076504
0.2709464457533434,0.3996238258616007
0.2559552666566649,0.43103343244258463
0.34582744542510646,0.4218590690540345
0.5362246125432959,0.4178767883492612
0.36482295877358706,0.5521931894412018
0.4339221639252852,0.33857030511393926
0.6098844054226457,0.4732577293818209
0.35561914599272404,0.45465817295304234
0.447694469774401,0.4322505103525046
0.34422932469360956,0.2803351749335272
0.3744171417996903,0.3955857911687121
0.2688687857773776,0.4070894325957342
0.27265406012488863,0.3603213979081133
0.31460034231865935,0.47844243335093734
0.2848601942582552,0.5724548173116517
0.3928943582289861,0.4738626575551295
0.4506842671127317,0.3686940766077976
0.4059540799866074,0.3611697681314263
0.3184446055273163,0.4125143737807354
0.42585206210896903,0.4547301591054109
0.28222283819443467,0.39352696716553054
0.12363080928707514,0.5140014049814023
0.2642321954228549,0.42374458680482713
0.42698317549186543,0.4288211334029869
0.28592155463584545,0.2588480563680883
0.28622245525147116,0.4072920850618764
0.2786319095689715,0.5214585656343244
0.4666841033780276,0.37925509057463247
0.2764284070645466,0.4774795357582887
0.25748621563813673,0.4519646823278088
0.19195880122923525,0.6220442880777965
0.2397564316540761,0.5253792981788226
0.5086004069799296,0.40889811788971364
0.23723647344494878,0.49679662214302933
0.24639725554617034,0.3546916318177288
0.40045659736502254,0.3974740013227776
0.3744133416964957,0.5574920589655958
0.24038307711554666,0.28275142269669024
0.42963973474382955,0.39094021532944107
0.1616917899725781,0.3807303123496686
0.27590470217628205,0.3611524292055483
0.15167749202682887,0.46289411127277275
0.36917735684274494,0.36315369504348216
0.3613934787990494,0.5753180503029798
0.342685874780073,0.3378179613536758
0.34575287895575374,0.29657170695980695
0.28011985264184497,0.28948127174706995
0.18289889920082084,0.47204401550822733
0.16901908139510033,0.44358392460873264
0.40516594984360327,0.45196170720428197
0.2752305300908572,0.507387180404225
0.39705035375481906,0.32462589701453853
0.2445222170725429,0.5696672816521315
0.34056268112316157,0.4834460798953676
0.3371304954751493,0.4525310738355777
0.44393318955995015,0.434981478158422
0.25916539960800344,0.4616767796473209
0.35152729057903415,0.3827129960180868
0.4301072656622035,0.34139511202474154
0.3967112874361085,0.44967650977101875
0.40713332800996926,0.4171852789464676
0.3543653990573996,0.34151435483958886
0.26009225322185087,0.5159072116238957
0.36040280034087946,0.4892834543025236
0.5672440048240149,0.4451892117316635
0.3678630278178241,0.3679823003900933
0.3657382916005048,0.42848606282241325
0.29501917057729826,0.4278615003804716
0.17665490741833262,0.429526930791665
0.434784849278077,0.38585032086881005
0.5294626019528789,0.4923013421444135
0.28583717545557685,0.4671920861603343
0.29800601790959336,0.387065530535404
0.3039415426487616,0.3654892933572898
0.32849622189388256,0.43685494845613115
0.13483574289875955,0.405729436886256
0.30852217859491166,0.3515157607844525
0.3819100332747614,0.4688790260939064
0.32179037401379107,0.4021387151553001
0.25551003812170664,0.29918880331296605
0.47835837506827183,0.3305024586957308
0.46616347235101385,0.3660431975504876
0.2861715226090979,0.4025386159990335
0.25960913343570513,0.4441633045073064
0.304984865203188,0.358992308649034
0.37310705200100003,0.45689992701473536
0.29063077762942846,0.40808241041793236
0.2094537247614106,0.321392355427521
0.2863512027477057,0.41456653928660214
0.23387755378652927,0.29738109178370153
0.24420317729766813,0.4160203337877012
0.2688718258599333,0.5989052443864288
0.19180129117415415,0.398167883276772
0.31000691269175407,0.3486960366167746
0.3368199003740404,0.24614986413671358
0.38106384318472564,0.4825961746456204
0.31040031626381115,0.4721527590501284
0.3137477004978665,0.5808286812816181
0.22144506861754215,0.4250001155663162
0.4618886180419262,0.46621625831778957
0.362468592735313,0.5188972341535267
0.3313175198416714,0.41387588368053907
0.19817300020267745,0.44077430634020565
0.4746188708525719,0.5093877250268065
0.39064733187597184,0.4967683418688845
0.2582024027904381,0.40520902330959174
0.2919202117560875,0.40462052560627426
0.34786397983983247,0.4153709370759247
0.4151114504396275,0.3564508187502592
0.42163323821031795,0.3583993907621911
0.5071696427931248,0.4889751878202056
0.3059486051520448,0.3816616529001769
0.3849470757479208,0.3938692268504207
0.3130114853942837,0.38772147680314184
0.2752909770656733,0.16221371866446055
0.2578482500620448,0.4584720930414128
0.285988301337291,0.5439801192980294
0.5536158551858651,0.6278718758117807
0.31221670816706937,0.3851468803483673
0.24528494000707676,0.3578444104214436
0.34326720612211586,0.33732387174864886
0.33187199712113874,0.3786920739874361
0.15808851523406922,0.4449708204042583
0.32912120093972996,0.33302161399063823
0.537887988083873,0.3792964331338285
0.37611870978481915,0.46790240681117473
0.24243119762267945,0.3488705736931597
0.19991106606782238,0.36093005762190816
0.16894939594718433,0.44343015723306445
0.14329542284991684,0.43128315608327605
0.5331308331219948,0.46826232845813204
0.26994100600543075,0.36604011925365054
0.26338481463381813,0.37664442450544
0.3046852853345393,0.3395890883511885
0.381097807662612,0.5295813425107008
0.26925936882839685,0.4493758071360781
0.3220207447141242,0.35067049441180875
0.38628035462077226,0.5124808302816519
0.36376931176101446,0.4093186871328081
0.24221883941148897,0.5415969158248013
0.2773033681581027,0.36585656488637847
0.46662885832225126,0.38851575359630797
0.31237846983390244,0.33709880472567444
0.5053356116553045,0.29863798834106425
0.3302173308541056,0.2732958609608776
0.40215230474655783,0.2913393082775154
0.39368342854566946,0.45630772891295107
0.5715897690587147,0.45067618172144963
0.3444250722315026,0.5103915560643668
0.33136791765470613,0.3676265347290108
0.27531350745528066,0.4387807921983025
0.5186702413227,0.4469996082382498
0.23804641899518142,0.49811188571184695
0.12700281818983175,0.41430446390308245
0.28912610565782476,0.28816122372923875
0.28443557917195944,0.4001194099862249
0.20146333222077054,0.3903802873649192
0.3103131925645686,0.4016189185089693
0.34949298555818237,0.42421916138537635
0.5880667800598252,0.45171828363666805
0.28757069808623575,0.3387743638193272
0.3547997086291786,0.5190528948250531
0.28446069363173915,0.36983327395625193
0.3442333781370172,0.4476467573676239
0.24129057553712266,0.36690509780451824
0.20353025901637994,0.3857884143728781
0.34617123147198475,0.4265766953424819
0.4318115809811975,0.45119456185905593
0.4606034146968239,0.41904535667520043
0.31252433749875164,0.6046205784794888
0.385458648454875,0.5121431202713779
0.46746268540989383,0.576276005650307
0.2608974528654271,0.3778146904667054
0.4060697044598097,0.5676986120136577
0.30691390736554824,0.33529546974241875
0.3087603775078257,0.4558310818412972
0.3494171580175473,0.51956194579157
0.3317437090151571,0.4398315251885327
0.29622979900837415,0.47003554950016435
0.12985945709733077,0.44628864833900944
0.22816196213091938,0.40455147245330647
0.4577029732665013,0.4648679258159436
0.2753553085904218,0.3650151375923465
0.491074398603622,0.44995082306852613
0.1545437958634529,0.2333170554546668
0.3907038267434656,0.41101984193211344
0.30619674344598125,0.34813893278786695
0.38175627265483236,0.4583258385849152
0.35281397737182807,0.4376465091838778
0.23098417210347494,0.37457218601003184
0.47950188523225656,0.520677577808732
0.4616735575351307,0.3676894689850461
0.40534133445815546,0.470240037275405
0.19910632243662954,0.31605669386697477
0.23522076359572938,0.46495052069635534
0.5713435223717017,0.4367374534876896
0.2571920989104363,0.4919243651517659
0.3900815894017008,0.4309450898954285
0.20564825919892538,0.4127058620664573
0.15344705230278363,0.4254528549348664
0.30504706022547373,0.3207992020113544
0.1477798486278522,0.5077935465505127
0.3127806502368935,0.4448213778275149
0.2700747020804921,0.43793975687787795
0.3168287228319986,0.4216610127423339
0.5147453934071866,0.44756281409337256
0.34881501899934536,0.38435202257870604
0.5225002386624752,0.5193527483011319
0.28686617584329627,0.43904497157229094
0.2557419288633176,0.4032394537503834
0.3212781201031531,0.38328363715377967
0.23383922341230595,0.4025886024358177
0.25908894153172723,0.3934426431498192
0.27096200422028965,0.5272761120882227
0.2706643809825525,0.46398125886915276
0.2588815741227324,0.46605393142079243
0.24206252005540888,0.38193148757165457
0.5720108542713763,0.46012807752202084
0.2908564868698428,0.4351082289115446
0.4979402223835342,0.44127023487505407
0.3799266665260653,0.5834111566170161
0.2063276669820851,0.38073609272886133
0.38954246453913977,0.48239097087945687
0.4209837076829419,0.40290814647835443
0.29477579507936574,0.5104646652243039
0.2511061576421502,0.5103305812974402
0.4691389869311151,0.4804163217977987
0.28635854961388196,0.49991781297537435
0.34539893452931336,0.5169936628161792
0.31481737043444236,0.4532262118744758
0.30807473755542675,0.4614116375336083
0.35197376852358253,0.34657126008548816
0.6244751972020628,0.49088201204588783
0.5467768179111382,0.4408956967041899
0.17808714097837258,0.3663398451213256
0.449693183310221,0.4604038426600121
0.2967860665586799,0.3385671315251126
0.1593560565439902,0.43262274256445243
0.36047326269878194,0.3652664679729665
0.12819943690713007,0.5134777690579736
0.40666606732115584,0.45936838453643414
0.2748174335395781,0.42465094125459707
0.3802716990067915,0.4713377729288589
0.3063525645663092,0.4035019644099209
0.49276101388640264,0.4802359237211762
0.4236823045209126,0.45552080031907416
0.5039752929370547,0.4352029983032601
0.3254124170397446,0.4347115551395717
0.400966452988311,0.5622652341773305
0.36602613112070587,0.5548612695312755
0.4364932090328265,0.40250180445970607
0.4868866088810605,0.5124857434732745
0.4202070679260419,0.47448364572858076
0.2099679293916885,0.2902065235529362
0.27102570746130994,0.4112528763238287
0.10948918970526499,0.41912975978204475
0.32024008391450415,0.30043748015999117
0.253189120873241,0.49144905741268274
0.4166136565664915,0.4025575393065609
0.315290863292495,0.4497187136701837
0.4276198363364223,0.4276966249613574
0.2850354043495496,0.48378455086457767
0.4219225076952768,0.5532522685504934
0.5169899876941563,0.4797683364044453
0.26588766393389585,0.5166757291400282
0.23998522320041496,0.45289220963896326
0.2795484269021295,0.3315089667375247
0.31619074461833424,0.5848566442935954
0.29238098693544873,0.5182623687765305
0.423864979703816,0.4699825085042409
0.3051900707756988,0.5384186457535381
0.26819598172910275,0.5436822123192537
0.39213003643621924,0.4016397003819585
0.6000802742952447,0.4503253600330082
0.4054087567335022,0.5194712596463801
0.34393909814562396,0.37626118494272753
0.3071218067889903,0.3406930668861067
0.30960075766231054,0.3762650406272295
0.29208985399247894,0.3285080866605236
0.2764890904902282,0.30359925208864824
0.44187856665401765,0.4368838334627473
0.45618213818930975,0.49146687326156474
0.34235376265020867,0.4201229792425508
0.24632348287615166,0.4370609070120526
0.4012124294457634,0.5465931385797543
0.4501782453713329,0.39016577240570194
0.30237117111525946,0.3078493814559154
0.1423571689264855,0.5007308830549004
0.3871703894570005,0.5068091987827759
0.38647633860953073,0.35716785904918524
0.33665837065424675,0.3127884868941483
0.34414190543078527,0.4383599188062079
0.3778498679068236,0.4344724526465647
0.4976071306715131,0.5035137215455955
0.17417712190999204,0.4513121257923332
0.3657303043465679,0.3441887564808383
0.37196453830851967,0.3720063380362151
0.26158251858000997,0.3234814748257871
0.44506154434941636,0.47898759334034974
0.43367500521350555,0.35992825793051597
0.5224641742757123,0.4728536392396197
0.32765628086243354,0.5315002705522507
0.32030715151355277,0.39008895556998857
0.3455573003113361,0.36225089861625903
0.29039098267317265,0.42062466379950336
0.4852276780537756,0.45980147469732124
0.5596248598463616,0.4307448520430051
0.5256640525782079,0.4166809467978485
0.30485626971108126,0.36513416526907655
0.35722946758887786,0.4020183628376602
0.403996368156812,0.4447139068878972
0.26191020570082096,0.39643082433844185
0.3326070806384369,0.5190811000354312
0.3122820260297136,0.4121334446807653
0.2169346501337554,0.22400970590663
0.2900605594780615,0.3270236703904938
0.3372745278309001,0.45076306605257577
0.3090782688070683,0.30056866032546126
0.0927064055117659,0.4739168031948071
0.39454954806579273,0.4253598009634717
0.3652517826852877,0.41682782287616504
0.1452318034337796,0.3695166891686791
0.3233242983353197,0.3875396294395439
0.17696100432321551,0.45140594651999943
0.4320847549179585,0.4204894915954678
0.3884057101141678,0.37866577057120715
0.25822432516353433,0.5941496939125663
0.7042160052900017,0.6218151215879425
0.3972465741944429,0.4498036940643096
0.19662835114546615,0.30374316037265375
0.4979147532474563,0.3989485487302945
0.45518885877161996,0.4389147922816194
0.5464874696092243,0.4268896549522453
0.15197617591559098,0.4934059899197276
0.2642579770118621,0.4665830833649124
0.28079920131228836,0.3176560285203254
0.2401970240631369,0.4519237956301983
0.29803422311997135,0.32990240725450065
0.2032744614033378,0.4752645618682757
0.34612353257668554,0.47404747889155147
0.6100780924601398,0.5489607541064476
0.5949613157305413,0.3366897341726132
0.36588072509802255,0.46923669743636887
0.40266521171196706,0.3922619872787023
0.22254252153080778,0.4481077525106304
0.25329564198812377,0.35434901639029376
0.08208047251216496,0.4842667417366091
0.2896971513872208,0.4255328740831548
0.2232035705932005,0.47031950165554187
0.4171923869490145,0.3888630920700704
0.4693972926122657,0.49780482048437213
0.31996700005426326,0.25597222235520484
0.5826723562368791,0.42833385320756584
0.2665507397179923,0.46261941627113695
0.24574144218151245,0.26970666443183355
0.3672883339893612,0.3378271219481177
0.6121154206741998,0.382750531654679
0.4031942536340516,0.45773926717516655
0.3695962802189225,0.4336797717626979
0.34209598053883156,0.486558891359424
0.29330655695888375,0.2874404643274184
0.40760545283087185,0.36417645650622343
0.42789641629160224,0.39931245553944017
0.22348011676968538,0.28907498160284617
0.1200167084767984,0.43894998757070713
0.23629115977424917,0.4419207731334995
0.3030946769848246,0.4383372645613853
0.3677543336068923,0.4091788630394841
0.2614798707554945,0.2543896438447104
0.4456931271301487,0.3687750928591366
0.3582356014889741,0.44799333343235476
0.31565492584555255,0.5679804366742244
0.35776715010115967,0.4828896383847823
0.31329678025279006,0.38603491017776714
0.3685107539999055,0.562939578956334
0.2303016735697169,0.40644853735047465
0.14619096636945525,0.509169962549201
0.3855448573144596,0.36687190563043276
0.4130200763134659,0.40568174676403457
0.4986712946807936,0.51422881920145
0.2652890716786755,0.458173826560811
0.37310041448742,0.414917009011277
0.21706689372492902,0.4746852037650028
0.4209649267284866,0.39941101163802695
0.5824973825964501,0.4706981805314426
0.24326401134947007,0.45128993037478526
0.21728066219663839,0.40981853910172394
0.44152291077369404,0.4312240643847696
0.3218247776147133,0.5017125594908359
0.18141783853706656,0.38653034863176877
0.34341059668266044,0.34969239695853327
0.1171439824657754,0.4638805261089879
0.3390094184987091,0.3535893706948802
0.4046539605327433,0.4063502121265879
0.2371980839580091,0.565480953984088
0.29479690676378045,0.3991420825572788
0.3038925635409196,0.3827253130439228
0.33682050839055155,0.39646160798920976
0.2994003517737721,0.3944591816118241
0.5823492967972917,0.3736051338724647
0.387937165834942,0.35744250587779564
0.16244500420445157,0.3350447961697584
0.458028363436048,0.49995919525469673
0.22570295757703415,0.3765066017997984
0.22979293264336548,0.43437309261503537
0.3121059771008252,0.3838278042104081
0.16462822260249085,0.24484005395055458
0.2734766557964225,0.30061253191365245
0.13075492185879042,0.3636090431125032
0.4468320602809523,0.44337312190644984
0.5107749780320325,0.5136643963481995
0.3686322193724626,0.4192966237207672
0.11839092299404455,0.4734903516734564
0.3387216634252456,0.4753738359468061
0.42354207226835644,0.44520121221627584
0.26965962103087804,0.27985020056710447
0.24148929560018126,0.37342121413230756
0.4830690843244376,0.44361270067905717
0.4216200645192432,0.4043232023655727
0.20637083615437626,0.3577486461320039
0.14010635091495038,0.4805128646861597
0.435923720501273,0.3932913469489056
0.20303113657344787,0.4162462868680704
0.2998420631021068,0.41555533627145697
0.2379197742227146,0.4099124757761014
0.10216091025591213,0.2766781160678035
0.22380939571150127,0.5010974016005783
0.30662436483613764,0.3746588010800776
0.38763737428647094,0.43426823003408027
0.11899284245072862,0.42490887167053054
0.14799721453058584,0.4268413640853151
0.2983490405579632,0.32164842580352576
0.6853018276613645,0.3692254830385367
0.2604128045933297,0.4328438570362177
0.33202721022495557,0.3897188231060663
0.12802029159786077,0.4398394143904242
0.27668252700240054,0.4507817828275106
0.14803766451792438,0.3677018797972847
0.23931409964221956,0.42213355135225106
0.4791567345260977,0.37031013382637323
0.39680917387206566,0.44644094521548583
0.40446626358384036,0.3562576984442045
0.15446552218231702,0.48801879811539467
0.44191478867469075,0.41772932088788184
0.12410257943167953,0.49849219581723003
0.4825436229440298,0.4091965250746654
0.4985846354386082,0.4485245671311303
0.3647722772195138,0.4505258091430203
0.3516782025290129,0.4089354833192147
0.33206450190430564,0.40176577326235197
0.5293954161283976,0.41555329266040564
0.4436185860536937,0.3958480821729019
0.2525510413234915,0.3362124581007135
0.4060508559479643,0.5409234362026253
0.2482100961826208,0.41672668008017405
0.3799583678313824,0.5520306322861
0.3726061983999459,0.47041300108347756
0.4227931423009735,0.4222922697633782
0.46887797895435945,0.3877764848048618
0.41842505597861934,0.4422110233265717
0.42675094696330385,0.44794125316734656
0.3352785785182929,0.39613893981950693
0.34832394433051217,0.48058381683514045
0.25315947162364905,0.27187383982631186
0.5089690676578525,0.4728005890313249
0.48659284401476705,0.3915099531899876
0.3140286716834047,0.31818112326114717
0.43681128949276155,0.4077089034623732
0.41630601710120074,0.4662552225250981
0.11300783192329227,0.5192673675825545
0.1463341373684819,0.45562097695055664
0.11855053577289336,0.5447094829562968
0.12952637382998333,0.49581912300571673
0.24349267622570245,0.48635851276243774
0.3863167342753557,0.44542867513394224
0.31375678696683856,0.5873133462664337
0.24097283624200785,0.34172949520887064
0.18295865371238815,0.2891289025337761
0.3939599409434593,0.3175321155998218
0.39229579975246087,0.44840456550202595
0.32155664233329917,0.39313965629764597
0.31086830530573684,0.5530739604703089
0.41646532305690265,0.281705689750882
0.4796277333904982,0.46207176612656053
0.4655197348698412,0.4312818071873865
0.6911971895321024,0.6145959963027525
0.2789393294727444,0.4279023512083249
0.40410447687036277,0.49200610790488475
0.3546940657603675,0.31710289887004645
0.366434189016638,0.43247462186064245
0.45371796549507976,0.43364380721074486
0.2508298648058783,0.3148616749462065
0.2300303462016193,0.5385495438266916
0.20204571070236035,0.39996615698501886
0.531445715361362,0.5670033316216875
0.43688952095052863,0.5035076336596396
0.3976438116483897,0.4347283262616707
0.4079460265238496,0.40552754514447553
0.15745877902200037,0.38724017286313217
0.35762017899893833,0.4733210811050703
0.2223292766288719,0.38842892790021966
0.2747199651149723,0.5521966996105971
0.2597628602769391,0.5019973701880464
0.356767554067493,0.3094744738996472
0.20378286454273856,0.5243583708992233
0.2487317011620089,0.42142511078068423
0.34727136641363837,0.4242504312080768
0.3549010616037166,0.4048847046753162
0.5184936800836031,0.4876729298532422
0.22193659085408493,0.4477672285205896
0.38555639273882375,0.514091103836995
0.6307272114246285,0.36092139057173317
0.28888161546295515,0.49417435952611966
0.31521099356801735,0.3507353293690316
0.4314062591595655,0.3684995422880357
0.4873729629772586,0.42952281220363114
0.23316425330521018,0.26215352377497186
0.29681176370094947,0.48754099847372145
0.2546773763990438,0.41416791296530997
0.1630142427736617,0.49439697238615316
0.3228100852603681,0.4482112317333844
0.09746562941871662,0.35605976373580617
0.3337365388652752,0.5137032316115543
0.3729823579481731,0.33503185329976654
0.28959877093784836,0.3362186944922896
0.3582547455644013,0.4491288313922301
0.2267957321410335,0.43568132458549735
0.30381585212443035,0.429746333549711
0.3983989850445769,0.4631662324402042
0.37231114149856626,0.49103591984441686
0.1270826625802881,0.4821370490587674
0.33685479376604105,0.4194576706867106
0.20916237788670541,0.46812596386616073
0.32950461727761327,0.4479963063413691
0.22773427318337286,0.38125804365838467
0.6905800189945972,0.46991270820876163
0.2467369847717715,0.46443586774773005
0.5566566470941766,0.49698259300061454
0.4205366128750814,0.3579991019042578
0.3522063662050258,0.3891348844709983
0.2868405378137431,0.468040428971968
0.3612908422340989,0.36363397235243833
0.4091443426205748,0.4570200313873705
0.36844334579901505,0.39458829990600675
0.29229127072136,0.22087593982909096
0.5047607489333663,0.5080196025855297
0.2848242875054027,0.6114960545215155
0.5965965310990006,0.42654759246328255
0.4390712530859851,0.25263044659091205
0.2654810528920689,0.5252444536281291
0.2910887491770994,0.5022524984199479
0.22433707381877266,0.31320891004438656
0.39496310062945517,0.3900940579625161
0.36274914731694546,0.40129351059707763
0.5760484892497068,0.5041844126158559
0.47846410238382064,0.40479343839444293
0.4055610648695435,0.348651012175247
0.3498168275375387,0.4273329243228898
0.27841966789427897,0.3069556291207559
0.47692977271795123,0.4248407026447465
0.298344176425874,0.3767158917795206
0.3212448818672106,0.37683044659404596
0.32578244153248087,0.38149280896694554
0.2908724810819553,0.40019913231276044
0.4424444611324165,0.4556419695650712
0.34521222842213234,0.4044478241695241
0.2790111345337757,0.41853310557945367
0.38375027969247344,0.40557575860189615
0.24689301700894356,0.3827697027530622
0.40388030456057383,0.47799693458641856
0.2948334890905342,0.5123814792577747
0.2954075917918335,0.30689875762081226
0.17981173758886093,0.4881041062097776
0.3895803191967409,0.45648911985895974
0.3895803191967409,0.45648911985895974
0.3068069780914335,0.3002018408276956
0.31344874778698945,0.47395170784637264
0.576970985411891,0.4641708283830677
0.23540028047064437,0.32625023845807843
0.21652763374758777,0.2934067046481661
0.5123464980411669,0.4305580519988816
0.4411893968279845,0.4952771462561868
0.45081170286964123,0.4075031957132626
0.2908408388893546,0.5402545825727382
0.604906776918088,0.46615791575567594
0.5336994298959987,0.45739712407204886
0.24028542290811808,0.31288626495679206
0.2691992596405313,0.33967672224947104
0.22195450200714234,0.36289159770381074
0.38410588490475445,0.3654151416513371
0.4128113239779735,0.4038219462350691
0.3535715659447123,0.3870195844728895
0.1515687710744301,0.5396918582248711
0.20147889575452105,0.4367854656803855
0.4129204967204187,0.29356988722092503
0.21977770156116513,0.5276977495825487
0.14623317284893708,0.47270068642950613
0.36689803805725,0.33015018218618886
0.3161695653765294,0.5243039618661498
0.35303136016390924,0.48733888027393946
0.3481335338264392,0.3413453132205658
0.4304890437333762,0.4158357754425479
0.4205891725246002,0.3570120893006227
0.4358089067167521,0.36421126587372
0.24560712120059244,0.4112769985344409
0.30092456472046997,0.3375178285331507
0.32152762221190273,0.42831813203990504
0.37169379643780315,0.46823390127347225
0.3462964457167156,0.35132046081426915
0.27258924443884425,0.41233806419291674
0.26112952094518715,0.3605296900088855
0.24266297013885768,0.23009830893608707
0.4178615091195274,0.24296693617106035
0.393269875982007,0.43963741779394444
0.27148579017742236,0.3111164123159955
0.3547107186570338,0.33121998010648723
0.34014298083699757,0.434392870040995
0.4075845775973226,0.3722259748524689
0.43096875750110303,0.4023149660526361
0.26134116135910745,0.4630295497655212
0.29805525035764835,0.40578182890900055
0.3751006030262577,0.3910750642532692
0.27805647823899976,0.3433468956935532
0.2936122288151871,0.48268962797557224
0.24178627788717955,0.5101678228776136
0.5030288139013753,0.4276125908063312
0.22386931489420706,0.4588179549097409
0.3552252652965992,0.3948392639593883
0.30731941215511177,0.47592893813213216
0.4831472482248146,0.3391741403051862
0.34000499486766317,0.46478646414251146
0.25407436757944396,0.33474960415359845
0.2666147250111164,0.5595400601646454
0.3489475665987745,0.42469149370397724
0.4927798511386831,0.46159289119642777
0.6184148095165921,0.39675015573605066
0.17403368912607867,0.29843415442484944
0.24732347580948533,0.441405679935882
0.3163658533735434,0.3096765353391576
0.2981219126123562,0.4552217524648728
0.5636255887854439,0.606486137806814
0.3432865275356922,0.39257014307547483
0.24357265573093906,0.2756989955531279
0.36963620663648755,0.5074762520082162
0.29738361167435323,0.3892699858805188
0.20456918189577428,0.37840695365218757
0.31210863154327895,0.5334767100700976
0.35273226670846947,0.5379704019582469
0.16132262261422908,0.4659163440400598
0.3578084614452223,0.3429753075287246
0.3578084614452223,0.3429753075287246
0.3604873230806021,0.4594502776047461
0.4267872252818021,0.37159999380586645
0.4868267614780818,0.39805224955464125
0.412110517391491,0.4251006421218981
0.2325827826260502,0.4238241694103968
0.3261396174540823,0.24160538332405876
0.4883582875122609,0.41202316146371987
0.3730415213325768,0.2916095693648055
0.5069331243702901,0.43847091278329525
0.3675662482029962,0.49931712081127766
0.4902019793568695,0.4687535382417455
0.42454797647332626,0.4349640565149539
0.3532147953674516,0.33284810288728
0.4468740640882638,0.3087183188101348
0.5909138004839048,0.369422854768684
0.2402316134468819,0.37065739401203884
0.4058424920674651,0.5168223778092512
0.3920658343964685,0.39160912392008
0.344977995690997,0.41473116265231086
0.46646057286344494,0.482302350169865
0.32295783890235835,0.4357254159161637
0.3238089212733958,0.37857738499642757
0.412940899052237,0.4196023955057101
0.19232286800462967,0.3648642228274766
0.31917519366327973,0.41038660479957767
0.31917519366327973,0.41038660479957767
0.5723329003501118,0.3588002058088809
0.3884118578366693,0.35801665080246375
0.3703785610178981,0.38115444327466846
0.36159330511437127,0.3418643016817624
0.397433336599449,0.4580124604264121
0.13246691057134632,0.28343048284077993
0.27922106067892155,0.5563157693929432
0.4144075531025468,0.43075177583102575
0.22454586415529704,0.3700049104760765
0.22685020028682337,0.40107988184633425
0.24606353892829047,0.4165727978569428
0.33622911099737984,0.3383597753756828
0.14012331204220915,0.45572913210981314
0.2578834305729535,0.46430352169451483
0.2294030758342901,0.44580985691731734
0.20510115693454686,0.36686612563508875
0.2845674005294448,0.44782627782512774
0.5204863528627892,0.40672181483502123
0.5126847747828803,0.37086166001715465
0.20023701358583765,0.3925344068246069
0.3020129762030236,0.40791737205682715
0.31631996501629966,0.4369913974948401
0.4979634058279128,0.415978234274087
0.41704087261230716,0.29833184478941194
0.2860369257688349,0.3303922721232851
0.34521613549119473,0.411152728122748
0.4177177807720322,0.41064847413305744
0.33981279409275184,0.3377952079905612
0.3403077195328222,0.30554712002719375
0.30607402544681556,0.41193328057849277
0.30398550562038684,0.40794817822672513
0.43144505399084593,0.42099390209311205
0.3929034109192631,0.4947514882355184
0.4927567127325646,0.27317303599584425
0.43727399005774137,0.44464268692211967
0.26179947913840285,0.2866884520541109
0.35825362242279046,0.43707520806707517
0.3394307908302787,0.4411987090000556
0.24015355088259016,0.3205329409783678
0.3292387113900734,0.4816044401064842
0.4855532708954927,0.43565140341741004
0.36678275137099825,0.40775061677290725
0.2593797929855715,0.25460693937516266
0.45042747021329393,0.4116695787508058
0.25648619174099924,0.4113631975419061
0.30336385940578564,0.2946149840951393
0.5071160697827541,0.3863537219464502
0.35500756582925186,0.40204074638377374
0.3964143178161208,0.4434313141533704
0.28510154303448393,0.43389199110591975
0.38188681042190525,0.40436377595222733
0.3902364928674795,0.42634689465762804
0.26489913042286245,0.41177880216129364
0.24837339365412284,0.4626534887384879
0.49907008595471325,0.4465223033137147
0.3429570163653477,0.4089764422388922
0.2826626874722041,0.2244939843020164
0.29723287424763234,0.5391213045384665
0.3770193173526022,0.2934608918166289
0.3371000524262234,0.4297574534961258
0.4556538225091691,0.6372925061545607
0.3411438435717291,0.5735596665527541
0.3009779350586703,0.46551761807161723
0.2332691994884356,0.35283222462290137
0.26976634481793116,0.3071580074164898
0.4091762972661049,0.44287815930981483
0.16396323832212326,0.4236190623590799
0.2465094683711713,0.36294241493564244
0.31832978048323046,0.3970410223903077
0.37695115194596407,0.2532017053137463
0.24747369811110648,0.4888380704458871
0.22214992864743224,0.35620473908012745
0.5219509295233525,0.4777971082710967
0.33000366371848144,0.2656460803957364
0.5478224036381338,0.3630045435264946
0.31671259167837024,0.4480142920890448
0.1993712149633175,0.45275571180880575
0.5375132810195336,0.3508366119712883
0.2384590933127722,0.38196818571107716
0.306006164048433,0.3911934573730848
0.3988781865020952,0.40763156376215587
0.27480350827253813,0.47639703540662665
0.23132303997235198,0.40079484370591034
0.3509256554263669,0.4018666141947664
0.47800542148355335,0.5249260218697656
0.2758439089698415,0.3467315828665236
0.20460128854543214,0.3290792055770923
0.2801690935345738,0.41960997640998793
0.38945876093277243,0.4217763838753233
0.22093833752354702,0.39319647487763404
0.27079582655205525,0.5159609591575244
0.260149778339544,0.5426324675904284
0.24297812536380015,0.26197192444350625
0.46419339751882527,0.4775936535609468
0.24162113384701409,0.31590971552646163
0.360938733116757,0.4997203499623251
0.19817837101519256,0.45482147323943556
0.25698956185483557,0.28799532443209647
0.4362516440729494,0.5216511133816211
0.28553332342647,0.35812626829772726
0.3780849451053356,0.402367449700091
0.2538246388719482,0.3204366725419042
0.3279818568148031,0.4384873798971387
0.37649540979216733,0.4376881759719362
0.27694757716299884,0.3335147950023849
0.42450285658139514,0.38973031799599644
0.34437126699260334,0.3751577547017109
0.31418327677071034,0.3910640286731664
0.3413494460439069,0.3628081508155258
0.32744232660790135,0.39141833903547
