record_index_in_selected_data,mean_nn_jaccard_at_20,n_repeat_pairs
0,0.4251445098843442,45
1,0.21629598629814437,45
2,0.3403950339063428,45
3,0.3003993294235902,45
4,0.3163719925906669,45
5,0.24143207953714066,45
6,0.39622212314070687,45
7,0.43250072901413905,45
8,0.4314408156467234,45
9,0.43579175641903306,45
10,0.26532913830237653,45
11,0.5291271200649844,45
12,0.3401920544673702,45
13,0.41755746745735606,45
14,0.2476119832055392,45
15,0.4303000025364743,45
16,0.4551022895998793,45
17,0.5426347306607179,45
18,0.45077904234127186,45
19,0.5009168458776987,45
20,0.3868893705798909,45
21,0.21944233008504624,45
22,0.24264190569698385,45
23,0.24694094013517073,45
24,0.24683305288007687,45
25,0.3571140173508091,45
26,0.4061287812925435,45
27,0.23164815992794788,45
28,0.3991775141002677,45
29,0.2247241913790343,45
30,0.39023010940820857,45
31,0.27496768925844084,45
32,0.31225848813611545,45
33,0.18814083546265045,45
34,0.15341391516025407,45
35,0.18926618888995383,45
36,0.4154454969310982,45
37,0.29343834552417797,45
38,0.17198508388455705,45
39,0.30278795655394214,45
40,0.30572668757943616,45
41,0.4282378075011864,45
42,0.5872597468732739,45
43,0.3971195362358383,45
44,0.40055218702481094,45
45,0.490083790473112,45
46,0.12190712995833002,45
47,0.3193078886467329,45
48,0.22609868993558707,45
49,0.1969899755824605,45
50,0.26805139584226007,45
51,0.2765254432440922,45
52,0.5718058512461315,45
53,0.17562119128410536,45
54,0.23352304030016877,45
55,0.495784899171378,45
56,0.3731132031428658,45
57,0.5829694513752487,45
58,0.28944422655408736,45
59,0.1845758101708699,45
60,0.5220114289794506,45
61,0.5531535114277079,45
62,0.21791946868175355,45
63,0.26933873017502613,45
64,0.49525971665219237,45
65,0.39562042666726893,45
66,0.2960694834494336,45
67,0.18654986084699107,45
68,0.5376664943881336,45
69,0.4301308353663548,45
70,0.1589614810560913,45
71,0.17412503555511893,45
72,0.1919974467710686,45
73,0.31359494790976405,45
74,0.4066973403878607,45
75,0.2760939242970839,45
76,0.2695114085820535,45
77,0.4267378089896937,45
78,0.6081362357757498,45
79,0.3352807729754289,45
80,0.5160325720106047,45
81,0.2953697619815384,45
82,0.33115128801323335,45
83,0.3002288520816006,45
84,0.16708674382032343,45
85,0.2921267445288325,45
86,0.31372391952302825,45
87,0.1957680557350986,45
88,0.1765735211588935,45
89,0.22739648358382314,45
90,0.3779128996253325,45
91,0.15862340382347506,45
92,0.37483143968810667,45
93,0.4256409210110855,45
94,0.34321698980169785,45
95,0.22292010838943888,45
96,0.2416815532429602,45
97,0.45846595454925715,45
98,0.4117472601417725,45
99,0.13649390770300246,45
100,0.23987485852366486,45
101,0.17975483259946784,45
102,0.2453460080863805,45
103,0.4788610901728631,45
104,0.37631732820279273,45
105,0.19769620178089164,45
106,0.37125859164674996,45
107,0.23606599603458855,45
108,0.4918848776033626,45
109,0.324834876470681,45
110,0.4507312143858925,45
111,0.4621964470388643,45
112,0.28875760454130034,45
113,0.3263850953575193,45
114,0.1816663572225212,45
115,0.22195318236126102,45
116,0.5466302923574288,45
117,0.20724862875727668,45
118,0.5539569707752284,45
119,0.5322982458031601,45
120,0.3763410442239497,45
121,0.29590682560103915,45
122,0.40662203449745155,45
123,0.35334926497947144,45
124,0.5215440246406483,45
125,0.4233101779227103,45
126,0.26033516064514084,45
127,0.24814653595543032,45
128,0.48908908636195525,45
129,0.26958598937830536,45
130,0.29292918592139955,45
131,0.18391397341756124,45
132,0.3515751402397421,45
133,0.2096901857029209,45
134,0.7490950917037874,45
135,0.30423410734577094,45
136,0.22915251243284945,45
137,0.4342781260999034,45
138,0.23712459463538613,45
139,0.3320341990723024,45
140,0.2612327066982566,45
141,0.22425037431362532,45
142,0.4254394422587839,45
143,0.542763867015075,45
144,0.34013910661921887,45
145,0.19134933598797232,45
146,0.31782055594301906,45
147,0.24977436913575118,45
148,0.20065591882551664,45
149,0.3831258240836784,45
150,0.5271507890065279,45
151,0.31636297791539286,45
152,0.2786951769056068,45
153,0.2386100412962044,45
154,0.34085324656147725,45
155,0.20713447592931467,45
156,0.21873463407302746,45
157,0.3371241126105281,45
158,0.4949323303346291,45
159,0.4148317918974526,45
160,0.24353358591182758,45
161,0.34884719593473684,45
162,0.3528187554377877,45
163,0.3117762686797272,45
164,0.32433448526093217,45
165,0.5824734220869489,45
166,0.14231966198909174,45
167,0.27581132429184363,45
168,0.323935678906707,45
169,0.24304084709873272,45
170,0.5128677066974584,45
171,0.14871691647383248,45
172,0.6138141757798597,45
173,0.34724207610442864,45
174,0.29477632882105537,45
175,0.23776975126431554,45
176,0.320417251098136,45
177,0.3441704785989285,45
178,0.34300568873194953,45
179,0.23760541418396555,45
180,0.47050010299052425,45
181,0.27785997920788214,45
182,0.40837670923445224,45
183,0.2059777208482741,45
184,0.2812982862409604,45
185,0.45612613581962236,45
186,0.38329713462889753,45
187,0.36996784551605805,45
188,0.1545604419940005,45
189,0.30934366235390615,45
190,0.22683565989417803,45
191,0.3957978935880308,45
192,0.2667964804896181,45
193,0.22097640357052542,45
194,0.3408398925251347,45
195,0.40077076349724966,45
196,0.22982777416680011,45
197,0.2595924817364532,45
198,0.4245926110034379,45
199,0.2929085507080666,45
200,0.42164594063246863,45
201,0.266752994504963,45
202,0.3091315797434434,45
203,0.3316966533732439,45
204,0.5084166590428514,45
205,0.3706160922759612,45
206,0.22822167222263195,45
207,0.1793736119895446,45
208,0.29273396732992374,45
209,0.27009042880381406,45
210,0.15696380779106564,45
211,0.17982757305132463,45
212,0.2110891170828768,45
213,0.26149583937758164,45
214,0.1870152362978355,45
215,0.2759941637405342,45
216,0.41803543458468667,45
217,0.3073213181179913,45
218,0.3570344792282748,45
219,0.5657422869083706,45
220,0.35076804583300547,45
221,0.16974325142922436,45
222,0.3668086817970131,45
223,0.2056014011901817,45
224,0.42680807503697127,45
225,0.2513719701924461,45
226,0.17567754592677748,45
227,0.3390172824093594,45
228,0.30349424826076443,45
229,0.39030129975566824,45
230,0.3767947152386653,45
231,0.22293991106467825,45
232,0.14777235445361134,45
233,0.3092706643423853,45
234,0.4952781743586342,45
235,0.32276064100567725,45
236,0.4530417928885361,45
237,0.31643561158090744,45
238,0.22882339325790418,45
239,0.2620797692929401,45
240,0.40852045970572726,45
241,0.31974566589161485,45
242,0.18396399941269,45
243,0.3774142335506813,45
244,0.33199941744504696,45
245,0.292071591616838,45
246,0.20795670904351454,45
247,0.4380720047151884,45
248,0.548115438956685,45
249,0.21875199672279946,45
250,0.20614301067927832,45
251,0.4158259384819759,45
252,0.39534032929904883,45
253,0.42483318592081415,45
254,0.41567492615920004,45
255,0.3983844795166017,45
256,0.5138464082473801,45
257,0.4525061119227477,45
258,0.22728752938962427,45
259,0.18409639762203261,45
260,0.4321984163956727,45
261,0.3475200157545101,45
262,0.30405001097128165,45
263,0.18615116675460058,45
264,0.4632103614627407,45
265,0.2669329367508899,45
266,0.5524042374417188,45
267,0.39272576350440636,45
268,0.1896992664861102,45
269,0.3383490905428861,45
270,0.34991858737516596,45
271,0.47113300982516926,45
272,0.18449343495771636,45
273,0.15422599609983595,45
274,0.39972311099365837,45
275,0.35563295404476963,45
276,0.28645854292324235,45
277,0.42102895484656205,45
278,0.4196849993630731,45
279,0.5990155988223625,45
280,0.2682848468008221,45
281,0.3255178822384215,45
282,0.12175402629645446,45
283,0.15595368887588992,45
284,0.25077397839617305,45
285,0.5130384529618246,45
286,0.33708377912322735,45
287,0.16837694552665092,45
288,0.48336266543163087,45
289,0.3906777590957543,45
290,0.24246089157864767,45
291,0.27028106175197725,45
292,0.33706385890984614,45
293,0.2526633803073856,45
294,0.41040570375059987,45
295,0.4485259374263891,45
296,0.25555490598966646,45
297,0.505874550481924,45
298,0.5003339133755647,45
299,0.2121396896255671,45
300,0.306438096337549,45
301,0.211833064155543,45
302,0.20742488790009764,45
303,0.19193048941043211,45
304,0.20746369618035684,45
305,0.30993031026474144,45
306,0.4230524523838082,45
307,0.4544894639913796,45
308,0.46688311263023896,45
309,0.6237009009955876,45
310,0.3379472487835746,45
311,0.27070915368915316,45
312,0.36867568673591333,45
313,0.3310328907381551,45
314,0.3814730739078779,45
315,0.35660156256934084,45
316,0.23886295050442577,45
317,0.3170487915044322,45
318,0.40550709428722026,45
319,0.2685007979256491,45
320,0.19230792147666873,45
321,0.3147862730819829,45
322,0.30740481806117553,45
323,0.2202240755487052,45
324,0.534489542573189,45
325,0.0650517235157203,45
326,0.30091229628507793,45
327,0.3403314709217419,45
328,0.1886574086813775,45
329,0.4540482726020065,45
330,0.27305042380143973,45
331,0.5286657715776489,45
332,0.4684804697763274,45
333,0.5511441457401812,45
334,0.22810509029091539,45
335,0.34724207610442864,45
336,0.2884225572317643,45
337,0.24868253595125142,45
338,0.4064713107322542,45
339,0.3389257363871859,45
340,0.45323245799824713,45
341,0.30870617069734474,45
342,0.4737992333542945,45
343,0.4374894155191101,45
344,0.051214557278283605,45
345,0.5255298076450939,45
346,0.2501241671129056,45
347,0.3816555547967357,45
348,0.49354940220840604,45
349,0.4962012983468922,45
350,0.40967770310867585,45
351,0.374009673385523,45
352,0.3774438578628419,45
353,0.5030353687625053,45
354,0.30964847371966403,45
355,0.2951701797302938,45
356,0.3829590560934755,45
357,0.2010854421670361,45
358,0.31286934618741213,45
359,0.6725191716496067,45
360,0.3783627444837795,45
361,0.32747607352796854,45
362,0.27676111563473704,45
363,0.47539427138960694,45
364,0.22274470283214085,45
365,0.37836123745594685,45
366,0.31127320267614145,45
367,0.31078532414039556,45
368,0.25924439303029906,45
369,0.17543351947454192,45
370,0.25017100151890437,45
371,0.46000076560946634,45
372,0.2531812659896151,45
373,0.3087010195365885,45
374,0.18936098624331502,45
375,0.5323625490075599,45
376,0.3295660170738507,45
377,0.23380995330455284,45
378,0.5764209551715801,45
379,0.27141341872435126,45
380,0.5643704426446392,45
381,0.28826452446550926,45
382,0.19870595867300153,45
383,0.47145442609044136,45
384,0.6084256055270549,45
385,0.1989717624208877,45
386,0.26648438406019453,45
387,0.5902870246898234,45
388,0.07854207002813812,45
389,0.1914324779466187,45
390,0.2664910483543388,45
391,0.1690189513485321,45
392,0.286963284119529,45
393,0.34934843787839487,45
394,0.4309680075345628,45
395,0.3600957085539083,45
396,0.20688359788856722,45
397,0.4813238261575919,45
398,0.3452784952236049,45
399,0.36614041487975496,45
400,0.6372314320140411,45
401,0.41807207465826274,45
402,0.2915573110760938,45
403,0.28623272077364137,45
404,0.22221174258885382,45
405,0.41388945710537606,45
406,0.38681240208863493,45
407,0.1871042072330397,45
408,0.24859234576257616,45
409,0.568543005664445,45
410,0.5063278617101705,45
411,0.2776241347253438,45
412,0.3267923021545419,45
413,0.21473772850664877,45
414,0.29400718005158666,45
415,0.3448142500052028,45
416,0.1998191051371916,45
417,0.4308763864616045,45
418,0.2357782751302785,45
419,0.31740280201807425,45
420,0.21069256249393714,45
421,0.4327242938895714,45
422,0.23505654041306343,45
423,0.3246469189350532,45
424,0.5428449552187682,45
425,0.29974708352172064,45
426,0.2617275602952498,45
427,0.1987815530725265,45
428,0.4580802850682963,45
429,0.35506866991479535,45
430,0.4540981837298731,45
431,0.42900239979834576,45
432,0.36689426856896884,45
433,0.36320286391353,45
434,0.34180387587695643,45
435,0.48876763083659625,45
436,0.5943379361736854,45
437,0.28938929429578936,45
438,0.4172071069685703,45
439,0.20929275797929298,45
440,0.28386161343177385,45
441,0.18465446306402483,45
442,0.37557915595815367,45
443,0.384084118704721,45
444,0.3387822425976658,45
445,0.3956894054187343,45
446,0.2642143366183149,45
447,0.3972016150856838,45
448,0.31717278804419935,45
449,0.2547428712644965,45
450,0.24264580043877298,45
451,0.18733456995050257,45
452,0.3135667188078364,45
453,0.34406811653200164,45
454,0.3457633009542538,45
455,0.29198590519838424,45
456,0.5034384111659547,45
457,0.3074015658796859,45
458,0.5218365903371787,45
459,0.3952353935174353,45
460,0.24257558000569487,45
461,0.06547376598976186,45
462,0.29623845223531153,45
463,0.5174270809120051,45
464,0.21391620633261674,45
465,0.1896732979107501,45
466,0.389807258350738,45
467,0.28899404495128145,45
468,0.21349361366882647,45
469,0.22886806809029756,45
470,0.35870189014183435,45
471,0.34803860476212484,45
472,0.4448672854356131,45
473,0.23941138404812637,45
474,0.32903099082870363,45
475,0.3562244739862572,45
476,0.26130932958379116,45
477,0.3583524041534031,45
478,0.32302598382265707,45
479,0.3206851406982272,45
480,0.2046833675837618,45
481,0.342929436749731,45
482,0.35020148214438174,45
483,0.4766465661484818,45
484,0.26262398171454704,45
485,0.648883676709764,45
486,0.4844986487898366,45
487,0.4218681861952162,45
488,0.23211675903337672,45
489,0.36235759694250247,45
490,0.35849543694011393,45
491,0.41263961419319234,45
492,0.30902928663177887,45
493,0.2787031276620291,45
494,0.5192473348360456,45
495,0.3045397551108327,45
496,0.13838810965379755,45
497,0.6071165791039188,45
498,0.3927721918971456,45
499,0.3211419236843274,45
500,0.5045603449801349,45
501,0.282924940155923,45
502,0.263927367675541,45
503,0.29144105609204823,45
504,0.34287357369860083,45
505,0.41042359967156583,45
506,0.3798615575022184,45
507,0.43676385228727327,45
508,0.37883060905184235,45
509,0.28959942598189886,45
510,0.26112063096693805,45
511,0.298553738232539,45
512,0.30965813997832153,45
513,0.22392794208927486,45
514,0.36020509967560793,45
515,0.32886481931666484,45
516,0.35263534014244685,45
517,0.40883336066378945,45
518,0.21319685482434825,45
519,0.24862132785032243,45
520,0.2663305539187965,45
521,0.15384751731833857,45
522,0.26629935569752505,45
523,0.14051877217755826,45
524,0.45874380337981846,45
525,0.21814029657821235,45
526,0.2941346622876573,45
527,0.46761061471706156,45
528,0.4127183107785374,45
529,0.38700758480637354,45
530,0.4255218898662229,45
531,0.1504553141141667,45
532,0.2090648424614269,45
533,0.3381354257784861,45
534,0.3068971972335186,45
535,0.17310815076885847,45
536,0.20796026640756074,45
537,0.27694529693191977,45
538,0.23547412229880188,45
539,0.27929086024559163,45
540,0.27912832072900995,45
541,0.5525236304529989,45
542,0.38241795883932733,45
543,0.24956223910072406,45
544,0.329226816913862,45
545,0.38016794493446104,45
546,0.3223726713580364,45
547,0.26297959803779636,45
548,0.30947330556409636,45
549,0.39607563468709095,45
550,0.3537529113830305,45
551,0.24233228304745683,45
552,0.4744118367335254,45
553,0.43916903303876476,45
554,0.3210663874364283,45
555,0.3633995682011996,45
556,0.313160888243878,45
557,0.44914034367974054,45
558,0.2814495477628807,45
559,0.4499215642658975,45
560,0.5390896150449711,45
561,0.2626849050907736,45
562,0.30861404012872246,45
563,0.3207340498967361,45
564,0.369102333052401,45
565,0.49074822710613286,45
566,0.36215545799346244,45
567,0.38938227119728713,45
568,0.28044429729271997,45
569,0.3182627988530698,45
570,0.5163954762422196,45
571,0.20756181329602544,45
572,0.24206780390347107,45
573,0.1581662691852203,45
574,0.35471127224745996,45
575,0.2037057659980044,45
576,0.289346924871073,45
577,0.255828194635852,45
578,0.31373676624027413,45
579,0.20647959719322123,45
580,0.3881475415037762,45
581,0.2924622623987206,45
582,0.4284786396571458,45
583,0.2818339827925643,45
584,0.30536266941604756,45
585,0.3445718957040177,45
586,0.17480158404123908,45
587,0.2920860898994688,45
588,0.4117380470882214,45
589,0.16040691118589842,45
590,0.34828193263375407,45
591,0.468953277550484,45
592,0.21717643259904595,45
593,0.1485395329347616,45
594,0.2848178825143062,45
595,0.3122936948171232,45
596,0.21979916487883713,45
597,0.21001818012520188,45
598,0.3632986460844576,45
599,0.243654092768845,45
600,0.26459721850279644,45
601,0.13340009178746404,45
602,0.23647195935015247,45
603,0.29992626938252803,45
604,0.18869837146743831,45
605,0.32235288651313726,45
606,0.2060225474790945,45
607,0.21802570287750278,45
608,0.18118302612793108,45
609,0.30524087974595815,45
610,0.5330834758987351,45
611,0.28407973070015863,45
612,0.19287633181565317,45
613,0.5000637072467826,45
614,0.14041115331426432,45
615,0.266095811122602,45
616,0.3363203841927479,45
617,0.4680222361213586,45
618,0.23709917493487356,45
619,0.20972460315475322,45
620,0.5846283668639161,45
621,0.2231214329069876,45
622,0.36085696536015327,45
623,0.31248577874712946,45
624,0.5624453897050933,45
625,0.23802396581255328,45
626,0.29945572480742294,45
627,0.2453536054376034,45
628,0.25644336130453593,45
629,0.34373240408959116,45
630,0.31555896816316886,45
631,0.23940660383767098,45
632,0.237739413723795,45
633,0.15372042234775854,45
634,0.23223824926661046,45
635,0.2719046934110646,45
636,0.32637675280371964,45
637,0.32775295838096186,45
638,0.32019733843183285,45
639,0.3398188021944264,45
640,0.29770737517071494,45
641,0.2295743503556105,45
642,0.5111968530725819,45
643,0.3444510183659711,45
644,0.2843787226441883,45
645,0.18667618035933475,45
646,0.37521799018822166,45
647,0.18607510156152093,45
648,0.15187425500179833,45
649,0.3011360936321131,45
650,0.417673704561023,45
651,0.314031705889666,45
652,0.4670974321549033,45
653,0.2134134515887662,45
654,0.23642425806113007,45
655,0.19425099079869707,45
656,0.42649541763619137,45
657,0.42236336683071246,45
658,0.6742769129242563,45
659,0.5435503752545234,45
660,0.49188165571140774,45
661,0.33539797803431326,45
662,0.24304295699491518,45
663,0.2971656568458886,45
664,0.3478606873379569,45
665,0.2574432383772961,45
666,0.23475157683941042,45
667,0.2253980019799971,45
668,0.27485302843180504,45
669,0.1914039031736026,45
670,0.3663792067061495,45
671,0.39514429413082225,45
672,0.3499973924828702,45
673,0.25185219986677326,45
674,0.396773522005261,45
675,0.38872431006283426,45
676,0.3410224363221521,45
677,0.4893416729432055,45
678,0.3966783143386777,45
679,0.14090936707368673,45
680,0.4243971912758582,45
681,0.2487012832278354,45
682,0.18813493684827615,45
683,0.31170573019541026,45
684,0.30747067547470336,45
685,0.3712515823553505,45
686,0.25790780653918344,45
687,0.4446184526322951,45
688,0.272070465930383,45
689,0.3232123452782574,45
690,0.2397892519999872,45
691,0.3786702687444251,45
692,0.32013316233073846,45
693,0.29277232643710993,45
694,0.22353424878852546,45
695,0.29609739516270994,45
696,0.5569366069915799,45
697,0.43295166041427313,45
698,0.24759033125972202,45
699,0.3835456252553713,45
700,0.22934475129332535,45
701,0.3544380587151421,45
702,0.329462752641666,45
703,0.6633912446472838,45
704,0.31858692502254343,45
705,0.3550740738134138,45
706,0.2646401945434277,45
707,0.2783665043936079,45
708,0.6287344146281347,45
709,0.25995326600029,45
710,0.23314265000234155,45
711,0.09710676782311241,45
712,0.18018747075140426,45
713,0.5691791367968335,45
714,0.2125532547648165,45
715,0.252159696076321,45
716,0.20883307492765005,45
717,0.36045975803477187,45
718,0.3279919031952882,45
719,0.4164797246999693,45
720,0.26746378245284075,45
721,0.29604858329875966,45
722,0.47466676646753253,45
723,0.41000482056840964,45
724,0.2452146269383286,45
725,0.30567627405726394,45
726,0.5515710439448572,45
727,0.2897207995101807,45
728,0.2725786353240012,45
729,0.397783686899989,45
730,0.3104616588742016,45
731,0.29387944556468765,45
732,0.2789167638715334,45
733,0.5586022020871265,45
734,0.1669634899336287,45
735,0.24184291245477607,45
736,0.19900061729499544,45
737,0.17490023244209466,45
738,0.1491410332171748,45
739,0.39901645139811004,45
740,0.3604860631971366,45
741,0.4318159960219037,45
742,0.3314967525654054,45
743,0.165806464777802,45
744,0.36766479610009456,45
745,0.41577664036510836,45
746,0.413179200635052,45
747,0.21239782635950377,45
748,0.1731634469324897,45
749,0.273229165894582,45
750,0.22884182272355041,45
751,0.14220003108880513,45
752,0.31809602697081163,45
753,0.2448336119244972,45
754,0.21032852339642022,45
755,0.46958545366158744,45
756,0.2477336327642041,45
757,0.26741459441082116,45
758,0.24253903237940466,45
759,0.2883575891704021,45
760,0.1636227496675007,45
761,0.2620305485540641,45
762,0.2382863018325806,45
763,0.24816674882688675,45
764,0.47450519122500323,45
765,0.36597442737736596,45
766,0.27395533307985054,45
767,0.19005493660775122,45
768,0.24028260320790756,45
769,0.5318446499701035,45
770,0.35030789057303635,45
771,0.3514036386889303,45
772,0.37603485553371774,45
773,0.2738778326130286,45
774,0.3713937176180627,45
775,0.4853634049229801,45
776,0.12330064157188893,45
777,0.32663661763969304,45
778,0.30272308980270624,45
779,0.46688311263023896,45
780,0.4627804068565406,45
781,0.4793606989923884,45
782,0.3138234443017535,45
783,0.5507381097482822,45
784,0.5075045139213057,45
785,0.3862533255012916,45
786,0.2589894248050139,45
787,0.30706038374462147,45
788,0.09712532204958717,45
789,0.3567785410493723,45
790,0.5478558943293242,45
791,0.2688715364295347,45
792,0.3806913354249902,45
793,0.2283524393324947,45
794,0.3412836291004481,45
795,0.18697288426634529,45
796,0.3343022308034268,45
797,0.5681827923373818,45
798,0.29694604420370885,45
799,0.41053586278774734,45
800,0.43421952834880767,45
801,0.6166536728922206,45
802,0.6634865939213769,45
803,0.5361243365441268,45
804,0.30127338069750487,45
805,0.32864256268728925,45
806,0.2645889557719696,45
807,0.3627564405800208,45
808,0.2324481363563315,45
809,0.43709218901887903,45
810,0.3633151697575494,45
811,0.4903440200941451,45
812,0.5652119932313172,45
813,0.41111445981795736,45
814,0.44557173652093934,45
815,0.17661300878008046,45
816,0.5232575816283963,45
817,0.33122948086487825,45
818,0.14377547592201873,45
819,0.41802566270617186,45
820,0.32951318118671824,45
821,0.4234774877365408,45
822,0.27817548687106003,45
823,0.3378747570732857,45
824,0.1919880216344238,45
825,0.4001549268512561,45
826,0.443039907720417,45
827,0.3361876667383148,45
828,0.27647374673045894,45
829,0.12160639538597999,45
830,0.40047629762127346,45
831,0.23882791377247814,45
832,0.3237030002491991,45
833,0.2917015403118336,45
834,0.24491708503537188,45
835,0.33916975676774147,45
836,0.19036925033129964,45
837,0.33733622696486293,45
838,0.3068408491237052,45
839,0.24155696981339747,45
840,0.28895353896662546,45
841,0.4528089017840917,45
842,0.41209436416892753,45
843,0.31633197059636164,45
844,0.2298257043292328,45
845,0.24145942811116783,45
846,0.24660346697786148,45
847,0.4062438558735855,45
848,0.35413169308797715,45
849,0.27107214212349184,45
850,0.15749339222324335,45
851,0.26604536337027784,45
852,0.22183569839088926,45
853,0.625457912994145,45
854,0.20664584586807533,45
855,0.49185824836300657,45
856,0.1820149069862756,45
857,0.5300914215257044,45
858,0.21613886361536253,45
859,0.5993145877203852,45
860,0.28679893062067885,45
861,0.33841482408226864,45
862,0.3264228813833677,45
863,0.47867614151139054,45
864,0.2438885560242165,45
865,0.26719879189461826,45
866,0.7267308536873758,45
867,0.6300635560538944,45
868,0.4278283985477161,45
869,0.3600594984008654,45
870,0.23463349302907305,45
871,0.42468911456304836,45
872,0.18504395146260713,45
873,0.4568513480687502,45
874,0.15468932703694177,45
875,0.39475594187028695,45
876,0.3935994688775919,45
877,0.10209575478226231,45
878,0.6553976279580149,45
879,0.21659248458214395,45
880,0.2743394273874037,45
881,0.379336040029403,45
882,0.3741630970959855,45
883,0.37551825677339123,45
884,0.5317349215948303,45
885,0.31889088059415294,45
886,0.317021998266591,45
887,0.3092125661443786,45
888,0.5127893006420409,45
889,0.43869225640307824,45
890,0.3495805647270238,45
891,0.2967010132226386,45
892,0.4721798600439388,45
893,0.34933675717327856,45
894,0.5130149373827536,45
895,0.24619556751773372,45
896,0.4921032301823628,45
897,0.37091414069174405,45
898,0.3107578808524668,45
899,0.2532711923686415,45
900,0.29111617732998063,45
901,0.3049418304708496,45
902,0.11268186258032788,45
903,0.36897471630755524,45
904,0.47577406197579974,45
905,0.2572470064880927,45
906,0.1358550256931212,45
907,0.4737527806789951,45
908,0.2617226959368192,45
909,0.15342787690901807,45
910,0.17821865360886469,45
911,0.2671576681893155,45
912,0.2595484147895323,45
913,0.3608239786141159,45
914,0.45661602903433585,45
915,0.20300290811270208,45
916,0.23562813507041183,45
917,0.3311825351328212,45
918,0.4573021703116871,45
919,0.5239578528467418,45
920,0.21648786270760456,45
921,0.2765814689925491,45
922,0.1098108148176393,45
923,0.16587162689057805,45
924,0.5984341325470762,45
925,0.3685542305737585,45
926,0.2976378536949602,45
927,0.21233725575458706,45
928,0.45410229900651355,45
929,0.27053897875462024,45
930,0.3248491086607513,45
931,0.2155102070809926,45
932,0.4428000128976523,45
933,0.4928191674596965,45
934,0.2442140646678004,45
935,0.35218847884591226,45
936,0.38117708380963855,45
937,0.2849349344623688,45
938,0.2595011054912035,45
939,0.15111736041360857,45
940,0.24439919636652385,45
941,0.21256220800629155,45
942,0.30153500848485104,45
943,0.19107049720956618,45
944,0.31527968063326894,45
945,0.3251302912199188,45
946,0.27064931791752445,45
947,0.34271412869055856,45
948,0.45665998141711894,45
949,0.29797411414713143,45
950,0.30180747884260134,45
951,0.3026592559574015,45
952,0.22501042502196175,45
953,0.29366507290998556,45
954,0.3271324991984113,45
955,0.419144837365082,45
956,0.2620628888151033,45
957,0.31043649750673535,45
958,0.6184459001983573,45
959,0.26924946157453483,45
960,0.4594148253683538,45
961,0.17474884111423272,45
962,0.30351566375245553,45
963,0.3219797659403758,45
964,0.45538984642432917,45
965,0.40048715883906755,45
966,0.15499042062842452,45
967,0.2933093093914487,45
968,0.3812104430254589,45
969,0.16908638276360227,45
970,0.192784177806924,45
971,0.3568993279091646,45
972,0.36295371597188436,45
973,0.23709225464087824,45
974,0.34473513240109394,45
975,0.2677396687891283,45
976,0.14277228702303685,45
977,0.37685386179391855,45
978,0.48153867985285603,45
979,0.3002258562049034,45
980,0.41012177768249275,45
981,0.4191538943942849,45
982,0.43376088333179685,45
983,0.22278082598155005,45
984,0.21582783363302022,45
985,0.28346496918257835,45
986,0.32419681383599186,45
987,0.31414746008739336,45
988,0.1361502697947503,45
989,0.28855987264233185,45
990,0.4154734118667205,45
991,0.3486758417978293,45
992,0.2503650004275245,45
993,0.23322509642276693,45
994,0.40857949513739905,45
995,0.21949164384986325,45
996,0.3420486234162289,45
997,0.2302666128557413,45
998,0.34421924608253635,45
999,0.6069736954761114,45
1000,0.6612371203675556,45
1001,0.18233230903470315,45
1002,0.35325047187057995,45
1003,0.1664575984276466,45
1004,0.4039788824586748,45
1005,0.4388593445125394,45
1006,0.2914345212053632,45
1007,0.2384192540327305,45
1008,0.2503855098579084,45
1009,0.5587078282863724,45
1010,0.29870054632390414,45
1011,0.2780238531087331,45
1012,0.24282583140100933,45
1013,0.32687935922212213,45
1014,0.3769352107573951,45
1015,0.27014746336932094,45
1016,0.3361647936262432,45
1017,0.3702499476736647,45
1018,0.31079937298829763,45
1019,0.26344712444154816,45
1020,0.5519255051622204,45
1021,0.20189571802802186,45
1022,0.24857826394428423,45
1023,0.507166793756832,45
1024,0.1415984008097019,45
1025,0.19636989985697578,45
1026,0.3862623459385294,45
1027,0.34704244867597633,45
1028,0.17475013752347468,45
1029,0.5921506226820239,45
1030,0.30992835431790844,45
1031,0.40091615371250683,45
1032,0.1816585436379703,45
1033,0.1759854123320505,45
1034,0.3413795136140952,45
1035,0.34086828122430496,45
1036,0.36607354386368124,45
1037,0.3729316640230001,45
1038,0.3369684240492037,45
1039,0.1945606673924802,45
1040,0.3092776366006606,45
1041,0.25133774606609355,45
1042,0.27409953134105597,45
1043,0.2505120445568936,45
1044,0.25143207405442747,45
1045,0.2625291398634329,45
1046,0.31276705612888883,45
1047,0.3941750219824622,45
1048,0.18647971291911566,45
1049,0.4653562983979494,45
1050,0.40639819127027127,45
1051,0.4924043216363721,45
1052,0.35801334371968424,45
1053,0.4198163848436118,45
1054,0.40011986214804146,45
1055,0.3371025873744945,45
1056,0.37476202004690434,45
1057,0.6218804991751856,45
1058,0.19762973517753232,45
1059,0.18970514252297355,45
1060,0.21751115368296173,45
1061,0.4350436663557269,45
1062,0.37684485836819237,45
1063,0.22938241022059652,45
1064,0.4351813863135082,45
1065,0.4160632190195901,45
1066,0.39082234533418486,45
1067,0.44674450773551744,45
1068,0.25697628624300967,45
1069,0.3055518897746645,45
1070,0.37774180447586625,45
1071,0.16137785224805432,45
1072,0.25507753748246087,45
1073,0.26855652320075385,45
1074,0.2663480499645593,45
1075,0.3700651203475694,45
1076,0.3267937677134534,45
1077,0.29738999722314524,45
1078,0.1658141846047568,45
1079,0.23837668612826812,45
1080,0.24999051083734866,45
1081,0.48987263253463487,45
1082,0.5061234722834033,45
1083,0.4906347179144113,45
1084,0.31106856235975744,45
1085,0.35264032110470067,45
1086,0.2980177970668494,45
1087,0.3242449954043083,45
1088,0.5536482064218198,45
1089,0.32592643762971,45
1090,0.2912236419611123,45
1091,0.4837385453425819,45
1092,0.42744797163039644,45
1093,0.32684925958563343,45
1094,0.3796156097663945,45
1095,0.44911479901468787,45
1096,0.2611059103072742,45
1097,0.21598507121526428,45
1098,0.6157568822303126,45
1099,0.24928187212533648,45
1100,0.44446500880069045,45
1101,0.24876065487492863,45
1102,0.4755334746139343,45
1103,0.35747756884088466,45
1104,0.3606893736136104,45
1105,0.28283408450951186,45
1106,0.42625395793730964,45
1107,0.2658775484965806,45
1108,0.4657923823216445,45
1109,0.23758501132298343,45
1110,0.4689196103520661,45
1111,0.29389048800995266,45
1112,0.4936230867065449,45
1113,0.2121226849362457,45
1114,0.23106088906869718,45
1115,0.23770683983229518,45
1116,0.28286283361384973,45
1117,0.25706651848760975,45
1118,0.3123468601780513,45
1119,0.2907147543561776,45
1120,0.3916420874337079,45
1121,0.1192423213595689,45
1122,0.4139774488730117,45
1123,0.20143017788239911,45
1124,0.43714466732592067,45
1125,0.22269047512564263,45
1126,0.31799721532212977,45
1127,0.40684025532869905,45
1128,0.17380225964216198,45
1129,0.3782724671453614,45
1130,0.38323654813959945,45
1131,0.4661865529395206,45
1132,0.1238406954126518,45
1133,0.20284011881429484,45
1134,0.22501688994415123,45
1135,0.41556717053071013,45
1136,0.290206384235698,45
1137,0.16941086432741528,45
1138,0.16349182252507927,45
1139,0.23234699858072227,45
1140,0.3017252883654186,45
1141,0.2601209813304588,45
1142,0.3590181909327364,45
1143,0.3493781119661727,45
1144,0.15356651967391338,45
1145,0.38821173905217904,45
1146,0.1899241147268137,45
1147,0.3193024312441675,45
1148,0.43966343621268833,45
1149,0.3090111710400776,45
1150,0.23857329371144173,45
1151,0.45403354309669963,45
1152,0.3086985207274273,45
1153,0.376853527250337,45
1154,0.37997678427167975,45
1155,0.385726127334741,45
1156,0.21408836559129682,45
1157,0.24706745969587035,45
1158,0.5881890761184453,45
1159,0.18116193680682066,45
1160,0.29974416674155674,45
1161,0.10039729008070165,45
1162,0.29830365981717893,45
1163,0.4946089321368348,45
1164,0.41367427681545765,45
1165,0.2667349314360881,45
1166,0.26166034005936006,45
1167,0.41215233495544945,45
1168,0.30994875887857914,45
1169,0.25811635844415065,45
1170,0.37760418134973744,45
1171,0.3191328026300798,45
1172,0.3713598365168373,45
1173,0.2737047474030966,45
1174,0.18779749721852568,45
1175,0.31018726017126563,45
1176,0.34877268673898193,45
1177,0.4456011325038638,45
1178,0.33167538216234305,45
1179,0.3179728548460692,45
1180,0.2048186141646826,45
1181,0.35694060935134897,45
1182,0.17243476061834032,45
1183,0.4989397484661682,45
1184,0.4564869067647785,45
1185,0.1414061813192369,45
1186,0.29479307734485977,45
1187,0.2076234768834389,45
1188,0.1701290665435553,45
1189,0.24859456591948031,45
1190,0.32678423829703035,45
1191,0.5323481456814793,45
1192,0.38312794681846724,45
1193,0.2086073341506795,45
1194,0.37237841510490133,45
1195,0.353490772857971,45
1196,0.2600895227179334,45
1197,0.464753614851254,45
1198,0.4275514909293181,45
1199,0.5637157832326914,45
1200,0.3088436429279923,45
1201,0.2865041702497263,45
1202,0.28476492619621874,45
1203,0.2952482906387658,45
1204,0.4029686946075524,45
1205,0.19735989695375825,45
1206,0.4237614316786558,45
1207,0.7732647384821296,45
1208,0.36672625891634664,45
1209,0.5224049703543291,45
1210,0.2818959457060386,45
1211,0.20757923101875958,45
1212,0.2815989757184403,45
1213,0.4550914448529081,45
1214,0.417820839774281,45
1215,0.27264785083930554,45
1216,0.2905813400861409,45
1217,0.5052315974869751,45
1218,0.24981841574242714,45
1219,0.3495560215520666,45
1220,0.24638325070068398,45
1221,0.2823823813371155,45
1222,0.3761637894897799,45
1223,0.26297302696460806,45
1224,0.2817585122480904,45
1225,0.40189064670282,45
1226,0.5416887621851809,45
1227,0.37580392551108005,45
1228,0.32928338478332303,45
1229,0.3098596057137501,45
1230,0.45276657641449297,45
1231,0.6975257270909447,45
1232,0.45005038106589473,45
1233,0.3597007846521104,45
1234,0.3303317645451608,45
1235,0.3164996680445947,45
1236,0.3748539359860581,45
1237,0.37761661819823744,45
1238,0.3984529306368385,45
1239,0.24058082423695631,45
1240,0.20560345303168145,45
1241,0.3256085446754092,45
1242,0.4554950427747361,45
1243,0.589968971804721,45
1244,0.16762598685248656,45
1245,0.2386523976327729,45
1246,0.3779683908926276,45
1247,0.4689658009494864,45
1248,0.2722363278155117,45
1249,0.24776224203600797,45
1250,0.223284588131781,45
1251,0.26067288718346177,45
1252,0.3568742545259664,45
1253,0.5149030795957333,45
1254,0.3927293668432334,45
1255,0.2931941962149819,45
1256,0.28541015940922887,45
1257,0.41536309079258027,45
1258,0.5922243752262079,45
1259,0.2759612348394632,45
1260,0.3051836750292551,45
1261,0.2528476393322591,45
1262,0.29058436669318766,45
1263,0.2944661173683981,45
1264,0.2597081238011248,45
1265,0.23897427646691535,45
1266,0.20626825163427576,45
1267,0.31070347316248714,45
1268,0.23508822895941475,45
1269,0.3256874432737955,45
1270,0.25267210180039984,45
1271,0.38504904234298554,45
1272,0.2908241464942084,45
1273,0.20865422695359864,45
1274,0.290114232779649,45
1275,0.2840639145138698,45
1276,0.5631940399356694,45
1277,0.3678995819899656,45
1278,0.492373997508097,45
1279,0.28166994266436646,45
1280,0.16213313752179886,45
1281,0.4780145397386777,45
1282,0.3788033355373973,45
1283,0.2427551369410287,45
1284,0.1467786435311985,45
1285,0.1930800960744218,45
1286,0.2268477952769408,45
1287,0.17835204215903555,45
1288,0.42745053053667564,45
1289,0.3049818192484833,45
1290,0.23892177809384288,45
1291,0.31686725855809883,45
1292,0.29336714418541,45
1293,0.23423214269497247,45
1294,0.2862350378530302,45
1295,0.15951210649929892,45
1296,0.46638229657386737,45
1297,0.46267851640982277,45
1298,0.22600752993564172,45
1299,0.44379844837746796,45
1300,0.36599358044883445,45
1301,0.2922718686988355,45
1302,0.23643356497290055,45
1303,0.5369162374326458,45
1304,0.38358183954772745,45
1305,0.28082077208412215,45
1306,0.29580700469805177,45
1307,0.347662822764788,45
1308,0.3213150120992531,45
1309,0.35982915590751463,45
1310,0.5055307022923214,45
1311,0.2786143497935135,45
1312,0.2540169909043094,45
1313,0.20886288170479636,45
1314,0.7247313716878937,45
1315,0.2443243093557072,45
1316,0.28312137948948407,45
1317,0.26422839529777514,45
1318,0.3960033826155057,45
1319,0.4795697335160937,45
1320,0.3388044087797627,45
1321,0.4149322248498562,45
1322,0.2914797835475859,45
1323,0.25422973309586605,45
1324,0.3708231011036597,45
1325,0.32505796357061756,45
1326,0.38701716237867506,45
1327,0.18740621720718859,45
1328,0.15897954213471624,45
1329,0.2539557756571615,45
1330,0.3998374397818223,45
1331,0.3716372832903909,45
1332,0.21268395144178467,45
1333,0.4200256852924698,45
1334,0.25033406681308856,45
1335,0.2546057734262494,45
1336,0.17618098345191435,45
1337,0.4223236961612934,45
1338,0.33216924709032863,45
1339,0.24079086344784623,45
1340,0.1957680557350986,45
1341,0.3308360342649776,45
1342,0.35973016555762827,45
1343,0.2620600293090424,45
1344,0.18988140652970623,45
1345,0.38354483838151554,45
1346,0.33030057100447596,45
1347,0.5252792163136992,45
1348,0.47725262589163964,45
1349,0.2455844139654037,45
1350,0.6127301889687365,45
1351,0.2032172176467351,45
1352,0.23770594890793803,45
1353,0.29137181131881124,45
1354,0.48698548516123585,45
1355,0.2937248720842692,45
1356,0.31702603231353405,45
1357,0.2340154737786092,45
1358,0.18483522776763392,45
1359,0.239217390008029,45
1360,0.23963607615959173,45
1361,0.22533297479861197,45
1362,0.3619483952125886,45
1363,0.22307987476584393,45
1364,0.3338245467735751,45
1365,0.3410722887469018,45
1366,0.31510818792984174,45
1367,0.3465025022352367,45
1368,0.39825337029020136,45
1369,0.1770465590648777,45
1370,0.2080154072712023,45
1371,0.4380230641063665,45
1372,0.2960694834494336,45
1373,0.35654150369513116,45
1374,0.16928208610404893,45
1375,0.5532938130039583,45
1376,0.27378798188439146,45
1377,0.4341924033192472,45
1378,0.21117859980820883,45
1379,0.2657567683671489,45
1380,0.3227064351673395,45
1381,0.33086052953807255,45
1382,0.2843670229570093,45
1383,0.35232381524994233,45
1384,0.3379152057611057,45
1385,0.29337738813336245,45
1386,0.20520632430815866,45
1387,0.3306140781200215,45
1388,0.46876252313033917,45
1389,0.3944057167787237,45
1390,0.287213538639501,45
1391,0.25251899381896287,45
1392,0.40701570912916846,45
1393,0.32439697210066626,45
1394,0.301367497757459,45
1395,0.3892061309834143,45
1396,0.4274439609998366,45
1397,0.5468179268294268,45
1398,0.6153840148043052,45
1399,0.21051434161052573,45
1400,0.35578293063770744,45
1401,0.2989755501668788,45
1402,0.3562565810106651,45
1403,0.5369638109867996,45
1404,0.3181995833751235,45
1405,0.48523030131360395,45
1406,0.3916023245352128,45
1407,0.3401556157340725,45
1408,0.3334499416882166,45
1409,0.6038081367549971,45
1410,0.3802906405267052,45
1411,0.36845310422742145,45
1412,0.4575142475239201,45
1413,0.23837249263239538,45
1414,0.15266346164500397,45
1415,0.30260552865255264,45
1416,0.2310351749750455,45
1417,0.21986759273786138,45
1418,0.26291586349820995,45
1419,0.4528381962864721,45
1420,0.3767149714931199,45
1421,0.3118585776614668,45
1422,0.2862900051990825,45
1423,0.4990837546071758,45
1424,0.3374462640313587,45
1425,0.35403022124942635,45
1426,0.12142140393247283,45
1427,0.3469167835976999,45
1428,0.2869416896818441,45
1429,0.32416192926273124,45
1430,0.4652892376943792,45
1431,0.54656950008758,45
1432,0.5171722580248427,45
1433,0.5099745853568943,45
1434,0.2978683122080421,45
1435,0.28439223119831825,45
1436,0.4157831172155727,45
1437,0.3704847008505393,45
1438,0.3122440966638951,45
1439,0.4032466196357843,45
1440,0.5928922392690513,45
1441,0.39191519998407814,45
1442,0.3621161898383503,45
1443,0.2397512768078733,45
1444,0.49947526761394984,45
1445,0.5016855430648534,45
1446,0.19640143828193607,45
1447,0.2127530214738491,45
1448,0.3093174839326337,45
1449,0.39691586449959954,45
1450,0.513287346965508,45
1451,0.37877869897397765,45
1452,0.29146398296325243,45
1453,0.17813664640611446,45
1454,0.2381562082100807,45
1455,0.45452736316906395,45
1456,0.221962821034411,45
1457,0.3237035470035827,45
1458,0.5222865192013949,45
1459,0.6135888373569537,45
1460,0.4961133054419743,45
1461,0.6815100519448349,45
1462,0.3041488827678275,45
1463,0.28229916656272747,45
1464,0.3077446898180903,45
1465,0.4133438423854062,45
1466,0.23935922127078607,45
1467,0.5063440603670489,45
1468,0.2920797171824095,45
1469,0.30085301257065705,45
1470,0.28319574697976263,45
1471,0.19544870071507278,45
1472,0.3519025360948486,45
1473,0.4278490348370461,45
1474,0.37342144482176615,45
1475,0.22875156103097707,45
1476,0.13910686854687235,45
1477,0.33521226789309705,45
1478,0.24549668769499075,45
1479,0.41250723468249106,45
1480,0.5108931845296995,45
1481,0.6648896353244182,45
1482,0.4367962533628087,45
1483,0.44330067700173903,45
1484,0.4989701774073029,45
1485,0.3942148999830373,45
1486,0.34072724682479905,45
1487,0.25907593192921496,45
1488,0.31653961552498056,45
1489,0.20796629956543902,45
1490,0.3793597764084216,45
1491,0.20191872039458686,45
1492,0.45207295906097045,45
1493,0.16670557997166735,45
1494,0.18540122005444673,45
1495,0.26421269800914576,45
1496,0.27873383910229504,45
1497,0.2697428193148698,45
1498,0.29030449784446605,45
1499,0.16237762138252426,45
1500,0.37186965326321314,45
1501,0.6303625521016828,45
1502,0.306025557801678,45
1503,0.5186858097202925,45
1504,0.3371013566088704,45
1505,0.10865393553898495,45
1506,0.3800578397785169,45
1507,0.3040838773555591,45
1508,0.17096810719434638,45
1509,0.2632670434348177,45
1510,0.42509438802727645,45
1511,0.1699073862727779,45
1512,0.5876985208386177,45
1513,0.2753329855716677,45
1514,0.25875462681936107,45
1515,0.13325890206428262,45
1516,0.4790922551555678,45
1517,0.522206477297104,45
1518,0.30657562702747254,45
1519,0.33978966429474244,45
1520,0.4578300343965896,45
1521,0.33134828419967316,45
1522,0.21520010008807908,45
1523,0.32577237916823654,45
1524,0.3924101345767394,45
1525,0.6138141757798597,45
1526,0.13902471064648736,45
1527,0.27539638739883016,45
1528,0.26964047088768106,45
1529,0.5882556591735338,45
1530,0.3439292428768753,45
1531,0.2198172192700378,45
1532,0.29248802823471853,45
1533,0.2420404693747624,45
1534,0.4444578411010248,45
1535,0.23331712042770808,45
1536,0.1738528606405347,45
1537,0.14389992107287203,45
1538,0.2521995104540478,45
1539,0.3851485325579999,45
1540,0.33780258139240893,45
1541,0.47215361365404623,45
1542,0.3600557331863723,45
1543,0.25488649338632857,45
1544,0.4650843098500991,45
1545,0.340829906950942,45
1546,0.2543407299112621,45
1547,0.26998724098188276,45
1548,0.43598562942525354,45
1549,0.4842897531020135,45
1550,0.361591255628494,45
1551,0.21940653770590937,45
1552,0.30841778118272695,45
1553,0.30584698207464855,45
1554,0.3669834258952159,45
1555,0.6075193226884054,45
1556,0.33653834646731623,45
1557,0.47776055106174964,45
1558,0.2906266716847828,45
1559,0.4505136827037705,45
1560,0.2528081494553816,45
1561,0.24546285281864963,45
1562,0.18329587138290987,45
1563,0.19793235098149045,45
1564,0.3805443347947363,45
1565,0.10378591655925375,45
1566,0.2686920785025434,45
1567,0.2817667447837537,45
1568,0.2612992583987952,45
1569,0.37087580023194744,45
1570,0.2025750372497302,45
1571,0.2999769331546833,45
1572,0.3516560895322337,45
1573,0.29043213549593194,45
1574,0.4197936506427421,45
1575,0.27014294385910514,45
1576,0.4368444882682925,45
1577,0.2462391944714351,45
1578,0.34097391338843364,45
1579,0.23832532185168015,45
1580,0.17153467698253724,45
1581,0.2016783837548452,45
1582,0.40616000017564563,45
1583,0.37543539424271094,45
1584,0.25647271926979953,45
1585,0.49288285717404484,45
1586,0.5259075591642642,45
1587,0.4193818146222052,45
1588,0.3271987586850871,45
1589,0.475013998530251,45
1590,0.4741872388998826,45
1591,0.5755802142342208,45
1592,0.4061911044731461,45
1593,0.5215253780519534,45
1594,0.3666154458293872,45
1595,0.2745299055887437,45
1596,0.5803504421861911,45
1597,0.20639639119647674,45
1598,0.26037485204279104,45
1599,0.44233386877065023,45
1600,0.255894459967881,45
1601,0.2934530129896078,45
1602,0.4305062429113843,45
1603,0.2512800421540708,45
1604,0.3522290459875432,45
1605,0.3441771486123599,45
1606,0.23624571525289106,45
1607,0.11907486451074038,45
1608,0.4780192023103899,45
1609,0.35732264811743103,45
1610,0.23125434107534773,45
1611,0.4465565426484967,45
1612,0.2116205688726354,45
1613,0.31012996745110144,45
1614,0.5078152498842156,45
1615,0.5823675234569788,45
1616,0.2878734074100022,45
1617,0.19593475768109658,45
1618,0.24723641044544947,45
1619,0.3535729382825285,45
1620,0.28389940194232555,45
1621,0.32659809719752864,45
1622,0.15265156616283293,45
1623,0.270883118974317,45
1624,0.3378500431591375,45
1625,0.24330542622479578,45
1626,0.3009823497718544,45
1627,0.3272069515784755,45
1628,0.4748738532646577,45
1629,0.221154385259822,45
1630,0.394444699022625,45
1631,0.2712384654364487,45
1632,0.42833257173330014,45
1633,0.3811984218238081,45
1634,0.30738439441573645,45
1635,0.25665023355558225,45
1636,0.28080004712736567,45
1637,0.3694319281645069,45
1638,0.2770564249789534,45
1639,0.2832302030368873,45
1640,0.3819189469442837,45
1641,0.26742714116666294,45
1642,0.22206174474708137,45
1643,0.13809087988975963,45
1644,0.45949962793492644,45
1645,0.2916790833415696,45
1646,0.22092001508809456,45
1647,0.3200796316320465,45
1648,0.2984948403939731,45
1649,0.3668804342318123,45
1650,0.25067091413867426,45
1651,0.4492421417004285,45
1652,0.19283904006098485,45
1653,0.5055128439036486,45
1654,0.36213101409572424,45
1655,0.37330302735829574,45
1656,0.2921047633014223,45
1657,0.21021521259866588,45
1658,0.25692315105388464,45
1659,0.6398012079171503,45
1660,0.294839858893237,45
1661,0.23716136186419068,45
1662,0.27658861804482454,45
1663,0.1882946402654116,45
1664,0.3149195957181591,45
1665,0.3374427030464603,45
1666,0.25690474610361513,45
1667,0.28914129608437744,45
1668,0.4211566312629222,45
1669,0.23546802095516345,45
1670,0.35690921752595217,45
1671,0.21607759597855225,45
1672,0.4792562667423623,45
1673,0.2108159163651965,45
1674,0.27300400153551213,45
1675,0.335541872043577,45
1676,0.6983752479404655,45
1677,0.440796569868378,45
1678,0.2580476703485566,45
1679,0.3643874224155146,45
1680,0.404960812406122,45
1681,0.25336566131676164,45
1682,0.39833891729331083,45
1683,0.531072325203432,45
1684,0.22134452723342338,45
1685,0.2071010383425317,45
1686,0.25681827436418114,45
1687,0.17583152020716514,45
1688,0.24775628923774645,45
1689,0.40766882234067986,45
1690,0.32398739354318173,45
1691,0.6257263580935082,45
1692,0.3869982223635156,45
1693,0.3947074257629195,45
1694,0.3887676212790538,45
1695,0.09826114152650575,45
1696,0.2743322856542339,45
1697,0.3435507620022004,45
1698,0.35694987938221173,45
1699,0.3115460194753091,45
1700,0.27357673981545716,45
1701,0.4063762017943529,45
1702,0.46959933221952765,45
1703,0.3066656700490954,45
1704,0.22814294197983911,45
1705,0.3114452180396913,45
1706,0.5841121483633563,45
1707,0.4221488078106543,45
1708,0.3431667912782731,45
1709,0.5505366230070545,45
1710,0.5068092339750061,45
1711,0.28876666157050324,45
1712,0.2960881949685777,45
1713,0.10586470359598628,45
1714,0.17183812271852986,45
1715,0.3685704431038754,45
1716,0.280702320640669,45
1717,0.24087249632190635,45
1718,0.47090282697479097,45
1719,0.331274603191039,45
1720,0.5231219961854644,45
1721,0.317138631296146,45
1722,0.41528558598949084,45
1723,0.2867038016928601,45
1724,0.5191229375137423,45
1725,0.3666519908084611,45
1726,0.3250645964513952,45
1727,0.5885807116791627,45
1728,0.4286014513279375,45
1729,0.22816823238269604,45
1730,0.2759118519708487,45
1731,0.19781995697171864,45
1732,0.5441668610817371,45
1733,0.19098670575583918,45
1734,0.32132497206471927,45
1735,0.2208844889258627,45
1736,0.30812694750112496,45
1737,0.1955369922102059,45
1738,0.280198684318367,45
1739,0.3846446448720579,45
1740,0.20584814314293579,45
1741,0.4944279617076552,45
1742,0.4341092740005111,45
1743,0.3127769342459595,45
1744,0.34001914606355277,45
1745,0.5005305975420921,45
1746,0.19554900577559617,45
1747,0.3340648203687748,45
1748,0.7196222778831477,45
1749,0.24922117778886738,45
1750,0.40773045788124257,45
1751,0.6379378217059378,45
1752,0.3213651167250797,45
1753,0.3541304382035187,45
1754,0.2309934733822569,45
1755,0.30367805083429567,45
1756,0.4502039866321168,45
1757,0.42491484040344013,45
1758,0.5044007220252433,45
1759,0.20570140810822174,45
1760,0.42219923834433787,45
1761,0.26781263702243446,45
1762,0.26978055083866187,45
1763,0.3704990132100864,45
1764,0.333045341854549,45
1765,0.3266548425392312,45
1766,0.4799608963890266,45
1767,0.2615749530458684,45
1768,0.4623235543072399,45
1769,0.5513704197962069,45
1770,0.23393458050947374,45
1771,0.2617801707959981,45
1772,0.518991824125924,45
1773,0.4178164264384248,45
1774,0.35317480644387095,45
1775,0.3982131399409857,45
1776,0.3153933472493474,45
1777,0.3608500808359765,45
1778,0.4445032850728389,45
1779,0.27981431499174525,45
1780,0.17911424015655178,45
1781,0.3616817784905784,45
1782,0.21429853296088097,45
1783,0.6401244774191637,45
1784,0.4791644328425934,45
1785,0.11754562131239119,45
1786,0.5016570092728788,45
1787,0.3183433014104713,45
1788,0.3097478514499606,45
1789,0.5297346768211336,45
1790,0.3062286091177307,45
1791,0.4241522678514398,45
1792,0.1978157659336494,45
1793,0.3906808390643007,45
1794,0.28140094246060704,45
1795,0.25974994339325697,45
1796,0.3507234545086334,45
1797,0.36584574875268244,45
1798,0.26935069368710235,45
1799,0.2636055502588397,45
1800,0.3560408194860419,45
1801,0.2511554811998565,45
1802,0.31908680386946,45
1803,0.2729275254167836,45
1804,0.2547942907096506,45
1805,0.32257321599437383,45
1806,0.253351042889528,45
1807,0.24115230420893216,45
1808,0.6198090905337286,45
1809,0.31826836046593654,45
1810,0.26037410526058047,45
1811,0.3578855970266906,45
1812,0.25880303565167645,45
1813,0.32362386791200215,45
1814,0.3460174485882063,45
1815,0.5798510968541012,45
1816,0.17483791147683256,45
1817,0.3158303026020969,45
1818,0.1965193436562266,45
1819,0.31905015753184013,45
1820,0.3342157098405507,45
1821,0.30758536450663515,45
1822,0.39834918204835384,45
1823,0.29021336358918204,45
1824,0.26852773488340737,45
1825,0.25379884103847544,45
1826,0.37790746265594866,45
1827,0.5080271255132212,45
1828,0.4762108589076825,45
1829,0.5030401001179052,45
1830,0.4378337799472395,45
1831,0.45912181777217,45
1832,0.3947174259706704,45
1833,0.6406524375606505,45
1834,0.3368483078098701,45
1835,0.5030293996944005,45
1836,0.14599295781425678,45
1837,0.286086979788769,45
1838,0.5276806312621737,45
1839,0.5027141879145983,45
1840,0.3054051277702102,45
1841,0.42766654600522613,45
1842,0.6007468359159185,45
1843,0.2790005388494402,45
1844,0.21403645565895552,45
1845,0.4321596879644738,45
1846,0.2145609042509738,45
1847,0.2379962973920714,45
1848,0.3752766019887835,45
1849,0.21039070564687262,45
1850,0.4812740405522509,45
1851,0.2936498361749368,45
1852,0.4634418682842859,45
1853,0.4164443945348654,45
1854,0.28346309771422645,45
1855,0.22392770669832318,45
1856,0.24440783752328168,45
1857,0.2799741579784038,45
1858,0.5023793651946242,45
1859,0.1520081946910403,45
1860,0.43597821373250856,45
1861,0.5909879805598618,45
1862,0.6398738280863887,45
1863,0.5878142898432757,45
1864,0.182756590571986,45
1865,0.6512824016205662,45
1866,0.3954006847233889,45
1867,0.3149847021670242,45
1868,0.327085366256704,45
1869,0.5503366753741569,45
1870,0.3279640543910211,45
1871,0.3497172396443193,45
1872,0.4772527175740622,45
1873,0.28266917012647563,45
1874,0.28052541168433787,45
1875,0.27519569624704593,45
1876,0.513980885015368,45
1877,0.46035176686517687,45
1878,0.3309362406946505,45
1879,0.4036187854405627,45
1880,0.5260974805750805,45
1881,0.2150542138712498,45
1882,0.4440587189960888,45
1883,0.541487188843511,45
1884,0.2580662663725181,45
1885,0.2934161056420357,45
1886,0.3749775134573058,45
1887,0.1681683604816865,45
1888,0.30601400359846576,45
1889,0.24014368530141705,45
1890,0.2476342742128255,45
1891,0.614219089194935,45
1892,0.29198553887096707,45
1893,0.385761364504485,45
1894,0.2286184037323649,45
1895,0.5373351658357546,45
1896,0.32397892216027113,45
1897,0.1807882307982178,45
1898,0.36878196598575813,45
1899,0.30427614163045447,45
1900,0.25900942118126064,45
1901,0.17163880616725244,45
1902,0.4859419130483599,45
1903,0.17033447800112056,45
1904,0.42006464251616815,45
1905,0.33559075292919,45
1906,0.18901117389915284,45
1907,0.3426843287003814,45
1908,0.21227054532252024,45
1909,0.42520370569066634,45
1910,0.23248374929172655,45
1911,0.39820425947480687,45
1912,0.38118627126042764,45
1913,0.23047062160192106,45
1914,0.37728199059743905,45
1915,0.2628074829416916,45
1916,0.25758142800491957,45
1917,0.20539199505371064,45
1918,0.49613640978426327,45
1919,0.1696592618692739,45
1920,0.46193447617353933,45
1921,0.3583896824781757,45
1922,0.2927329269754042,45
1923,0.5273857820784358,45
1924,0.2544658154140731,45
1925,0.3246695810037796,45
1926,0.25300218536166974,45
1927,0.19191867301757395,45
1928,0.2230787323937301,45
1929,0.3316894470053027,45
1930,0.20800144435401358,45
1931,0.3994345874397784,45
1932,0.24778401446376755,45
1933,0.46992786428702893,45
1934,0.23070881787892583,45
1935,0.36689426856896884,45
1936,0.3886528478136438,45
1937,0.3460201165763628,45
1938,0.40408628710445527,45
1939,0.20043582147008615,45
1940,0.18328210204931383,45
1941,0.2235184815409833,45
1942,0.26058061502782215,45
1943,0.2897202830451103,45
1944,0.16902413032943336,45
1945,0.381990863382533,45
1946,0.30210689743213176,45
1947,0.3420293075472759,45
1948,0.44736502501862707,45
1949,0.41875695364386495,45
1950,0.33412527794557206,45
1951,0.35590733273416275,45
1952,0.26457546231306245,45
1953,0.3516268201702998,45
1954,0.40380644651751973,45
1955,0.23729740800359345,45
1956,0.6235268828505546,45
1957,0.36909446911548005,45
1958,0.35161299227800136,45
1959,0.3321022788579333,45
1960,0.5024480216817383,45
1961,0.33840701810123164,45
1962,0.32656208249663576,45
1963,0.2428791676939582,45
1964,0.219645114696433,45
1965,0.14820024407227703,45
1966,0.23287352462579838,45
1967,0.22853803202510795,45
1968,0.4596514344085719,45
1969,0.2963972359975182,45
1970,0.2905812026112723,45
1971,0.47262712182886496,45
1972,0.5699356754695752,45
1973,0.2349392786289762,45
1974,0.5245899761975059,45
1975,0.23294349868175537,45
1976,0.3219370551035365,45
1977,0.5269389860760842,45
1978,0.3562101673052838,45
1979,0.3058154523351874,45
1980,0.3821952056558408,45
1981,0.3176025170568854,45
1982,0.27405010418879744,45
1983,0.31788559935084404,45
1984,0.31800220545689367,45
1985,0.2443900932347561,45
1986,0.38776117783533426,45
1987,0.34105525294500705,45
1988,0.3188589893639804,45
1989,0.2622283258931095,45
1990,0.2391994125212589,45
1991,0.40278518691635656,45
1992,0.3486841778821974,45
1993,0.27939405752226115,45
1994,0.3799728526461932,45
1995,0.1705782640317745,45
1996,0.3184042811228428,45
1997,0.14416651166542968,45
1998,0.5284137120152448,45
1999,0.34663959892318197,45
