repeat_a,repeat_b,k,mean_nn_jaccard,std_nn_jaccard_across_records
repeat_01,repeat_02,5,0.20339682539682538,0.16909457709889184
repeat_01,repeat_02,10,0.2603758566424975,0.15071514053562735
repeat_01,repeat_02,20,0.33444644640962734,0.14938931683374998
repeat_01,repeat_02,50,0.4429431549239723,0.1482227423333748
repeat_01,repeat_02,100,0.5190714462963875,0.13672315735367527
repeat_01,repeat_02,200,0.5992460077341158,0.11734174081736694
repeat_01,repeat_03,5,0.2142440476190476,0.16901601120711338
repeat_01,repeat_03,10,0.27330883048839705,0.15016166147717316
repeat_01,repeat_03,20,0.3448820813044525,0.14722255279738503
repeat_01,repeat_03,50,0.4533881790908204,0.15290666665330463
repeat_01,repeat_03,100,0.5292993507744311,0.13603526322419243
repeat_01,repeat_03,200,0.6065668752242208,0.11361809348372129
repeat_01,repeat_04,5,0.20928571428571427,0.17213484473385035
repeat_01,repeat_04,10,0.26552172157048315,0.1492631992478627
repeat_01,repeat_04,20,0.3427166871318493,0.1529108307870206
repeat_01,repeat_04,50,0.4519452067841187,0.15309241882460192
repeat_01,repeat_04,100,0.5274071816575095,0.1368307058686144
repeat_01,repeat_04,200,0.6037916773949066,0.11654670790681426
repeat_01,repeat_05,5,0.20460912698412698,0.16709208395537706
repeat_01,repeat_05,10,0.2630868409626149,0.15385638692851128
repeat_01,repeat_05,20,0.33322076146601776,0.147790258833108
repeat_01,repeat_05,50,0.43792350439375516,0.15078428312436065
repeat_01,repeat_05,100,0.5145662830352287,0.1389129908936781
repeat_01,repeat_05,200,0.5921598053814748,0.11855082893141387
repeat_01,repeat_06,5,0.19289285714285714,0.15726202936154274
repeat_01,repeat_06,10,0.24653935877503988,0.14442773522410782
repeat_01,repeat_06,20,0.3193706889372991,0.14559717497672067
repeat_01,repeat_06,50,0.4309988910535013,0.15325271029179063
repeat_01,repeat_06,100,0.5063084039811736,0.14138980449293168
repeat_01,repeat_06,200,0.5830082637238687,0.12038652819761844
repeat_01,repeat_07,5,0.19035317460317458,0.16686978317054393
repeat_01,repeat_07,10,0.2461591513491668,0.1493486458859171
repeat_01,repeat_07,20,0.3198725800366004,0.15089399893325184
repeat_01,repeat_07,50,0.4274118563614596,0.15510841960403515
repeat_01,repeat_07,100,0.5030665801124449,0.14413204514737737
repeat_01,repeat_07,200,0.579894357432815,0.1232623383824766
repeat_01,repeat_08,5,0.2034543650793651,0.1733405547346763
repeat_01,repeat_08,10,0.2609318629426988,0.15057940707827266
repeat_01,repeat_08,20,0.33241012207789844,0.15114321516308457
repeat_01,repeat_08,50,0.43689098367224616,0.15025027618907785
repeat_01,repeat_08,100,0.5102808243428337,0.13431573793240512
repeat_01,repeat_08,200,0.586886583689816,0.11666805386744254
repeat_01,repeat_09,5,0.18584325396825396,0.1568253445326578
repeat_01,repeat_09,10,0.24485970711435107,0.1457388983318455
repeat_01,repeat_09,20,0.3151313723411872,0.14661920749309187
repeat_01,repeat_09,50,0.42484291542288305,0.15499564543508382
repeat_01,repeat_09,100,0.4971879058568695,0.1422958559167099
repeat_01,repeat_09,200,0.5772226832232258,0.12535485361971982
repeat_01,repeat_10,5,0.21702579365079364,0.1734207638407967
repeat_01,repeat_10,10,0.2711262522307414,0.15239727047951104
repeat_01,repeat_10,20,0.34237004970018314,0.147850871313025
repeat_01,repeat_10,50,0.44715992657235293,0.14895973245043978
repeat_01,repeat_10,100,0.5226414713368301,0.1335030237518624
repeat_01,repeat_10,200,0.5994217876588768,0.11511028812136058
repeat_02,repeat_03,5,0.22146230158730157,0.1752064581604773
repeat_02,repeat_03,10,0.2814130864405632,0.15612307364808373
repeat_02,repeat_03,20,0.35070229275548115,0.14997950227551798
repeat_02,repeat_03,50,0.46517858919649085,0.1511521566729719
repeat_02,repeat_03,100,0.5412980124073137,0.1395172381759819
repeat_02,repeat_03,200,0.6143823040328235,0.11788356596051404
repeat_02,repeat_04,5,0.21388492063492062,0.1738479537868238
repeat_02,repeat_04,10,0.2732302399612771,0.16153524164774702
repeat_02,repeat_04,20,0.3435948139138112,0.15203384138868975
repeat_02,repeat_04,50,0.45120417576540983,0.1547657634467626
repeat_02,repeat_04,100,0.5271014904161464,0.1375489326558562
repeat_02,repeat_04,200,0.6028275510042334,0.11809512904543414
repeat_02,repeat_05,5,0.19804761904761906,0.1643979031305442
repeat_02,repeat_05,10,0.25566130597129044,0.1506899538308166
repeat_02,repeat_05,20,0.3318110077983534,0.15043843229880927
repeat_02,repeat_05,50,0.4414538314496059,0.15219215485148796
repeat_02,repeat_05,100,0.5182299086824514,0.13942114973823988
repeat_02,repeat_05,200,0.597096813265228,0.11947331353922598
repeat_02,repeat_06,5,0.2003313492063492,0.1645551487109583
repeat_02,repeat_06,10,0.25598605616949266,0.14840029957835588
repeat_02,repeat_06,20,0.3279752052000897,0.1472675591723157
repeat_02,repeat_06,50,0.4402689008452953,0.15039025828742122
repeat_02,repeat_06,100,0.5211224052532526,0.1401003911017594
repeat_02,repeat_06,200,0.5997963141871989,0.11945789233704297
repeat_02,repeat_07,5,0.19632936507936505,0.1713683866978825
repeat_02,repeat_07,10,0.24775101386401693,0.15215205353540856
repeat_02,repeat_07,20,0.3176784158803993,0.15045351756512645
repeat_02,repeat_07,50,0.4253852264356379,0.15536754662920005
repeat_02,repeat_07,100,0.5061152339729468,0.14280554889606542
repeat_02,repeat_07,200,0.5864674466441732,0.12525535482206213
repeat_02,repeat_08,5,0.2002123015873016,0.16511105321887382
repeat_02,repeat_08,10,0.2627491540537206,0.150657922109095
repeat_02,repeat_08,20,0.3327580282496752,0.1481792640196547
repeat_02,repeat_08,50,0.4363205545323264,0.1462438866321325
repeat_02,repeat_08,100,0.5124826301174138,0.1328303385360187
repeat_02,repeat_08,200,0.5894187196743449,0.11565751840632509
repeat_02,repeat_09,5,0.1902876984126984,0.16127499197443604
repeat_02,repeat_09,10,0.24856437933411615,0.1496554481166723
repeat_02,repeat_09,20,0.3182390825293913,0.15078066344778432
repeat_02,repeat_09,50,0.4279014836762866,0.15346137619344913
repeat_02,repeat_09,100,0.504709195826451,0.14233900675615677
repeat_02,repeat_09,200,0.583372206944012,0.1242014563357837
repeat_02,repeat_10,5,0.2174424603174603,0.17950447544339598
repeat_02,repeat_10,10,0.2781928920322883,0.15828972509505032
repeat_02,repeat_10,20,0.34624975301680405,0.14824881758477773
repeat_02,repeat_10,50,0.4572516366336404,0.15020937692060216
repeat_02,repeat_10,100,0.5344288290941012,0.1374661808935308
repeat_02,repeat_10,200,0.6100330650961389,0.11523553120995232
repeat_03,repeat_04,5,0.2301686507936508,0.1759641512140025
repeat_03,repeat_04,10,0.2891674588311585,0.15834017375692067
repeat_03,repeat_04,20,0.3588375505965451,0.1507203642378121
repeat_03,repeat_04,50,0.4709054739183171,0.15514458366040415
repeat_03,repeat_04,100,0.5431511854150447,0.13532769191572971
repeat_03,repeat_04,200,0.6156567856205838,0.11341577551580972
repeat_03,repeat_05,5,0.21585317460317457,0.1706191993796979
repeat_03,repeat_05,10,0.27233664868842883,0.15288449200968407
repeat_03,repeat_05,20,0.34706246858165135,0.15230111870368493
repeat_03,repeat_05,50,0.4553640910214238,0.15424686071450294
repeat_03,repeat_05,100,0.5299457435054099,0.14093872704879665
repeat_03,repeat_05,200,0.6069027320407151,0.12136256463029468
repeat_03,repeat_06,5,0.20986309523809524,0.1701659212944477
repeat_03,repeat_06,10,0.26578848641039043,0.15290787079296628
repeat_03,repeat_06,20,0.33645404501193743,0.15045404423670714
repeat_03,repeat_06,50,0.4493505484198837,0.1554563633583869
repeat_03,repeat_06,100,0.5265802527285752,0.14037830813328403
repeat_03,repeat_06,200,0.6016259571069213,0.11766036962457307
repeat_03,repeat_07,5,0.1931190476190476,0.15848393422402102
repeat_03,repeat_07,10,0.2522955319534267,0.15152924986163843
repeat_03,repeat_07,20,0.32541228109563836,0.15086108676644638
repeat_03,repeat_07,50,0.4362241849651301,0.15544069369672484
repeat_03,repeat_07,100,0.5106027917511065,0.1381708431286737
repeat_03,repeat_07,200,0.5907460668862288,0.11950999763655043
repeat_03,repeat_08,5,0.21655555555555556,0.17316839118562496
repeat_03,repeat_08,10,0.2788160847580352,0.1517387892262649
repeat_03,repeat_08,20,0.35024690478410686,0.15340551816528908
repeat_03,repeat_08,50,0.45111818078585575,0.15316315457852786
repeat_03,repeat_08,100,0.5250142326402842,0.13685905874541174
repeat_03,repeat_08,200,0.5993168794017613,0.11743430087278996
repeat_03,repeat_09,5,0.19858531746031746,0.16549618578907088
repeat_03,repeat_09,10,0.25339577411752334,0.1501910973988561
repeat_03,repeat_09,20,0.3236385772729466,0.1485235820019355
repeat_03,repeat_09,50,0.4368717632690175,0.1579101638644165
repeat_03,repeat_09,100,0.5124145365104109,0.1427087003917912
repeat_03,repeat_09,200,0.5888384159459561,0.12321190596037226
repeat_03,repeat_10,5,0.22827777777777777,0.1737979455540612
repeat_03,repeat_10,10,0.2911664312209978,0.15516657042411103
repeat_03,repeat_10,20,0.36293345760991524,0.14888819607161535
repeat_03,repeat_10,50,0.47234542377281935,0.15112058044269094
repeat_03,repeat_10,100,0.5487460209946698,0.13630279156230754
repeat_03,repeat_10,200,0.6216252306935155,0.11465055410247933
repeat_04,repeat_05,5,0.21838888888888888,0.17656896477747436
repeat_04,repeat_05,10,0.2754970353004409,0.15496036888435524
repeat_04,repeat_05,20,0.3507866098174664,0.1512461342297581
repeat_04,repeat_05,50,0.4618007947167826,0.15559380395714978
repeat_04,repeat_05,100,0.5364075963909654,0.13975121090331302
repeat_04,repeat_05,200,0.6085602243738447,0.11723163257897597
repeat_04,repeat_06,5,0.20534126984126985,0.16595435277861187
repeat_04,repeat_06,10,0.2651245148040814,0.1505474551946025
repeat_04,repeat_06,20,0.33753017044604205,0.15032699060266816
repeat_04,repeat_06,50,0.44938022996161864,0.15721938685190384
repeat_04,repeat_06,100,0.5245636907643516,0.14081577083423003
repeat_04,repeat_06,200,0.5995299817133162,0.11923783080297215
repeat_04,repeat_07,5,0.19969444444444445,0.16828231707152344
repeat_04,repeat_07,10,0.2556397239241667,0.15173849222165942
repeat_04,repeat_07,20,0.32888301229098627,0.14957960428283681
repeat_04,repeat_07,50,0.4392892199040515,0.15993542032545485
repeat_04,repeat_07,100,0.516066065439551,0.14038399308567606
repeat_04,repeat_07,200,0.5937306099603226,0.1208416872659881
repeat_04,repeat_08,5,0.20956150793650796,0.1717011400213352
repeat_04,repeat_08,10,0.2682358170725043,0.1513435162907029
repeat_04,repeat_08,20,0.3439210500666495,0.15328613280319525
repeat_04,repeat_08,50,0.44801828256483894,0.1498398450129409
repeat_04,repeat_08,100,0.5209777205996895,0.13356558184129494
repeat_04,repeat_08,200,0.595296261769423,0.11506048690337267
repeat_04,repeat_09,5,0.19618253968253968,0.16446394923330496
repeat_04,repeat_09,10,0.2543836943070689,0.15103695543279794
repeat_04,repeat_09,20,0.32244789505573634,0.15151220425904224
repeat_04,repeat_09,50,0.4342670676946633,0.15984192992567345
repeat_04,repeat_09,100,0.5062568963179448,0.1411347744297455
repeat_04,repeat_09,200,0.5832483746958508,0.123370558999505
repeat_04,repeat_10,5,0.22383531746031743,0.18189693690751876
repeat_04,repeat_10,10,0.2847298443300765,0.15755940250145214
repeat_04,repeat_10,20,0.3568816544309168,0.14993275367386086
repeat_04,repeat_10,50,0.4677387922586262,0.15568416398722923
repeat_04,repeat_10,100,0.5401623432044994,0.13752969826656225
repeat_04,repeat_10,200,0.6113190361080555,0.1159139780775219
repeat_05,repeat_06,5,0.1963293650793651,0.16713823937617994
repeat_05,repeat_06,10,0.2547082352202321,0.15135721302083688
repeat_05,repeat_06,20,0.3238565895525044,0.1477648073028907
repeat_05,repeat_06,50,0.43538777584478316,0.15665619513403037
repeat_05,repeat_06,100,0.5158152016242621,0.14478359876907437
repeat_05,repeat_06,200,0.5950033921028838,0.12535692005588783
repeat_05,repeat_07,5,0.19069642857142854,0.16535022143364392
repeat_05,repeat_07,10,0.24688453303662283,0.14855543582371256
repeat_05,repeat_07,20,0.3231903059076994,0.15080011642845031
repeat_05,repeat_07,50,0.4348979994048235,0.16064696293044375
repeat_05,repeat_07,100,0.5081361418370018,0.14331456019622857
repeat_05,repeat_07,200,0.5846447272109238,0.12072745960363239
repeat_05,repeat_08,5,0.2057678571428571,0.17177378892989556
repeat_05,repeat_08,10,0.2654762647912802,0.15524159776138824
repeat_05,repeat_08,20,0.33792462462861333,0.1541376420235064
repeat_05,repeat_08,50,0.44130730855881994,0.1540044576542237
repeat_05,repeat_08,100,0.5119827436268242,0.13711854335190324
repeat_05,repeat_08,200,0.5860120010135345,0.11659756460970387
repeat_05,repeat_09,5,0.1810496031746032,0.15533647195078684
repeat_05,repeat_09,10,0.23884634801043467,0.14795409479635788
repeat_05,repeat_09,20,0.31033081958132563,0.1505786439957133
repeat_05,repeat_09,50,0.4193672657564004,0.15860397725290482
repeat_05,repeat_09,100,0.4932230983955119,0.14416442414620745
repeat_05,repeat_09,200,0.5695737227535703,0.12512513187581306
repeat_05,repeat_10,5,0.22271825396825395,0.1790100809632749
repeat_05,repeat_10,10,0.2767544775056384,0.15560133120160433
repeat_05,repeat_10,20,0.3493721125095567,0.15041438098870863
repeat_05,repeat_10,50,0.4550680379387267,0.15331418246575124
repeat_05,repeat_10,100,0.5298110965158478,0.13953814392157315
repeat_05,repeat_10,200,0.6042997359875873,0.11772772038369764
repeat_06,repeat_07,5,0.19292460317460317,0.16338771654551548
repeat_06,repeat_07,10,0.24670520063012322,0.15022764995104979
repeat_06,repeat_07,20,0.3181433812382181,0.15019495171597316
repeat_06,repeat_07,50,0.4287939826917561,0.16034782747450527
repeat_06,repeat_07,100,0.5040553672294925,0.14450103231699582
repeat_06,repeat_07,200,0.5813072912786861,0.12345160406609056
repeat_06,repeat_08,5,0.2008511904761905,0.16671713256942214
repeat_06,repeat_08,10,0.26276704693655156,0.15139177871170997
repeat_06,repeat_08,20,0.3307412635488789,0.14741436626832335
repeat_06,repeat_08,50,0.43603434536121527,0.15341500271931008
repeat_06,repeat_08,100,0.5107348162102652,0.1374368303141944
repeat_06,repeat_08,200,0.5854875524804766,0.11769744839737413
repeat_06,repeat_09,5,0.18994642857142854,0.1674936235956465
repeat_06,repeat_09,10,0.2444962860926483,0.15232526011324474
repeat_06,repeat_09,20,0.31591714065961357,0.15249219925452018
repeat_06,repeat_09,50,0.42810285931742,0.1605868975394521
repeat_06,repeat_09,100,0.5052842144373547,0.1473263867130983
repeat_06,repeat_09,200,0.580949762707744,0.1268274662299026
repeat_06,repeat_10,5,0.20859126984126986,0.1718147245279703
repeat_06,repeat_10,10,0.268450644084158,0.15524608465469888
repeat_06,repeat_10,20,0.33684780022270094,0.14995997142123377
repeat_06,repeat_10,50,0.44485621323853297,0.15375352077762325
repeat_06,repeat_10,100,0.5218802124329193,0.1377953245300751
repeat_06,repeat_10,200,0.5987718143592708,0.11621268556970063
repeat_07,repeat_08,5,0.19879166666666667,0.16871825109189195
repeat_07,repeat_08,10,0.25375276546638775,0.15532285321027647
repeat_07,repeat_08,20,0.32040786807167587,0.15198887439045977
repeat_07,repeat_08,50,0.42256127271077804,0.15425150624768488
repeat_07,repeat_08,100,0.49619059670020865,0.13949288236714844
repeat_07,repeat_08,200,0.5728258492505611,0.12122118651795895
repeat_07,repeat_09,5,0.18916468253968252,0.16584940598046674
repeat_07,repeat_09,10,0.2377873913152551,0.1506511920567268
repeat_07,repeat_09,20,0.31065575549073904,0.15388321144841005
repeat_07,repeat_09,50,0.41940735116247285,0.1601967314335575
repeat_07,repeat_09,100,0.49535365742868276,0.14412754925488208
repeat_07,repeat_09,200,0.5751150407019615,0.12422051347204506
repeat_07,repeat_10,5,0.20400198412698411,0.16975421524019232
repeat_07,repeat_10,10,0.2591305306320786,0.14858837251843662
repeat_07,repeat_10,20,0.3352756467467873,0.1514054657147093
repeat_07,repeat_10,50,0.4403210040668782,0.15462861393823432
repeat_07,repeat_10,100,0.5150067090907642,0.13884904291040187
repeat_07,repeat_10,200,0.5933161469512009,0.11748378971317079
repeat_08,repeat_09,5,0.20190476190476186,0.16843162132021627
repeat_08,repeat_09,10,0.2564038783713706,0.1560563336532862
repeat_08,repeat_09,20,0.3284131539797668,0.15194595247220127
repeat_08,repeat_09,50,0.4347354416887573,0.15388422858804174
repeat_08,repeat_09,100,0.5047449940460005,0.1358196330116073
repeat_08,repeat_09,200,0.5815810413156765,0.1198713871253395
repeat_08,repeat_10,5,0.22396031746031747,0.17861071444179877
repeat_08,repeat_10,10,0.27829307130777714,0.15486891540062042
repeat_08,repeat_10,20,0.3496776448156725,0.15004363180681637
repeat_08,repeat_10,50,0.4505880146470236,0.14930892567528373
repeat_08,repeat_10,100,0.5252994894132678,0.1344773082197167
repeat_08,repeat_10,200,0.5984283770655363,0.11549032228150564
repeat_09,repeat_10,5,0.2030674603174603,0.1665755659491777
repeat_09,repeat_10,10,0.2585026968215823,0.15225615160981865
repeat_09,repeat_10,20,0.33013384464287904,0.14825814273318308
repeat_09,repeat_10,50,0.44092251918240133,0.15785703923354943
repeat_09,repeat_10,100,0.5144831084589665,0.14070390644360337
repeat_09,repeat_10,200,0.5903321802978412,0.12140823688423112
