model,analysis,bin_id,x_mean,y_mean,y_sem,count
main,herb_herb,0,0.027692508563189812,-0.02920392236927735,0.012286111724429357,4337
main,herb_herb,1,0.08365618341477508,-0.02698871734237882,0.011984739451071359,4337
main,herb_herb,2,0.1391820452203094,-0.027092912194063918,0.01171259185691288,4337
main,herb_herb,3,0.1940834122748777,-0.04296153454630405,0.01134981262371773,4337
main,herb_herb,4,0.24812998824905336,-0.0020717678958499367,0.011923757585826983,4337
main,herb_herb,5,0.30006722763778193,-0.009212602375086474,0.011607001338456335,4337
main,herb_herb,6,0.35170527625836523,-0.020558418891990674,0.011947824515896306,4337
main,herb_herb,7,0.40029613496642785,-0.015023072769244812,0.012065960161843485,4337
main,herb_herb,8,0.44826749932633464,-0.006686713207154149,0.011832933184973157,4337
main,herb_herb,9,0.4947345758408317,-0.01608347209753916,0.01189514813836857,4337
main,herb_herb,10,0.5391870456231196,-0.015994247995521994,0.012127171159922014,4337
main,herb_herb,11,0.5822113448027758,0.0007968583600806236,0.012076190021175541,4337
main,herb_herb,12,0.6250525736795464,0.007825564526601604,0.012138895893063446,4337
main,herb_herb,13,0.6664595203502504,0.017345048984396774,0.012256193323574052,4337
main,herb_herb,14,0.7069236132910707,0.016462358725113962,0.012504211477864645,4337
main,herb_herb,15,0.7475454967205692,-0.0015418807941147824,0.012208596054910112,4337
main,herb_herb,16,0.788134919752812,0.01570743456093092,0.01226753929291629,4336
main,herb_herb,17,0.831609278442182,0.037781876405734605,0.012476314923028316,4336
main,herb_herb,18,0.8808265349219757,0.05109828550080566,0.012387238521959715,4336
main,herb_herb,19,0.9445680322767082,0.06644127024693833,0.012778921188145954,4336
main,disease_disease,0,0.0531326246078773,-0.578018205662665,0.09607092617454957,302
main,disease_disease,1,0.14290693621470893,0.02384716760039067,0.07109868268372316,151
main,disease_disease,2,0.19925438596491227,-0.15473978497456828,0.09253817871926943,150
main,disease_disease,3,0.25225877192982454,-0.039190520716678966,0.09464004310353073,150
main,disease_disease,4,0.30993421052631576,-0.1829049267205389,0.10397107908194865,150
main,disease_disease,5,0.3611842105263158,0.10584772064043205,0.06468222705155942,150
main,disease_disease,6,0.40339912280701756,-0.018653989936428226,0.07636139005978206,150
main,disease_disease,7,0.45063596491228075,0.0795692118245081,0.060020660527491866,150
main,disease_disease,8,0.4995614035087717,0.16801669531123578,0.039627270145188714,150
main,disease_disease,9,0.5442982456140352,0.0763354286769078,0.06967265409078809,150
main,disease_disease,10,0.5835526315789474,0.15490186901291342,0.044442212482924896,150
main,disease_disease,11,0.622280701754386,0.1166863452057571,0.06471463896050388,150
main,disease_disease,12,0.6624122807017543,0.20216839010340823,0.04091928077882777,150
main,disease_disease,13,0.704342105263158,0.051229839378476416,0.07748813083856439,150
main,disease_disease,14,0.7432894736842106,0.12367437969430464,0.045283425052278975,150
main,disease_disease,15,0.7845175438596491,0.1794014488188227,0.040813102423263345,150
main,disease_disease,16,0.8258771929824561,0.1814361111389759,0.037312102416456105,150
main,disease_disease,17,0.8740789473684212,0.0024679678892562357,0.050822398063382616,150
main,disease_disease,18,0.9382894736842105,0.09349098666965508,0.04643057764255036,150
main,disease_herb,0,0.023875939671883128,-0.09874029483932503,0.020357108749630357,1627
main,disease_herb,1,0.07401541298283768,-0.059612915073306454,0.020718315389091108,1627
main,disease_herb,2,0.12415488629379226,-0.06428683486660003,0.021246053277613305,1627
main,disease_herb,3,0.17429435960474682,-0.09457534247708553,0.020967576417929554,1627
main,disease_herb,4,0.2244338329157014,-0.031326181262971854,0.024673860652802325,1627
main,disease_herb,5,0.27457330622665593,-0.07345883635079942,0.022952045316085044,1627
main,disease_herb,6,0.3246966363894408,-0.06273329692657839,0.022783699140413935,1626
main,disease_herb,7,0.37482259437978993,-0.024539890269998622,0.02475354982343099,1626
main,disease_herb,8,0.4249308118081181,0.012234021547574421,0.02514008836344344,1626
main,disease_herb,9,0.47503902923644614,-0.022316025483458457,0.024218951673619503,1626
main,disease_herb,10,0.5251472466647743,0.021778929062511422,0.025211407305828677,1626
main,disease_herb,11,0.5752554640931025,0.0015235373770692388,0.026112989057207357,1626
main,disease_herb,12,0.6253636815214306,0.03881666976514859,0.026538154745678177,1626
main,disease_herb,13,0.6754807692307692,0.055921564030677204,0.026741658625647816,1626
main,disease_herb,14,0.7255978569401078,0.08470907190448954,0.028009359609792183,1626
main,disease_herb,15,0.775706074368436,0.007475145693542171,0.02524467013042387,1626
main,disease_herb,16,0.8258142917967641,0.0688744785469057,0.026577379498123797,1626
main,disease_herb,17,0.8759225092250923,0.06130336438496873,0.027148601144267665,1626
main,disease_herb,18,0.9260307266534203,0.06577569844837118,0.026201887349855735,1626
main,disease_herb,19,0.9761389440817485,0.1134366696331891,0.027253599764424503,1626
repeat_median_rank_consensus,herb_herb,0,0.09288012089862793,-0.05393515348090628,0.011949839791669381,4337
repeat_median_rank_consensus,herb_herb,1,0.17988060149289803,-0.026017828320602104,0.011762814392542337,4337
repeat_median_rank_consensus,herb_herb,2,0.23871534095802158,-0.02174683200347947,0.011982748368083617,4337
repeat_median_rank_consensus,herb_herb,3,0.287015898502935,-0.02578247718248324,0.01186211211314966,4337
repeat_median_rank_consensus,herb_herb,4,0.32903956152023356,-0.005934940950156738,0.012003309432472636,4337
repeat_median_rank_consensus,herb_herb,5,0.3675798883798973,-0.024129667400639713,0.01178455256594134,4337
repeat_median_rank_consensus,herb_herb,6,0.4030392726080712,0.004084232839580622,0.011853967805374935,4337
repeat_median_rank_consensus,herb_herb,7,0.43636612393776164,-0.009554977779016895,0.011786750122132789,4337
repeat_median_rank_consensus,herb_herb,8,0.4687049790121982,0.0035390516351872523,0.012029472214434499,4337
repeat_median_rank_consensus,herb_herb,9,0.5002101558181076,-0.01802217560749238,0.011958138327302453,4337
repeat_median_rank_consensus,herb_herb,10,0.5319543796583613,-0.007147678688952858,0.011848605232720919,4337
repeat_median_rank_consensus,herb_herb,11,0.5630086868108821,0.006031904820172256,0.011965400197623906,4337
repeat_median_rank_consensus,herb_herb,12,0.5938788124598926,0.010472960229314203,0.012052163848852028,4337
repeat_median_rank_consensus,herb_herb,13,0.6252367551830563,0.00477760961302039,0.012086173261487457,4337
repeat_median_rank_consensus,herb_herb,14,0.6568522186509468,0.015135363006426086,0.012289680225633873,4337
repeat_median_rank_consensus,herb_herb,15,0.6896613893897008,0.024462259128076657,0.01225892234252687,4337
repeat_median_rank_consensus,herb_herb,16,0.7250784966434001,-0.0028780270135844526,0.012550140329081702,4336
repeat_median_rank_consensus,herb_herb,17,0.7637341339527854,0.033301264134883594,0.01246739484877807,4336
repeat_median_rank_consensus,herb_herb,18,0.8113807629040146,0.038005489606353755,0.012452484219940113,4336
repeat_median_rank_consensus,herb_herb,19,0.8857697394745031,0.05536816777549461,0.012917862408651934,4336
repeat_median_rank_consensus,disease_disease,0,0.09730088881143253,-0.563116275924832,0.09524751411572215,302
repeat_median_rank_consensus,disease_disease,1,0.19224904147786687,-0.22633962455219148,0.1024428753107039,151
repeat_median_rank_consensus,disease_disease,2,0.2433552631578947,-0.13985473096452133,0.10900173544439491,150
repeat_median_rank_consensus,disease_disease,3,0.2905701754385965,0.02164081057519109,0.06907344560908761,150
repeat_median_rank_consensus,disease_disease,4,0.3346052631578947,-0.13747863833242177,0.10517310815620194,150
repeat_median_rank_consensus,disease_disease,5,0.37699561403508774,0.05601744095465784,0.05880422646459212,150
repeat_median_rank_consensus,disease_disease,6,0.4178508771929825,-0.11410203504865259,0.07593563065519646,150
repeat_median_rank_consensus,disease_disease,7,0.4571271929824561,0.020624698910061384,0.07230001679168716,150
repeat_median_rank_consensus,disease_disease,8,0.49212719298245605,0.14008925014656456,0.05798258413410296,150
repeat_median_rank_consensus,disease_disease,9,0.5316666666666666,-0.009991807795949003,0.06758557660877561,150
repeat_median_rank_consensus,disease_disease,10,0.5696491228070175,0.1461070542232374,0.04585151560920748,150
repeat_median_rank_consensus,disease_disease,11,0.60390350877193,0.05623899561178755,0.055936845687215034,150
repeat_median_rank_consensus,disease_disease,12,0.6372368421052633,0.1737055205158597,0.04356228234517156,150
repeat_median_rank_consensus,disease_disease,13,0.6739254385964913,0.17576890747091672,0.046486825932153954,150
repeat_median_rank_consensus,disease_disease,14,0.7117982456140353,0.20812714523363904,0.031109962604240964,150
repeat_median_rank_consensus,disease_disease,15,0.7482236842105264,0.12981224321997653,0.04600387290545335,150
repeat_median_rank_consensus,disease_disease,16,0.7904605263157894,0.16921429025082527,0.03813951345556365,150
repeat_median_rank_consensus,disease_disease,17,0.8433333333333333,0.2113063791681577,0.040485466251509554,150
repeat_median_rank_consensus,disease_disease,18,0.9177192982456138,0.25436380010520443,0.03152227750175685,150
repeat_median_rank_consensus,disease_herb,0,0.07611120632594204,-0.09882914963907911,0.0218681776740253,1627
repeat_median_rank_consensus,disease_herb,1,0.14741915275873482,-0.015897344785316674,0.024286413136104253,1627
repeat_median_rank_consensus,disease_herb,2,0.19996321095929273,-0.04629607475108046,0.023276141763806497,1627
repeat_median_rank_consensus,disease_herb,3,0.24643781617890406,-0.017859246769955154,0.024527317051273537,1627
repeat_median_rank_consensus,disease_herb,4,0.29038151269443524,-0.02948489165249512,0.023071654875313236,1627
repeat_median_rank_consensus,disease_herb,5,0.330811781948844,-0.06347719746857361,0.022836840166667746,1627
repeat_median_rank_consensus,disease_herb,6,0.3699927263695714,0.0001838384164197611,0.024984290504080905,1626
repeat_median_rank_consensus,disease_herb,7,0.4082968173431734,-0.04337911592539421,0.02367658819908945,1626
repeat_median_rank_consensus,disease_herb,8,0.4466940462673858,-0.027284199842060645,0.023543290157420873,1626
repeat_median_rank_consensus,disease_herb,9,0.4835751963288864,-0.01790218753118373,0.023561638004986323,1626
repeat_median_rank_consensus,disease_herb,10,0.519662456239947,-0.009841137289563304,0.02380731835986222,1626
repeat_median_rank_consensus,disease_herb,11,0.5561984045321222,0.009269648505139847,0.024843442371278127,1626
repeat_median_rank_consensus,disease_herb,12,0.5929975044942758,0.011576477490694693,0.02506844522424404,1626
repeat_median_rank_consensus,disease_herb,13,0.6319269502791182,0.062205970331533904,0.026917247313773887,1626
repeat_median_rank_consensus,disease_herb,14,0.671063369287539,-0.01869652418964363,0.02353744821005226,1626
repeat_median_rank_consensus,disease_herb,15,0.7128276090453213,0.07228380082924316,0.027315612904187773,1626
repeat_median_rank_consensus,disease_herb,16,0.7573771170404012,0.024229776055957556,0.025598124560074285,1626
repeat_median_rank_consensus,disease_herb,17,0.8058088513577444,0.07368079459056992,0.02670080018651594,1626
repeat_median_rank_consensus,disease_herb,18,0.8610825290945218,0.09185416339341929,0.02780609617215655,1626
repeat_median_rank_consensus,disease_herb,19,0.9346452478947866,0.043829785904840095,0.02705259463039951,1626
loo_without_repeat_01,herb_herb,0,0.08829711282297739,-0.043267793169714415,0.012031041093177366,4337
loo_without_repeat_01,herb_herb,1,0.17312616849690668,-0.03645890919940018,0.011706805574551112,4337
loo_without_repeat_01,herb_herb,2,0.2324370574296263,-0.02042340625411134,0.012025991081019018,4337
loo_without_repeat_01,herb_herb,3,0.280552044470249,-0.02049267224888452,0.011878215187619336,4337
loo_without_repeat_01,herb_herb,4,0.324193615596812,-0.02508435612708126,0.011764477702285978,4337
loo_without_repeat_01,herb_herb,5,0.3632248153323462,-0.008311463556398871,0.01181795495536678,4337
loo_without_repeat_01,herb_herb,6,0.40022835172833365,-0.022557606879852986,0.01183655122462503,4337
loo_without_repeat_01,herb_herb,7,0.4342855396684733,-0.0035149534073665974,0.011819739125758212,4337
loo_without_repeat_01,herb_herb,8,0.467940750782702,0.017206782030653768,0.012051400658673939,4337
loo_without_repeat_01,herb_herb,9,0.5002477977392623,-0.0020262769957429924,0.012053155529053143,4337
loo_without_repeat_01,herb_herb,10,0.5323295487692064,-0.019866672326693854,0.011860986796404465,4337
loo_without_repeat_01,herb_herb,11,0.5645015848498907,-0.01292893200194413,0.011839323832225654,4337
loo_without_repeat_01,herb_herb,12,0.5966147272974767,0.026137870490363133,0.01207356130534182,4337
loo_without_repeat_01,herb_herb,13,0.6283900647552164,-0.014986621920998349,0.012031558762403251,4337
loo_without_repeat_01,herb_herb,14,0.6605032072028024,0.01869389528866142,0.01211147770256457,4337
loo_without_repeat_01,herb_herb,15,0.6935289231632549,0.004797427240195386,0.01222091161026418,4337
loo_without_repeat_01,herb_herb,16,0.728929833726048,0.038461061319253864,0.01280980580885548,4336
loo_without_repeat_01,herb_herb,17,0.7679689236651401,0.017956058375069705,0.012408985183863231,4336
loo_without_repeat_01,herb_herb,18,0.815296425554617,0.050108434758269316,0.012566518053364516,4336
loo_without_repeat_01,herb_herb,19,0.8890993864757925,0.056595746137623054,0.012913962654937746,4336
loo_without_repeat_01,disease_disease,0,0.09354304635761587,-0.5697223313206846,0.09489428154149274,302
loo_without_repeat_01,disease_disease,1,0.18704252352736148,-0.2178766352273547,0.10540856646529494,151
loo_without_repeat_01,disease_disease,2,0.24122807017543854,-0.1529871985944887,0.0999059127465143,150
loo_without_repeat_01,disease_disease,3,0.2878508771929826,0.08415838089505395,0.07376416523290281,150
loo_without_repeat_01,disease_disease,4,0.3342982456140351,-0.13410212523930265,0.10398269631824815,150
loo_without_repeat_01,disease_disease,5,0.37837719298245615,-0.043526210397701284,0.07124677482503548,150
loo_without_repeat_01,disease_disease,6,0.4171052631578948,-0.04097864195806709,0.06864399218650884,150
loo_without_repeat_01,disease_disease,7,0.4518421052631579,0.05838866688457291,0.06806021362093358,150
loo_without_repeat_01,disease_disease,8,0.49083333333333334,0.08411036377831917,0.06479489668342461,150
loo_without_repeat_01,disease_disease,9,0.531578947368421,0.04347182453791592,0.062176729499804746,150
loo_without_repeat_01,disease_disease,10,0.5687280701754386,0.0907295659021108,0.05195350045948494,150
loo_without_repeat_01,disease_disease,11,0.6051315789473684,0.11103945884912302,0.05260764672375161,150
loo_without_repeat_01,disease_disease,12,0.6417982456140351,0.11564186893155015,0.047578354548721384,150
loo_without_repeat_01,disease_disease,13,0.6782894736842104,0.18031877699264537,0.0504037256028599,150
loo_without_repeat_01,disease_disease,14,0.7148684210526316,0.20625991973017124,0.03379657647915575,150
loo_without_repeat_01,disease_disease,15,0.7532894736842103,0.1238764741929126,0.04894084183180294,150
loo_without_repeat_01,disease_disease,16,0.794561403508772,0.20073628213060418,0.03157196486070677,150
loo_without_repeat_01,disease_disease,17,0.8489473684210526,0.1877299254402702,0.0426347637602532,150
loo_without_repeat_01,disease_disease,18,0.9189912280701757,0.251502774445492,0.03156322673420906,150
loo_without_repeat_01,disease_herb,0,0.07230302349770697,-0.0830488408705143,0.022550476564241743,1627
loo_without_repeat_01,disease_herb,1,0.14266317195404474,-0.009990544978563188,0.023804572271198775,1627
loo_without_repeat_01,disease_herb,2,0.1950129426504657,-0.05752964543710341,0.02333530667835729,1627
loo_without_repeat_01,disease_herb,3,0.24060771358328212,-0.04999641027039725,0.02326452840679446,1627
loo_without_repeat_01,disease_herb,4,0.28533225379414684,-0.036017571415851615,0.023480408922088383,1627
loo_without_repeat_01,disease_herb,5,0.326686681480781,-0.0512228449367062,0.022326527869461665,1627
loo_without_repeat_01,disease_herb,6,0.36702857413189516,-0.046595666977378374,0.023401878064500704,1626
loo_without_repeat_01,disease_herb,7,0.4058404886933485,-0.00756614220107788,0.025877974572572064,1626
loo_without_repeat_01,disease_herb,8,0.44438777320465517,0.007876956699598078,0.025016511348121908,1626
loo_without_repeat_01,disease_herb,9,0.48224761093764784,-0.04467383315310521,0.022395869061249726,1626
loo_without_repeat_01,disease_herb,10,0.5188892634118648,0.02553324782647665,0.025002558338120005,1626
loo_without_repeat_01,disease_herb,11,0.5575208155927713,0.00692436891934034,0.02405129696399793,1626
loo_without_repeat_01,disease_herb,12,0.5957783375910682,0.031642662202479625,0.02603845423152469,1626
loo_without_repeat_01,disease_herb,13,0.634368495127259,0.044144613595548145,0.025961853553945032,1626
loo_without_repeat_01,disease_herb,14,0.674827325196329,0.01875338967228332,0.025409095943555473,1626
loo_without_repeat_01,disease_herb,15,0.7159662101428707,-0.017118587307252887,0.024334416034825588,1626
loo_without_repeat_01,disease_herb,16,0.7602821340713407,0.06241273148890888,0.027300670460652283,1626
loo_without_repeat_01,disease_herb,17,0.8093052204560508,0.05645739092853245,0.02579499399146577,1626
loo_without_repeat_01,disease_herb,18,0.8659670971709718,0.09972085324034895,0.027863172621942576,1626
loo_without_repeat_01,disease_herb,19,0.9372102374869903,0.0504708753470717,0.027108891559076555,1626
loo_without_repeat_02,herb_herb,0,0.08839100927574721,-0.048856193530159936,0.011819603130661705,4337
loo_without_repeat_02,herb_herb,1,0.1742698717396679,-0.04174587333873655,0.011739420827733667,4337
loo_without_repeat_02,herb_herb,2,0.23381577960446814,-0.011442740091323915,0.012070461403754715,4337
loo_without_repeat_02,herb_herb,3,0.2826411016442991,-0.03365721911884246,0.011614708568237911,4337
loo_without_repeat_02,herb_herb,4,0.3255734489722783,-0.03585270440470792,0.011853028227938427,4337
loo_without_repeat_02,herb_herb,5,0.36477938500601437,-0.0023845909776123507,0.012007100330568291,4337
loo_without_repeat_02,herb_herb,6,0.40126954671348525,-0.0019181227937161704,0.012006327932635865,4337
loo_without_repeat_02,herb_herb,7,0.4349658722508202,-0.016982576766298146,0.011746170235054405,4337
loo_without_repeat_02,herb_herb,8,0.4680996524720047,-0.0014228175149521179,0.011972415839443378,4337
loo_without_repeat_02,herb_herb,9,0.5006139383450333,0.007800275340831465,0.012113740436180397,4337
loo_without_repeat_02,herb_herb,10,0.5331590600353917,-0.016352087381322537,0.011966386499888508,4337
loo_without_repeat_02,herb_herb,11,0.5647102127671395,-0.00017711837256437525,0.011841094198208908,4337
loo_without_repeat_02,herb_herb,12,0.5963058135238671,0.026044243849859372,0.011953887891324962,4337
loo_without_repeat_02,herb_herb,13,0.6279141930877765,0.00326119090794157,0.012210287538959148,4337
loo_without_repeat_02,herb_herb,14,0.6600253909342697,0.02156230104786898,0.01207375534839256,4337
loo_without_repeat_02,herb_herb,15,0.6931230571351581,0.008097941332601883,0.012373922067936399,4337
loo_without_repeat_02,herb_herb,16,0.7284488507535678,0.0037418411124678754,0.01256640461446761,4336
loo_without_repeat_02,herb_herb,17,0.7679822611479126,0.020224139290288223,0.012510238505810047,4336
loo_without_repeat_02,herb_herb,18,0.8157068310140932,0.05814218740601031,0.012483508783008598,4336
loo_without_repeat_02,herb_herb,19,0.889203585559952,0.06195114035195442,0.0128945243038464,4336
loo_without_repeat_02,disease_disease,0,0.09506796793307773,-0.6103152561477515,0.09656220907753794,302
loo_without_repeat_02,disease_disease,1,0.1901795050540258,-0.21127134448335677,0.11274775612806745,151
loo_without_repeat_02,disease_disease,2,0.24574561403508777,-0.03328436192177179,0.07628636568363946,150
loo_without_repeat_02,disease_disease,3,0.2915350877192983,-0.017020871900604615,0.08884209650064376,150
loo_without_repeat_02,disease_disease,4,0.33175438596491225,-0.08571099410268355,0.09516799409830899,150
loo_without_repeat_02,disease_disease,5,0.37478070175438594,-0.08930212164456298,0.07742094042905977,150
loo_without_repeat_02,disease_disease,6,0.4136842105263158,-0.002623000617369359,0.06740513351414687,150
loo_without_repeat_02,disease_disease,7,0.45122807017543864,-0.00822783028773103,0.08142458912296294,150
loo_without_repeat_02,disease_disease,8,0.48921052631578943,0.12516496600748095,0.04569301628521032,150
loo_without_repeat_02,disease_disease,9,0.5291228070175439,-0.027566604892394656,0.06948874402880045,150
loo_without_repeat_02,disease_disease,10,0.5653070175438596,0.1102538020667699,0.050187926517337694,150
loo_without_repeat_02,disease_disease,11,0.605701754385965,0.08113776217478984,0.056852925876769295,150
loo_without_repeat_02,disease_disease,12,0.6395614035087719,0.2259732647406664,0.030237644918858338,150
loo_without_repeat_02,disease_disease,13,0.6754824561403509,0.20162200874602942,0.0424825424142674,150
loo_without_repeat_02,disease_disease,14,0.712061403508772,0.16552500081612262,0.039435636020104796,150
loo_without_repeat_02,disease_disease,15,0.7493859649122806,0.11505080678224382,0.04801451082471111,150
loo_without_repeat_02,disease_disease,16,0.7920614035087721,0.22602734508153352,0.029491998632373943,150
loo_without_repeat_02,disease_disease,17,0.8463596491228071,0.19957674660578884,0.04099346994367013,150
loo_without_repeat_02,disease_disease,18,0.917763157894737,0.25485195150307804,0.03128950957755524,150
loo_without_repeat_02,disease_herb,0,0.07274478748049737,-0.09683038771953013,0.021183469851111924,1627
loo_without_repeat_02,disease_herb,1,0.1441066616235639,-0.022129711172146502,0.024634135901290842,1627
loo_without_repeat_02,disease_herb,2,0.19684500732825871,-0.04090573185784077,0.02355594762538566,1627
loo_without_repeat_02,disease_herb,3,0.24257866058342392,-0.04799348030551782,0.024192071295585142,1627
loo_without_repeat_02,disease_herb,4,0.2864019431705357,-0.031240604470592456,0.024028914236166498,1627
loo_without_repeat_02,disease_herb,5,0.32781251477471507,-0.06580414043375721,0.02194425815489035,1627
loo_without_repeat_02,disease_herb,6,0.367056663355095,-0.013222685806878479,0.024786006429921507,1626
loo_without_repeat_02,disease_herb,7,0.4059306698836219,-0.044747977874692924,0.023404888723119008,1626
loo_without_repeat_02,disease_herb,8,0.4438525995836881,-0.02335672036668602,0.024211157890431833,1626
loo_without_repeat_02,disease_herb,9,0.4810412527202195,-0.013183376662244204,0.023694495697625183,1626
loo_without_repeat_02,disease_herb,10,0.518584717097171,0.019464911323060233,0.024724127632393476,1626
loo_without_repeat_02,disease_herb,11,0.5563233276563535,0.0004606078659960411,0.024527149134022645,1626
loo_without_repeat_02,disease_herb,12,0.594614852398524,-0.004823892411503344,0.024153978587655826,1626
loo_without_repeat_02,disease_herb,13,0.6341984814078911,0.05225019296007472,0.026346158025873246,1626
loo_without_repeat_02,disease_herb,14,0.6750683011637808,-0.012324768151255078,0.024305540802097764,1626
loo_without_repeat_02,disease_herb,15,0.7167157488882581,0.056777684925585305,0.02592222428441878,1626
loo_without_repeat_02,disease_herb,16,0.7609695808496546,0.048544564483028525,0.026717507599742004,1626
loo_without_repeat_02,disease_herb,17,0.8102232945406376,0.0813276059851999,0.026510057077108313,1626
loo_without_repeat_02,disease_herb,18,0.8658680456996877,0.07785617137554936,0.0271469297507296,1626
loo_without_repeat_02,disease_herb,19,0.9384505984482922,0.08006925618374457,0.028223155824002324,1626
loo_without_repeat_03,herb_herb,0,0.08838489767231249,-0.049034711888404664,0.011986181661006798,4337
loo_without_repeat_03,herb_herb,1,0.17473435360070672,-0.04562705108861972,0.011611536630039125,4337
loo_without_repeat_03,herb_herb,2,0.23410580296746128,0.007041720286813816,0.01217382566642971,4337
loo_without_repeat_03,herb_herb,3,0.28252442557872715,-0.023554299198142985,0.01189880476865695,4337
loo_without_repeat_03,herb_herb,4,0.3256751238294196,-0.04285441032223141,0.011839192062939641,4337
loo_without_repeat_03,herb_herb,5,0.36439046478744125,-0.000987236455354769,0.011768047201012193,4337
loo_without_repeat_03,herb_herb,6,0.40103286098046786,0.0014052437879689072,0.011847821949185685,4337
loo_without_repeat_03,herb_herb,7,0.4354967483491725,-0.013291672915901337,0.011865663136240509,4337
loo_without_repeat_03,herb_herb,8,0.4686299729700448,-0.002231859908878733,0.011960847377005016,4337
loo_without_repeat_03,herb_herb,9,0.5008586802825783,-0.0027985436574796217,0.011995296564420704,4337
loo_without_repeat_03,herb_herb,10,0.533384078161852,-0.020107235523265304,0.011900893494078383,4337
loo_without_repeat_03,herb_herb,11,0.5648757816601893,0.006992530526913605,0.011787876786050061,4337
loo_without_repeat_03,herb_herb,12,0.5963905425714849,0.013660966040102442,0.012119114214089833,4337
loo_without_repeat_03,herb_herb,13,0.6279028032813755,-0.008723609096681607,0.012152134214177818,4337
loo_without_repeat_03,herb_herb,14,0.6593614485611341,0.019803193337003876,0.012199216904722731,4337
loo_without_repeat_03,herb_herb,15,0.6921204763717077,0.024654370160388493,0.01230549495222949,4337
loo_without_repeat_03,herb_herb,16,0.7278959009469613,0.007493142836705226,0.01254350237458222,4336
loo_without_repeat_03,herb_herb,17,0.7672978815631529,0.006727566802195622,0.012443299813765792,4336
loo_without_repeat_03,herb_herb,18,0.8151130351664962,0.06503261381376421,0.012456694390389296,4336
loo_without_repeat_03,herb_herb,19,0.8883110856710977,0.056430567658195395,0.012960767058563276,4336
loo_without_repeat_03,disease_disease,0,0.09611362844196583,-0.5230987728586493,0.09385385891980412,302
loo_without_repeat_03,disease_disease,1,0.1909637504356919,-0.31106151585667363,0.11292440820076906,151
loo_without_repeat_03,disease_disease,2,0.24412280701754388,-0.0747602650453676,0.08900023880361947,150
loo_without_repeat_03,disease_disease,3,0.2934210526315789,-0.037404267512929704,0.09235774842862292,150
loo_without_repeat_03,disease_disease,4,0.33710526315789474,-0.062188750926559774,0.09552625118222773,150
loo_without_repeat_03,disease_disease,5,0.3792982456140352,-0.08311655601120448,0.07984804888513594,150
loo_without_repeat_03,disease_disease,6,0.41767543859649126,0.008105197829524263,0.05898246259880318,150
loo_without_repeat_03,disease_disease,7,0.45469298245614026,0.11220868269193815,0.05412681479693377,150
loo_without_repeat_03,disease_disease,8,0.4942982456140352,-0.03164938090094425,0.08199645574661216,150
loo_without_repeat_03,disease_disease,9,0.5307017543859649,0.02518432030734419,0.06617970220854351,150
loo_without_repeat_03,disease_disease,10,0.564342105263158,0.12156690554117373,0.050333738228913766,150
loo_without_repeat_03,disease_disease,11,0.6030043859649125,0.08623350150784298,0.05660606590248287,150
loo_without_repeat_03,disease_disease,12,0.6399780701754385,0.15476916510143185,0.038206931236885996,150
loo_without_repeat_03,disease_disease,13,0.6774122807017543,0.1958236614240694,0.030740149238510858,150
loo_without_repeat_03,disease_disease,14,0.7150877192982457,0.19142197455482696,0.04395931596758878,150
loo_without_repeat_03,disease_disease,15,0.7517763157894736,0.11411227147978373,0.04801463336054611,150
loo_without_repeat_03,disease_disease,16,0.7931359649122808,0.19578528610025303,0.036016992265852595,150
loo_without_repeat_03,disease_disease,17,0.8441666666666666,0.20179050914620308,0.041687528240396565,150
loo_without_repeat_03,disease_disease,18,0.9189912280701755,0.24842520003041316,0.03290175078906776,150
loo_without_repeat_03,disease_herb,0,0.07256749089877547,-0.10701868653078023,0.021193033423436085,1627
loo_without_repeat_03,disease_herb,1,0.14340634012576237,-0.02030201548891431,0.023844007438557167,1627
loo_without_repeat_03,disease_herb,2,0.19616832537468679,-0.03662431662068287,0.02362718727734027,1627
loo_without_repeat_03,disease_herb,3,0.24156068271003736,-0.03086602616937541,0.024154379648523787,1627
loo_without_repeat_03,disease_herb,4,0.2864093305281074,-0.026037636784985448,0.02453601510118405,1627
loo_without_repeat_03,disease_herb,5,0.32791446030920524,-0.05782136872216438,0.02263313905219053,1627
loo_without_repeat_03,disease_herb,6,0.3677928966789668,-0.04140202028805031,0.0235424463691873,1626
loo_without_repeat_03,disease_herb,7,0.4061110322641688,-0.032035633869140455,0.02395804317104193,1626
loo_without_repeat_03,disease_herb,8,0.44352587756646794,-0.010724883627646084,0.02437335969409576,1626
loo_without_repeat_03,disease_herb,9,0.4814064126218185,-0.019110873152204107,0.022967330682089136,1626
loo_without_repeat_03,disease_herb,10,0.5191819826852114,-0.006575286157775373,0.02432636282104154,1626
loo_without_repeat_03,disease_herb,11,0.5574247208818243,0.0242944267667945,0.02452773274710655,1626
loo_without_repeat_03,disease_herb,12,0.5960281838395307,0.006376779522457299,0.024971553424205744,1626
loo_without_repeat_03,disease_herb,13,0.6355733749645188,0.03596359228619984,0.02578769074606762,1626
loo_without_repeat_03,disease_herb,14,0.6757291370990635,0.009900762400968714,0.025427204637211452,1626
loo_without_repeat_03,disease_herb,15,0.716672875863374,0.06406297828461846,0.027071720327401037,1626
loo_without_repeat_03,disease_herb,16,0.7618122575456523,0.06305803248110727,0.02702382633813913,1626
loo_without_repeat_03,disease_herb,17,0.8104908813511212,0.07084091899988001,0.026654395246941374,1626
loo_without_repeat_03,disease_herb,18,0.8645049791844073,0.06471195500423617,0.026610240671011958,1626
loo_without_repeat_03,disease_herb,19,0.9358693466742359,0.04948068546023951,0.027168470710419387,1626
loo_without_repeat_04,herb_herb,0,0.08935664261843314,-0.054551955697890196,0.01185425469660075,4337
loo_without_repeat_04,herb_herb,1,0.17514160862958408,-0.035656319862671745,0.01183818754826621,4337
loo_without_repeat_04,herb_herb,2,0.23479085815246228,0.0013791892201956,0.011985778950337474,4337
loo_without_repeat_04,herb_herb,3,0.2835164499362449,-0.023950810032453626,0.011850716469511252,4337
loo_without_repeat_04,herb_herb,4,0.32620905572948933,-0.03413045497334374,0.011924835633828419,4337
loo_without_repeat_04,herb_herb,5,0.36540165735573144,0.013326059109854616,0.011957865915370994,4337
loo_without_repeat_04,herb_herb,6,0.40139844598592667,-0.013295011090163733,0.011781078118631019,4337
loo_without_repeat_04,herb_herb,7,0.4352756194248981,-0.013263488461134072,0.011921496077829821,4337
loo_without_repeat_04,herb_herb,8,0.4686727541940879,0.007095047270667655,0.01185322909046307,4337
loo_without_repeat_04,herb_herb,9,0.5013478863575122,-0.00405947875530654,0.011911344815352115,4337
loo_without_repeat_04,herb_herb,10,0.533676323926094,-0.014621453156927268,0.011818486932499338,4337
loo_without_repeat_04,herb_herb,11,0.5651160787952362,-0.01804164695586201,0.011797511450930671,4337
loo_without_repeat_04,herb_herb,12,0.5967725177861549,0.007269147033780311,0.011973267584562282,4337
loo_without_repeat_04,herb_herb,13,0.6280564267677118,0.008902915724021427,0.012354227541765229,4337
loo_without_repeat_04,herb_herb,14,0.6598364868281056,0.03355451813410372,0.012187984423577177,4337
loo_without_repeat_04,herb_herb,15,0.6930341610851986,0.007652752420465724,0.012291358220740966,4337
loo_without_repeat_04,herb_herb,16,0.7280198283910551,0.019493582112895955,0.012609629996848847,4336
loo_without_repeat_04,herb_herb,17,0.7662570021784555,0.016201784469044266,0.012500436884833698,4336
loo_without_repeat_04,herb_herb,18,0.8135478259903081,0.04772963139907438,0.012523803596120257,4336
loo_without_repeat_04,herb_herb,19,0.8875080580625083,0.048996525069064725,0.0129042830943913,4336
loo_without_repeat_04,disease_disease,0,0.0947847682119205,-0.6175006070790289,0.09683912839548296,302
loo_without_repeat_04,disease_disease,1,0.18808818403624958,-0.1838436717752871,0.10832097825359403,151
loo_without_repeat_04,disease_disease,2,0.24214912280701753,-0.08296627386245208,0.08658568590475652,150
loo_without_repeat_04,disease_disease,3,0.2892543859649123,0.038639972136142585,0.06951048848021903,150
loo_without_repeat_04,disease_disease,4,0.33201754385964916,-0.07042121896119255,0.10096415292099,150
loo_without_repeat_04,disease_disease,5,0.3761842105263158,-0.1665414369153072,0.08317537803037028,150
loo_without_repeat_04,disease_disease,6,0.4162280701754386,-0.029873759804929942,0.07514761091117647,150
loo_without_repeat_04,disease_disease,7,0.45508771929824565,0.049687668550521674,0.07391545694088328,150
loo_without_repeat_04,disease_disease,8,0.49535087719298254,0.1186373037979249,0.04779997272523458,150
loo_without_repeat_04,disease_disease,9,0.5321052631578947,0.028094158642686717,0.06364319003692585,150
loo_without_repeat_04,disease_disease,10,0.5691666666666667,0.14153575203279947,0.046047073378548305,150
loo_without_repeat_04,disease_disease,11,0.6053508771929824,0.09568631001250621,0.05407069362127788,150
loo_without_repeat_04,disease_disease,12,0.6394298245614035,0.14773731688688613,0.04189546002417029,150
loo_without_repeat_04,disease_disease,13,0.675,0.18447925130147225,0.05013778105586984,150
loo_without_repeat_04,disease_disease,14,0.7116666666666669,0.23027199673925455,0.03225854573966894,150
loo_without_repeat_04,disease_disease,15,0.7516666666666666,0.1242920726141755,0.04746349800594242,150
loo_without_repeat_04,disease_disease,16,0.7904385964912283,0.18000467055121913,0.03517534434655246,150
loo_without_repeat_04,disease_disease,17,0.8421929824561403,0.19292724452734566,0.04119678256618983,150
loo_without_repeat_04,disease_disease,18,0.9175438596491229,0.24611282359051387,0.0315587682231023,150
loo_without_repeat_04,disease_herb,0,0.0727122831071817,-0.10309059446960431,0.021262144828565713,1627
loo_without_repeat_04,disease_herb,1,0.1443799938537185,-0.022217589865698856,0.02370979018987122,1627
loo_without_repeat_04,disease_herb,2,0.19652735095267362,-0.024795764212822178,0.023948220154124608,1627
loo_without_repeat_04,disease_herb,3,0.24259934518462486,-0.04400077900535199,0.02344155942683073,1627
loo_without_repeat_04,disease_herb,4,0.2872588766488582,-0.004206599183216397,0.024249817560070244,1627
loo_without_repeat_04,disease_herb,5,0.3284714670701149,-0.05543524606347936,0.023123779784011044,1627
loo_without_repeat_04,disease_herb,6,0.368573481407891,-0.052997328419717084,0.023434781928817257,1626
loo_without_repeat_04,disease_herb,7,0.40789543712744825,-0.021645441703224272,0.025171329156536866,1626
loo_without_repeat_04,disease_herb,8,0.44529549862806317,-0.0004185411350511048,0.024054990670316165,1626
loo_without_repeat_04,disease_herb,9,0.4832100364272874,-0.01283776960894656,0.02341304114468772,1626
loo_without_repeat_04,disease_herb,10,0.5210388281767433,0.003970479983618791,0.02421318040709489,1626
loo_without_repeat_04,disease_herb,11,0.5582053056107484,0.005648334766593907,0.024334063893062023,1626
loo_without_repeat_04,disease_herb,12,0.5958226889961207,0.01194202310897223,0.025322735843750735,1626
loo_without_repeat_04,disease_herb,13,0.6350825527486044,0.026548709041091856,0.025382759303630667,1626
loo_without_repeat_04,disease_herb,14,0.6747134899233609,0.014973222903008771,0.024841867197049644,1626
loo_without_repeat_04,disease_herb,15,0.7164511188381115,0.004723829363745307,0.0246328486694668,1626
loo_without_repeat_04,disease_herb,16,0.7608631374775285,0.05898778942192198,0.02706528418736082,1626
loo_without_repeat_04,disease_herb,17,0.810065107862617,0.05767773789434624,0.026365028664343256,1626
loo_without_repeat_04,disease_herb,18,0.865542802062636,0.11084986277461785,0.0287087576831986,1626
loo_without_repeat_04,disease_herb,19,0.9374497350742738,0.04647972011202426,0.027620181946365105,1626
loo_without_repeat_05,herb_herb,0,0.0890455064435746,-0.04427441548916217,0.011953720499075692,4337
loo_without_repeat_05,herb_herb,1,0.17493881451561377,-0.03492794410108762,0.0116857901329545,4337
loo_without_repeat_05,herb_herb,2,0.2347605779354448,-0.003031035768546667,0.012196864789345221,4337
loo_without_repeat_05,herb_herb,3,0.2828352839534296,-0.03709376309327452,0.011668138032794323,4337
loo_without_repeat_05,herb_herb,4,0.32557567137352733,-0.03225064895774546,0.012019302058723466,4337
loo_without_repeat_05,herb_herb,5,0.36459492570234825,-0.008734819418015927,0.01161399850360924,4337
loo_without_repeat_05,herb_herb,6,0.401042306185776,-0.0131588987220883,0.0118708415999518,4337
loo_without_repeat_05,herb_herb,7,0.4348672531953963,0.00392673022176632,0.01197250849035009,4337
loo_without_repeat_05,herb_herb,8,0.46782518591775446,0.005703842265102224,0.012038602987441851,4337
loo_without_repeat_05,herb_herb,9,0.5002686327509716,-0.0074436525021004335,0.012096130940692711,4337
loo_without_repeat_05,herb_herb,10,0.5325559558964472,-0.009596725878362303,0.011824909598102113,4337
loo_without_repeat_05,herb_herb,11,0.5645888140989135,-0.01271401285334051,0.011800900007081588,4337
loo_without_repeat_05,herb_herb,12,0.5956749293693103,0.024523440308646838,0.01206504350213327,4337
loo_without_repeat_05,herb_herb,13,0.6272199704976233,0.013557697901098691,0.012189311746026069,4337
loo_without_repeat_05,herb_herb,14,0.659071425198141,0.014844230609036424,0.012183237717301412,4337
loo_without_repeat_05,herb_herb,15,0.6921132535676485,0.007040385066733605,0.012345620052423938,4337
loo_without_repeat_05,herb_herb,16,0.7276641621837905,0.01992287399997776,0.012574318804266685,4336
loo_without_repeat_05,herb_herb,17,0.7669449939981328,0.03007737349790787,0.012534067527984616,4336
loo_without_repeat_05,herb_herb,18,0.8149677121771217,0.028810990005798755,0.012419901472127787,4336
loo_without_repeat_05,herb_herb,19,0.8889804605877383,0.05484917154013053,0.012802378015307274,4336
loo_without_repeat_05,disease_disease,0,0.09532938306029974,-0.5886440367091639,0.0963948237983543,302
loo_without_repeat_05,disease_disease,1,0.188654583478564,-0.20318877049944084,0.09981265072593468,151
loo_without_repeat_05,disease_disease,2,0.23964912280701758,-0.09776017070857594,0.09507954309675998,150
loo_without_repeat_05,disease_disease,3,0.2896491228070176,0.021095324530793165,0.0838618155854384,150
loo_without_repeat_05,disease_disease,4,0.33333333333333326,-0.040780518421153794,0.09477238402096679,150
loo_without_repeat_05,disease_disease,5,0.3774122807017544,-0.006963705201591424,0.07209637757251794,150
loo_without_repeat_05,disease_disease,6,0.4152631578947369,-0.12474352904632342,0.0758185448998557,150
loo_without_repeat_05,disease_disease,7,0.4535526315789474,0.08733340895258902,0.05887723743122306,150
loo_without_repeat_05,disease_disease,8,0.4925877192982457,0.06019231897241626,0.0730826679551309,150
loo_without_repeat_05,disease_disease,9,0.5335964912280702,-0.0470897823511784,0.07173131069652164,150
loo_without_repeat_05,disease_disease,10,0.570921052631579,0.15852427513509965,0.04343566619236279,150
loo_without_repeat_05,disease_disease,11,0.6074122807017545,0.10000894459278681,0.053995567213215315,150
loo_without_repeat_05,disease_disease,12,0.6398245614035087,0.1444241740558375,0.041404268495320674,150
loo_without_repeat_05,disease_disease,13,0.6753947368421053,0.21904223921469054,0.03675748794050566,150
loo_without_repeat_05,disease_disease,14,0.7136403508771931,0.13394193865354675,0.04927122421856654,150
loo_without_repeat_05,disease_disease,15,0.7501754385964912,0.13870119813716486,0.04334643485948776,150
loo_without_repeat_05,disease_disease,16,0.7930701754385965,0.20672041745260875,0.03378436366814303,150
loo_without_repeat_05,disease_disease,17,0.845,0.1976017730228246,0.04219383244691048,150
loo_without_repeat_05,disease_disease,18,0.9201315789473686,0.23943171588568557,0.03286029298578356,150
loo_without_repeat_05,disease_herb,0,0.07224983452319039,-0.08610345758072283,0.02226600422375558,1627
loo_without_repeat_05,disease_herb,1,0.14210912013616378,-0.030162733423392714,0.024074795602817615,1627
loo_without_repeat_05,disease_herb,2,0.1946864214457945,-0.031072264625607977,0.023254403750601435,1627
loo_without_repeat_05,disease_herb,3,0.24040529998581628,-0.04664536010465584,0.023505346916103797,1627
loo_without_repeat_05,disease_herb,4,0.2862674932627299,-0.04135755075679621,0.02340561009413589,1627
loo_without_repeat_05,disease_herb,5,0.32833258474776605,-0.0379463675913105,0.023448233308704443,1627
loo_without_repeat_05,disease_herb,6,0.36761549105875674,-0.02742141864202126,0.023838909795245975,1626
loo_without_repeat_05,disease_herb,7,0.40624408647932636,-0.03060666939639078,0.024087818955065374,1626
loo_without_repeat_05,disease_herb,8,0.44404183224524557,-0.002349230689110544,0.024138689046288707,1626
loo_without_repeat_05,disease_herb,9,0.4818469699120068,-0.04910623550535667,0.02213279570494,1626
loo_without_repeat_05,disease_herb,10,0.519226334090264,-0.011272017078781907,0.024314545381620256,1626
loo_without_repeat_05,disease_herb,11,0.5566929226984578,0.004366756492374944,0.02373086467044992,1626
loo_without_repeat_05,disease_herb,12,0.5952298585485855,0.0659429245167795,0.02699359982185486,1626
loo_without_repeat_05,disease_herb,13,0.6336352185637242,0.048041260970522616,0.0264658789088469,1626
loo_without_repeat_05,disease_herb,14,0.6741384000378466,0.02802566663088833,0.025495803143811595,1626
loo_without_repeat_05,disease_herb,15,0.7160918724571862,0.05972275519103545,0.027656007953487775,1626
loo_without_repeat_05,disease_herb,16,0.7611499432302015,0.01587209832076818,0.025963029117568495,1626
loo_without_repeat_05,disease_herb,17,0.8096304640931025,0.07728276822094687,0.026969965378225377,1626
loo_without_repeat_05,disease_herb,18,0.8655960237486992,0.040107348371539675,0.025496293274031558,1626
loo_without_repeat_05,disease_herb,19,0.9385333877377235,0.05484980031648874,0.027131782076897207,1626
loo_without_repeat_06,herb_herb,0,0.08865297482297185,-0.04178015064572991,0.012037876356624616,4337
loo_without_repeat_06,herb_herb,1,0.17397957057651867,-0.030965739991955756,0.011759866114957966,4337
loo_without_repeat_06,herb_herb,2,0.23345241700025834,0.0009965545438531049,0.012102380598342316,4337
loo_without_repeat_06,herb_herb,3,0.2825441493898119,-0.013844271678733089,0.011712471692768222,4337
loo_without_repeat_06,herb_herb,4,0.3259923716077128,-0.03939974297908275,0.01201328109735532,4337
loo_without_repeat_06,herb_herb,5,0.3654272149700948,-0.005212896333211925,0.011934321195955628,4337
loo_without_repeat_06,herb_herb,6,0.40206183275875,-0.004054299007434039,0.011900167690530875,4337
loo_without_repeat_06,herb_herb,7,0.43705604062549486,0.001175835189677961,0.011856208079286022,4337
loo_without_repeat_06,herb_herb,8,0.47030621911209514,0.0019109812628601219,0.012006099410789858,4337
loo_without_repeat_06,herb_herb,9,0.5024621427837243,0.0014316300269275931,0.01201217184387836,4337
loo_without_repeat_06,herb_herb,10,0.5342730386614478,-0.01646824786924942,0.011869252071209757,4337
loo_without_repeat_06,herb_herb,11,0.5656405654899977,0.003662477781893883,0.012041045464949097,4337
loo_without_repeat_06,herb_herb,12,0.5970111481202652,0.026115625964072964,0.012082073271754262,4337
loo_without_repeat_06,herb_herb,13,0.6282425528723148,-0.019053265515587947,0.012042303087919346,4337
loo_without_repeat_06,herb_herb,14,0.6599895547141298,0.017980513724253525,0.012062003377233921,4337
loo_without_repeat_06,herb_herb,15,0.6933175172444447,-0.003668935734730175,0.012122417059030603,4337
loo_without_repeat_06,herb_herb,16,0.7282243364602321,0.016921839958577864,0.012702100261871746,4336
loo_without_repeat_06,herb_herb,17,0.7670264082158894,0.009967584333779584,0.012329250050210546,4336
loo_without_repeat_06,herb_herb,18,0.8150874716578491,0.041735151004996446,0.012403855652283465,4336
loo_without_repeat_06,herb_herb,19,0.8886400769128172,0.052577301982179664,0.012893150945520574,4336
loo_without_repeat_06,disease_disease,0,0.09302021610317181,-0.5760484372538339,0.09487461282521567,302
loo_without_repeat_06,disease_disease,1,0.18895956779365636,-0.19649589001324222,0.10583854995164212,151
loo_without_repeat_06,disease_disease,2,0.2425,-0.14851532955223853,0.09278394967365355,150
loo_without_repeat_06,disease_disease,3,0.28964912280701766,-0.01802725239076923,0.09769961746373229,150
loo_without_repeat_06,disease_disease,4,0.3327631578947368,-0.1201198412547559,0.09875015515332193,150
loo_without_repeat_06,disease_disease,5,0.3751754385964912,0.07308566899624407,0.05017926049414879,150
loo_without_repeat_06,disease_disease,6,0.4153947368421053,-0.1011592860258125,0.08038442222371714,150
loo_without_repeat_06,disease_disease,7,0.45449561403508765,0.08736318976251639,0.06488211494261158,150
loo_without_repeat_06,disease_disease,8,0.494671052631579,0.04496684823216904,0.06587976323162949,150
loo_without_repeat_06,disease_disease,9,0.5313157894736842,0.05171528296569298,0.06009621770639703,150
loo_without_repeat_06,disease_disease,10,0.568640350877193,0.09411194295821391,0.05173939647727286,150
loo_without_repeat_06,disease_disease,11,0.6070614035087719,0.0860242037472372,0.05631239181038198,150
loo_without_repeat_06,disease_disease,12,0.6401315789473684,0.13452369429723282,0.04762158701566584,150
loo_without_repeat_06,disease_disease,13,0.6781140350877192,0.22763971552796367,0.03194082692234591,150
loo_without_repeat_06,disease_disease,14,0.7149122807017545,0.1477744801477638,0.04735483067337345,150
loo_without_repeat_06,disease_disease,15,0.7507456140350877,0.14254444295323235,0.04325670253436429,150
loo_without_repeat_06,disease_disease,16,0.7925877192982457,0.20698774495497468,0.03394401211307168,150
loo_without_repeat_06,disease_disease,17,0.8483771929824561,0.20892722173579104,0.04083129041715658,150
loo_without_repeat_06,disease_disease,18,0.9191228070175441,0.23974065589559368,0.0323244362894847,150
loo_without_repeat_06,disease_herb,0,0.07252464422485935,-0.08825290621637005,0.0220748794442125,1627
loo_without_repeat_06,disease_herb,1,0.14289808992482625,-0.03193537001835802,0.02352730888060108,1627
loo_without_repeat_06,disease_herb,2,0.19581668715427167,-0.02118696141683397,0.024577149836043203,1627
loo_without_repeat_06,disease_herb,3,0.24224622949269536,-0.026807212066515766,0.024319908680432784,1627
loo_without_repeat_06,disease_herb,4,0.2871111294974233,-0.008940076656477133,0.025150932062919178,1627
loo_without_repeat_06,disease_herb,5,0.328700475154839,-0.031577323290674995,0.02360292556814019,1627
loo_without_repeat_06,disease_herb,6,0.368885419623427,-0.030802158602944205,0.024026923531472396,1626
loo_without_repeat_06,disease_herb,7,0.40797231289620595,-0.03881129947296691,0.022764822427877827,1626
loo_without_repeat_06,disease_herb,8,0.44607164821648215,-0.003223408007204416,0.02415373335179818,1626
loo_without_repeat_06,disease_herb,9,0.48407932396631653,-0.04346650484376645,0.022885316043795626,1626
loo_without_repeat_06,disease_herb,10,0.5213892042766581,0.0024763788365975517,0.02416925445758459,1626
loo_without_repeat_06,disease_herb,11,0.559093812091967,-0.00865134006752501,0.023758408323027225,1626
loo_without_repeat_06,disease_herb,12,0.597270023181001,0.031452267264160935,0.02601474993411428,1626
loo_without_repeat_06,disease_herb,13,0.6357537373450659,0.05392799879560029,0.02653208618002727,1626
loo_without_repeat_06,disease_herb,14,0.6764358028195667,0.002760504800387984,0.024763161119330017,1626
loo_without_repeat_06,disease_herb,15,0.7177313960639606,0.034274751400672175,0.02624426430412129,1626
loo_without_repeat_06,disease_herb,16,0.7617959953637998,0.024366208035623886,0.025916931678363456,1626
loo_without_repeat_06,disease_herb,17,0.8109358737818148,0.0637606502680379,0.026830642859191258,1626
loo_without_repeat_06,disease_herb,18,0.8659670971709718,0.0748936262872627,0.02658326530553251,1626
loo_without_repeat_06,disease_herb,19,0.9377188002649256,0.04587052666235454,0.02682717026238005,1626
loo_without_repeat_07,herb_herb,0,0.0875934450275161,-0.042814341982017466,0.011967103156655163,4337
loo_without_repeat_07,herb_herb,1,0.17301532623461333,-0.039811012737007656,0.011702789819518155,4337
loo_without_repeat_07,herb_herb,2,0.23274541560292358,-0.005271722217657169,0.01212278875828987,4337
loo_without_repeat_07,herb_herb,3,0.2820674443219037,-0.01593181204970667,0.011796295433434974,4337
loo_without_repeat_07,herb_herb,4,0.3258829183462001,-0.04670657702825488,0.011654251881457594,4337
loo_without_repeat_07,herb_herb,5,0.36532220651108,-0.008586424639601712,0.011910720427442765,4337
loo_without_repeat_07,herb_herb,6,0.4012250986885054,-0.0016212214641211685,0.011839925558131245,4337
loo_without_repeat_07,herb_herb,7,0.43568620805564895,0.0043573723945496716,0.011822138188389649,4337
loo_without_repeat_07,herb_herb,8,0.4689649999583299,-0.005457127913971869,0.01219832537495785,4337
loo_without_repeat_07,herb_herb,9,0.5013139947384652,-0.012444243490842806,0.01193295597809155,4337
loo_without_repeat_07,herb_herb,10,0.5338857852438114,-0.022038141565347932,0.011846083001755419,4337
loo_without_repeat_07,herb_herb,11,0.5662086668092707,0.019622024723013637,0.012088906173782506,4337
loo_without_repeat_07,herb_herb,12,0.5981101255378907,0.014239184610707811,0.011901388727547096,4337
loo_without_repeat_07,herb_herb,13,0.6295354347989145,-0.006951632939903098,0.012109381259388936,4337
loo_without_repeat_07,herb_herb,14,0.6610179708920996,0.01727926591556079,0.012149564672874093,4337
loo_without_repeat_07,herb_herb,15,0.694227868356062,0.021615795277895745,0.01228770963458237,4337
loo_without_repeat_07,herb_herb,16,0.7296106010758904,0.00308519303174984,0.01252652318355636,4336
loo_without_repeat_07,herb_herb,17,0.7683084737473881,0.02161257714552334,0.012615409319090111,4336
loo_without_repeat_07,herb_herb,18,0.815983028053172,0.048761216104640105,0.012465346270870016,4336
loo_without_repeat_07,herb_herb,19,0.8897595918730272,0.057091730442666834,0.012897645580458694,4336
loo_without_repeat_07,disease_disease,0,0.09381535378180549,-0.5639457522499307,0.0952134598641814,302
loo_without_repeat_07,disease_disease,1,0.18536510979435344,-0.2710523905615104,0.11373042741380265,151
loo_without_repeat_07,disease_disease,2,0.2393421052631579,-0.08958022259915135,0.08919423941201714,150
loo_without_repeat_07,disease_disease,3,0.28798245614035095,0.04346501902899342,0.07626813411364719,150
loo_without_repeat_07,disease_disease,4,0.33192982456140346,-0.12041220082849544,0.10239336177473748,150
loo_without_repeat_07,disease_disease,5,0.3749561403508772,-0.023729014477797194,0.0682288800136051,150
loo_without_repeat_07,disease_disease,6,0.4142105263157895,-0.0936632027812273,0.07918857875476991,150
loo_without_repeat_07,disease_disease,7,0.4542982456140351,0.06212247037934666,0.06525495612363437,150
loo_without_repeat_07,disease_disease,8,0.4940789473684211,0.02235921123372781,0.06882682314187107,150
loo_without_repeat_07,disease_disease,9,0.534561403508772,0.0370689976025721,0.066001609065744,150
loo_without_repeat_07,disease_disease,10,0.5712280701754388,0.13512696563183849,0.04794028378608467,150
loo_without_repeat_07,disease_disease,11,0.6077631578947369,0.07473195420887684,0.05463997664454664,150
loo_without_repeat_07,disease_disease,12,0.641140350877193,0.1965605986062901,0.0341914581665789,150
loo_without_repeat_07,disease_disease,13,0.6751315789473684,0.19552357374037418,0.04278957157060426,150
loo_without_repeat_07,disease_disease,14,0.7113596491228071,0.19369923373801684,0.0351063294025166,150
loo_without_repeat_07,disease_disease,15,0.7477192982456139,0.13886641236593913,0.04384018092420249,150
loo_without_repeat_07,disease_disease,16,0.7920175438596492,0.20406180598270263,0.035234248123854506,150
loo_without_repeat_07,disease_disease,17,0.8469956140350877,0.19278787305601786,0.04272535156577318,150
loo_without_repeat_07,disease_disease,18,0.9201096491228069,0.23928071280708954,0.03288825023366793,150
loo_without_repeat_07,disease_herb,0,0.07145052243392748,-0.09788881209644362,0.021485176858573464,1627
loo_without_repeat_07,disease_herb,1,0.14098033189920098,-0.029680425801763003,0.023878201994125138,1627
loo_without_repeat_07,disease_herb,2,0.1940555411091674,-0.0167891359325258,0.023811862967384387,1627
loo_without_repeat_07,disease_herb,3,0.24081012718074796,-0.05257103185688725,0.023051804548824672,1627
loo_without_repeat_07,disease_herb,4,0.28589369296959954,0.004848792220173842,0.024577977347365512,1627
loo_without_repeat_07,disease_herb,5,0.3282202969126755,-0.06135359893343929,0.022455023124859447,1627
loo_without_repeat_07,disease_herb,6,0.36811074841517644,-0.029702911626397967,0.024572911829654674,1626
loo_without_repeat_07,disease_herb,7,0.4064007947771786,-0.046294761007807696,0.023442477898391274,1626
loo_without_repeat_07,disease_herb,8,0.4448357223956854,-0.015414471854652332,0.023089418475078775,1626
loo_without_repeat_07,disease_herb,9,0.48307402545179295,-0.0453408513958582,0.023036193504192885,1626
loo_without_repeat_07,disease_herb,10,0.5203513813984294,-0.004191133039658432,0.0239574354707355,1626
loo_without_repeat_07,disease_herb,11,0.5577218752956761,0.006129569506338309,0.02443018755908421,1626
loo_without_repeat_07,disease_herb,12,0.5974252530986848,0.010469468271487599,0.02559829986724175,1626
loo_without_repeat_07,disease_herb,13,0.6370621037941149,0.050756554454039954,0.02655546331248529,1626
loo_without_repeat_07,disease_herb,14,0.677231171350175,0.0175702101750816,0.02541789561667106,1626
loo_without_repeat_07,disease_herb,15,0.7190412408931781,0.008357645593407926,0.024903623609376997,1626
loo_without_repeat_07,disease_herb,16,0.7637031057810578,0.05967947742388547,0.02718801022447162,1626
loo_without_repeat_07,disease_herb,17,0.8127749787113255,0.11349304887044462,0.027729118348408386,1626
loo_without_repeat_07,disease_herb,18,0.8675460071908411,0.10579274698419715,0.02892330842695877,1626
loo_without_repeat_07,disease_herb,19,0.9385895661841235,0.02228548364563959,0.02583531124966452,1626
loo_without_repeat_08,herb_herb,0,0.08859935939283997,-0.04189683035985651,0.012084701636969841,4337
loo_without_repeat_08,herb_herb,1,0.17404124221117812,-0.04111815787565234,0.011577761982747918,4337
loo_without_repeat_08,herb_herb,2,0.2334215811829286,0.0031532874131153903,0.012291963932350153,4337
loo_without_repeat_08,herb_herb,3,0.2827072180814566,-0.030930969815819824,0.011652206178226557,4337
loo_without_repeat_08,herb_herb,4,0.3260418200355028,-0.03971848111943134,0.011823531385307525,4337
loo_without_repeat_08,herb_herb,5,0.36524025546502353,-0.007543630931072812,0.011868605159869308,4337
loo_without_repeat_08,herb_herb,6,0.40130038253081496,-0.003940800631098797,0.011839435254547214,4337
loo_without_repeat_08,herb_herb,7,0.43544035491747946,-0.008907227100030623,0.011799907996150211,4337
loo_without_repeat_08,herb_herb,8,0.4688238774790191,0.006971513846205739,0.012177723607863197,4337
loo_without_repeat_08,herb_herb,9,0.5010503623903038,-0.010649935094721303,0.012013863907784068,4337
loo_without_repeat_08,herb_herb,10,0.5329504321181429,-0.008618539288352286,0.011949300164578588,4337
loo_without_repeat_08,herb_herb,11,0.5645076964533254,0.0012639228234918038,0.011973611889484667,4337
loo_without_repeat_08,herb_herb,12,0.5962202510757811,0.02242636792244516,0.011970901707360019,4337
loo_without_repeat_08,herb_herb,13,0.6275724988957444,0.002565322815057416,0.011998790861426634,4337
loo_without_repeat_08,herb_herb,14,0.6592750527125797,0.018797102836819155,0.012161301295638713,4337
loo_without_repeat_08,herb_herb,15,0.6924191115395407,0.0031597464111161088,0.012255670020331184,4337
loo_without_repeat_08,herb_herb,16,0.7276474903303249,0.025547162720096415,0.012662446435137288,4336
loo_without_repeat_08,herb_herb,17,0.7667585471035433,0.010060515091210386,0.012501854136398004,4336
loo_without_repeat_08,herb_herb,18,0.8152244587204909,0.04305259699310286,0.01234615387265669,4336
loo_without_repeat_08,herb_herb,19,0.8899282554572534,0.05635816510263474,0.01289490547756559,4336
loo_without_repeat_08,disease_disease,0,0.09417479958173577,-0.5486864164774052,0.09382182369503403,302
loo_without_repeat_08,disease_disease,1,0.18874172185430466,-0.3492408108787916,0.12351069693607468,151
loo_without_repeat_08,disease_disease,2,0.24175438596491225,-0.13127171846222993,0.09863773305406946,150
loo_without_repeat_08,disease_disease,3,0.29,-0.02594173296892843,0.0892207292725412,150
loo_without_repeat_08,disease_disease,4,0.3349561403508772,0.019342094693857264,0.07556266859324064,150
loo_without_repeat_08,disease_disease,5,0.3788157894736843,-0.01011215955881763,0.06648199556978544,150
loo_without_repeat_08,disease_disease,6,0.4196052631578948,-0.10510904287883967,0.07676246920589512,150
loo_without_repeat_08,disease_disease,7,0.45679824561403515,0.07517908170930698,0.07158237653740633,150
loo_without_repeat_08,disease_disease,8,0.4966447368421054,0.09795014717140797,0.055103935126269786,150
loo_without_repeat_08,disease_disease,9,0.5350657894736842,0.043143608085642736,0.06473819884148878,150
loo_without_repeat_08,disease_disease,10,0.5688596491228071,0.13538291308159744,0.04854175413900422,150
loo_without_repeat_08,disease_disease,11,0.6032894736842104,0.09663188874737669,0.05130661950791693,150
loo_without_repeat_08,disease_disease,12,0.6394298245614035,0.09424161965820547,0.050363480567889383,150
loo_without_repeat_08,disease_disease,13,0.6765350877192982,0.24057398888116713,0.03946673421932807,150
loo_without_repeat_08,disease_disease,14,0.7139473684210528,0.2046301296279202,0.034470066206186596,150
loo_without_repeat_08,disease_disease,15,0.7507017543859649,0.0925129624442905,0.05041327207975473,150
loo_without_repeat_08,disease_disease,16,0.7904385964912282,0.20049632903391446,0.03137853129267675,150
loo_without_repeat_08,disease_disease,17,0.8445614035087718,0.18735966675546323,0.04320692330966588,150
loo_without_repeat_08,disease_disease,18,0.9188596491228072,0.24124795877115826,0.03264655121699047,150
loo_without_repeat_08,disease_herb,0,0.07239610420311098,-0.08870618341560019,0.022217496506912203,1627
loo_without_repeat_08,disease_herb,1,0.14348464611602288,-0.041566016296904026,0.022990644220703745,1627
loo_without_repeat_08,disease_herb,2,0.1958270294548721,-0.01515842205270324,0.024405540779015814,1627
loo_without_repeat_08,disease_herb,3,0.24160943927001086,-0.06575786341647874,0.022613301650509194,1627
loo_without_repeat_08,disease_herb,4,0.28657628480922887,-0.00013298423982737188,0.02556279640296236,1627
loo_without_repeat_08,disease_herb,5,0.32850249397191617,-0.04240767299084852,0.02279483480052956,1627
loo_without_repeat_08,disease_herb,6,0.36743956381871506,-0.04093639659331602,0.024062119024406973,1626
loo_without_repeat_08,disease_herb,7,0.40669499243069357,-0.015277508868957266,0.024713555709885586,1626
loo_without_repeat_08,disease_herb,8,0.4448061547923171,-0.04608169583142453,0.023314531073874465,1626
loo_without_repeat_08,disease_herb,9,0.48236292459078434,-0.005150311286559569,0.023520905602536273,1626
loo_without_repeat_08,disease_herb,10,0.5192632935944744,0.0040133868633058945,0.024640879315144696,1626
loo_without_repeat_08,disease_herb,11,0.5569501608477623,0.016717116110530703,0.02490020613461038,1626
loo_without_repeat_08,disease_herb,12,0.5959720053931308,0.005934342034394733,0.02482050176786146,1626
loo_without_repeat_08,disease_herb,13,0.6352451745671303,0.04211609256188609,0.02581277004140977,1626
loo_without_repeat_08,disease_herb,14,0.6751289147506859,0.06303251033589273,0.02654244025408459,1626
loo_without_repeat_08,disease_herb,15,0.7166787893840476,0.02237234910378416,0.025746088558593568,1626
loo_without_repeat_08,disease_herb,16,0.7616363303056107,0.006653833422767027,0.02460027889881543,1626
loo_without_repeat_08,disease_herb,17,0.8105973247232472,0.12282387900538988,0.028610340144141322,1626
loo_without_repeat_08,disease_herb,18,0.8660173620966979,0.05857470620581516,0.02690584779618216,1626
loo_without_repeat_08,disease_herb,19,0.9374319945122528,0.01909288433188648,0.025631739006739353,1626
loo_without_repeat_09,herb_herb,0,0.08866742043109029,-0.043059211979254976,0.011939307380835118,4337
loo_without_repeat_09,herb_herb,1,0.17414958427206637,-0.03670649328866881,0.011718264786297911,4337
loo_without_repeat_09,herb_herb,2,0.23272624739215103,-0.01873228330550007,0.012158545126897291,4337
loo_without_repeat_09,herb_herb,3,0.28130766089490544,-0.011493274123167935,0.0118429540179759,4337
loo_without_repeat_09,herb_herb,4,0.32468948887549276,-0.02824270395565912,0.011827199789512346,4337
loo_without_repeat_09,herb_herb,5,0.363848754483,0.006580566143602012,0.011933147236014153,4337
loo_without_repeat_09,herb_herb,6,0.4007295032099808,-0.008058685065262514,0.011842949095289835,4337
loo_without_repeat_09,herb_herb,7,0.4349375366348956,-0.010453040982598466,0.011730816104999407,4337
loo_without_repeat_09,herb_herb,8,0.4680815954618566,0.0075374949857647455,0.012053833798078907,4337
loo_without_repeat_09,herb_herb,9,0.5004292012412112,-0.0007154760223041892,0.011831999389907505,4337
loo_without_repeat_09,herb_herb,10,0.5326629089565549,-0.013123399215062804,0.012028169049042036,4337
loo_without_repeat_09,herb_herb,11,0.5642115614868974,-0.010976847844753793,0.012011773672140338,4337
loo_without_repeat_09,herb_herb,12,0.5959230049087288,0.009690953091173987,0.012041836264294125,4337
loo_without_repeat_09,herb_herb,13,0.6279158598887132,0.002737035919296848,0.01221186600942485,4337
loo_without_repeat_09,herb_herb,14,0.6600051115228727,0.024641288301991224,0.01214335423001894,4337
loo_without_repeat_09,herb_herb,15,0.6935294787635671,0.002799021196123232,0.012245278749265388,4337
loo_without_repeat_09,herb_herb,16,0.7293055061574713,0.024687711968075343,0.012806846791232077,4336
loo_without_repeat_09,herb_herb,17,0.7683081958831636,0.024761245560520707,0.012346751574973096,4336
loo_without_repeat_09,herb_herb,18,0.8161333525985862,0.04131948584717466,0.012383848943616608,4336
loo_without_repeat_09,herb_herb,19,0.8896709531854354,0.036836035060056276,0.01278634538468628,4336
loo_without_repeat_09,disease_disease,0,0.09227953990937608,-0.5677602204426019,0.0952952681135248,302
loo_without_repeat_09,disease_disease,1,0.18665040083652845,-0.22273120817584977,0.11141517301899015,151
loo_without_repeat_09,disease_disease,2,0.24201754385964913,-0.14824261581467024,0.09263088487227177,150
loo_without_repeat_09,disease_disease,3,0.2900438596491228,0.09277716559043536,0.07054297459827683,150
loo_without_repeat_09,disease_disease,4,0.33228070175438595,-0.12302726316968,0.10238165042830083,150
loo_without_repeat_09,disease_disease,5,0.37982456140350884,-0.06284174938659319,0.07272819763054274,150
loo_without_repeat_09,disease_disease,6,0.4190789473684211,-0.11705119936068882,0.07464121142202303,150
loo_without_repeat_09,disease_disease,7,0.4590789473684212,0.11104167909614837,0.06324908472380297,150
loo_without_repeat_09,disease_disease,8,0.4972368421052632,0.027764641655326515,0.0796347565737189,150
loo_without_repeat_09,disease_disease,9,0.5323684210526315,0.073492066721795,0.046428013556615515,150
loo_without_repeat_09,disease_disease,10,0.5680263157894737,0.11485834035736,0.05001059784301963,150
loo_without_repeat_09,disease_disease,11,0.6035087719298244,0.15153007057743004,0.04469267945839123,150
loo_without_repeat_09,disease_disease,12,0.6398684210526316,0.09982789265249956,0.052085116201512294,150
loo_without_repeat_09,disease_disease,13,0.6739035087719298,0.2051495306913722,0.03918607687849121,150
loo_without_repeat_09,disease_disease,14,0.7128508771929826,0.13983968603346425,0.04939029231111052,150
loo_without_repeat_09,disease_disease,15,0.7498245614035087,0.11814205417746715,0.046440838864547425,150
loo_without_repeat_09,disease_disease,16,0.790482456140351,0.23008522505345028,0.03222893417443338,150
loo_without_repeat_09,disease_disease,17,0.8453070175438596,0.2058487129951818,0.04137733424766144,150
loo_without_repeat_09,disease_disease,18,0.9189912280701757,0.24811242218449556,0.03185417022092361,150
loo_without_repeat_09,disease_herb,0,0.07237541960191007,-0.08059434563131022,0.02206887464094058,1627
loo_without_repeat_09,disease_herb,1,0.14260850550801382,-0.03142666107181183,0.02390368777756304,1627
loo_without_repeat_09,disease_herb,2,0.19470710604699543,-0.02027329512301664,0.02334980796170726,1627
loo_without_repeat_09,disease_herb,3,0.24022652593258004,-0.0493980114257002,0.02398714907450486,1627
loo_without_repeat_09,disease_herb,4,0.28486980521015554,-0.011627969625444916,0.024610644381077122,1627
loo_without_repeat_09,disease_herb,5,0.32698069831213655,-0.04848977958103013,0.02221766614866611,1627
loo_without_repeat_09,disease_herb,6,0.36706405525593716,-0.024776659830449053,0.024788215342704503,1626
loo_without_repeat_09,disease_herb,7,0.405331925915413,-0.004359924492154786,0.025090373484190354,1626
loo_without_repeat_09,disease_herb,8,0.4440344403444034,0.004040117234810355,0.0236995968349774,1626
loo_without_repeat_09,disease_herb,9,0.4823732732519633,-0.017422929556667827,0.023976675514755255,1626
loo_without_repeat_09,disease_herb,10,0.5197777698930836,-0.017058104103609445,0.02339890053202837,1626
loo_without_repeat_09,disease_herb,11,0.5573655856750875,0.013515043593016416,0.02452579440593833,1626
loo_without_repeat_09,disease_herb,12,0.5961523677736777,0.03294045223943739,0.026008932916207955,1626
loo_without_repeat_09,disease_herb,13,0.6362135135774435,0.038502865530213294,0.026149564229198435,1626
loo_without_repeat_09,disease_herb,14,0.6761623024884095,-0.011197612627508772,0.024520257695884777,1626
loo_without_repeat_09,disease_herb,15,0.7176057337496453,0.025333489854073073,0.025567040716695782,1626
loo_without_repeat_09,disease_herb,16,0.7627613776137762,0.05306866612716789,0.027001101946371803,1626
loo_without_repeat_09,disease_herb,17,0.8117282855520863,0.0486243871878318,0.02667828855250022,1626
loo_without_repeat_09,disease_herb,18,0.8658281294351404,0.0260675718390754,0.02536678337770738,1626
loo_without_repeat_09,disease_herb,19,0.9379745600340619,0.07468141413863683,0.027806066845897065,1626
loo_without_repeat_10,herb_herb,0,0.08786207777848772,-0.05242343791704989,0.01198869467379344,4337
loo_without_repeat_10,herb_herb,1,0.17321617574749076,-0.03808193802454764,0.011569794041558256,4337
loo_without_repeat_10,herb_herb,2,0.23247900525320095,-0.010542591753756722,0.012052001442679153,4337
loo_without_repeat_10,herb_herb,3,0.28097263390662025,-0.015134767734623644,0.011892130553626423,4337
loo_without_repeat_10,herb_herb,4,0.32390553683491174,-0.043506836412242185,0.011794221858008004,4337
loo_without_repeat_10,herb_herb,5,0.3631517538912857,-0.0010037508871481569,0.011991597222385176,4337
loo_without_repeat_10,herb_herb,6,0.40015084548477514,-0.01932946130812688,0.011901269583099535,4337
loo_without_repeat_10,herb_herb,7,0.43477780154512446,-0.0034980493095428263,0.011813168121072243,4337
loo_without_repeat_10,herb_herb,8,0.4685002402971351,0.013727717771706177,0.011957008229390312,4337
loo_without_repeat_10,herb_herb,9,0.5007795072380831,0.008075375068502942,0.011996529467654697,4337
loo_without_repeat_10,herb_herb,10,0.5330668303835587,-0.025336322841305416,0.011956559513365448,4337
loo_without_repeat_10,herb_herb,11,0.5650085701348164,-0.00031479043297814207,0.012009334661754342,4337
loo_without_repeat_10,herb_herb,12,0.5971803284153446,0.015825373022749646,0.011901282784780793,4337
loo_without_repeat_10,herb_herb,13,0.6289570548738649,0.01231010970391503,0.012204474897722625,4337
loo_without_repeat_10,herb_herb,14,0.6606346066766489,0.004244570966197839,0.012069283388232703,4337
loo_without_repeat_10,herb_herb,15,0.6934347489103287,0.014712469002794057,0.012119772283439178,4337
loo_without_repeat_10,herb_herb,16,0.7286177922020184,0.012848328514731507,0.012660977192744147,4336
loo_without_repeat_10,herb_herb,17,0.7673962454985995,0.03521821637481756,0.012603207158330949,4336
loo_without_repeat_10,herb_herb,18,0.8148812964033255,0.046082652129397605,0.012420442420973761,4336
loo_without_repeat_10,herb_herb,19,0.8890246409994221,0.04615948561888141,0.01293495664518653,4336
loo_without_repeat_10,disease_disease,0,0.09504618333914254,-0.5355484750803907,0.09330995823627579,302
loo_without_repeat_10,disease_disease,1,0.19035378180550716,-0.2588006057561976,0.10950584430677815,151
loo_without_repeat_10,disease_disease,2,0.24333333333333335,-0.09806378038501369,0.09508660675385415,150
loo_without_repeat_10,disease_disease,3,0.289342105263158,-0.0737134597070361,0.09629106320506334,150
loo_without_repeat_10,disease_disease,4,0.33307017543859646,-0.02205664647497643,0.0907546675182751,150
loo_without_repeat_10,disease_disease,5,0.378421052631579,-0.06453918791194671,0.07652401368558824,150
loo_without_repeat_10,disease_disease,6,0.41635964912280704,-0.048368641281191276,0.0706009098567311,150
loo_without_repeat_10,disease_disease,7,0.45495614035087717,0.021523494499454,0.06405611576236948,150
loo_without_repeat_10,disease_disease,8,0.4957894736842106,-0.012384027270335333,0.07543220082305939,150
loo_without_repeat_10,disease_disease,9,0.5360087719298247,0.059467200414619774,0.06148484782188027,150
loo_without_repeat_10,disease_disease,10,0.5717105263157894,0.1404274312573902,0.05194559813229316,150
loo_without_repeat_10,disease_disease,11,0.6062719298245614,0.10376652422057196,0.04990908629863969,150
loo_without_repeat_10,disease_disease,12,0.6407894736842105,0.19806298102590997,0.03535674615703954,150
loo_without_repeat_10,disease_disease,13,0.6732894736842105,0.22426277494081892,0.036583117385621956,150
loo_without_repeat_10,disease_disease,14,0.7112280701754388,0.11537838479132437,0.050186106474298726,150
loo_without_repeat_10,disease_disease,15,0.7491666666666665,0.12036265404806432,0.04542659098483336,150
loo_without_repeat_10,disease_disease,16,0.7885526315789473,0.21740705740212227,0.032499587101299236,150
loo_without_repeat_10,disease_disease,17,0.8421491228070176,0.20571904545192565,0.040672861561861444,150
loo_without_repeat_10,disease_disease,18,0.9182894736842108,0.25151173460139037,0.03164294824713777,150
loo_without_repeat_10,disease_herb,0,0.0719705924069784,-0.09549906292415625,0.022029526173223395,1627
loo_without_repeat_10,disease_herb,1,0.14219185854096733,-0.027732048787625536,0.023857515361167987,1627
loo_without_repeat_10,disease_herb,2,0.19443081887381208,-0.038427291031254425,0.023372203600977175,1627
loo_without_repeat_10,disease_herb,3,0.24075693820623137,-0.034528849576028274,0.024579594969489308,1627
loo_without_repeat_10,disease_herb,4,0.28572969363150674,-0.009572002885439268,0.02427529654286007,1627
loo_without_repeat_10,disease_herb,5,0.3274786062124722,-0.03296613635055378,0.02350405894463967,1627
loo_without_repeat_10,disease_herb,6,0.36710397152048446,-0.04625767708549093,0.02390908117875366,1626
loo_without_repeat_10,disease_herb,7,0.40553446399848614,-0.03707959941225833,0.023673242542285658,1626
loo_without_repeat_10,disease_herb,8,0.4441423620966979,-0.019759639072630692,0.02355546926533689,1626
loo_without_repeat_10,disease_herb,9,0.48147737486990255,-0.027619141648267766,0.02346816408202305,1626
loo_without_repeat_10,disease_herb,10,0.519350518024411,0.004582429125367578,0.024528680178711206,1626
loo_without_repeat_10,disease_herb,11,0.5566337874917211,-0.0004362575758219072,0.023331226405847377,1626
loo_without_repeat_10,disease_herb,12,0.594597111836503,0.023988281429106265,0.025872359144546477,1626
loo_without_repeat_10,disease_herb,13,0.6339101972750496,0.03279078908237648,0.025410494778050415,1626
loo_without_repeat_10,disease_herb,14,0.6740585675087521,-0.019331835310366516,0.023951518015111063,1626
loo_without_repeat_10,disease_herb,15,0.716406767433059,0.05667597036459843,0.02622590912071324,1626
loo_without_repeat_10,disease_herb,16,0.761161770271549,0.05247355159792222,0.02724656726897973,1626
loo_without_repeat_10,disease_herb,17,0.8107865573848047,0.04215255466500497,0.025363865041594814,1626
loo_without_repeat_10,disease_herb,18,0.8666678493708013,0.0939693546182924,0.0280896153268428,1626
loo_without_repeat_10,disease_herb,19,0.9384151173242501,0.08272342836120748,0.028101717330879728,1626
