analysis,bin_id,x_mean,null_mean,null_median,null_mean_within_bin_sem,null_sem_across_permutations,null_q025,null_q975,n_permutations,mean_pairs_per_bin
disease_disease,0,0.05313262460787729,-0.0020478195620807858,0.0012676191135110948,0.054661256939651355,0.0016309428245246834,-0.10688736529725835,0.0898270477244948,1000,302.0
disease_disease,1,0.14290693621470887,-0.0013006563748109534,0.0013967810504089155,0.0764958196298039,0.002454727007971595,-0.16169516272185966,0.1390938824433298,1000,151.0
disease_disease,2,0.19925438596491227,-0.0018233779058202072,0.000114492044667532,0.07673209399029304,0.002330100872675875,-0.14968886909581117,0.1395903576524606,1000,150.0
disease_disease,3,0.2522587719298245,-0.0014003458583732435,0.003001151926544242,0.07708363476540726,0.002379675813793071,-0.15304017799256436,0.13874001950483644,1000,150.0
disease_disease,4,0.30993421052631565,0.001177763363214666,0.0015151303332951145,0.07622752407109236,0.002417964103536331,-0.15030011636680402,0.14617791441647615,1000,150.0
disease_disease,5,0.36118421052631583,-0.00474631284549108,-9.53251108747703e-06,0.07770458628895147,0.002478353972310602,-0.16293522249321743,0.13943713663168386,1000,150.0
disease_disease,6,0.4033991228070175,-0.00525997083447046,-0.002470422575083761,0.07727072644903901,0.002403430333571545,-0.16191770219393034,0.12960306290093646,1000,150.0
disease_disease,7,0.45063596491228075,0.0007078474230431987,0.007473258327699666,0.07646117395027961,0.0024350581103322923,-0.1549428309018823,0.13514570718195176,1000,150.0
disease_disease,8,0.4995614035087719,0.0007015166339168704,0.007149593467465535,0.07661824419643812,0.0024118548415130725,-0.15110585605203541,0.13675587977593998,1000,150.0
disease_disease,9,0.5442982456140352,-0.0011135360711263587,0.0005712356825368363,0.0763958120733815,0.0023043441015348273,-0.1531923292953295,0.1309473223759718,1000,150.0
disease_disease,10,0.5835526315789475,0.0022073797645097586,0.006575249437838084,0.0761785004340228,0.002400308779504642,-0.15560891229539886,0.13662697110843522,1000,150.0
disease_disease,11,0.622280701754386,0.0028773795796226916,0.006549409464217281,0.0760844092273361,0.002334642416557552,-0.14741020440346148,0.13996257386492147,1000,150.0
disease_disease,12,0.6624122807017543,-0.002972936576424655,0.004282109960553063,0.0771443949476,0.0023556185046405696,-0.15724668400285127,0.1284178200217231,1000,150.0
disease_disease,13,0.7043421052631581,0.0009998113776233874,0.006081029416532123,0.076341344478424,0.002374935263938925,-0.15212368642777632,0.1374255001999687,1000,150.0
disease_disease,14,0.7432894736842107,-0.0011531594047993182,0.0038238488420709663,0.07649640562037666,0.002364838665147306,-0.15928220321026218,0.1341457852672396,1000,150.0
disease_disease,15,0.7845175438596493,0.0007755748158494795,0.00556684076370269,0.07640200591909309,0.002430645759573292,-0.15628369890600813,0.13735092966257217,1000,150.0
disease_disease,16,0.8258771929824563,0.005733769093634728,0.008312420975046544,0.0758465972753604,0.0023593368299567306,-0.14955136417260975,0.14069900472200753,1000,150.0
disease_disease,17,0.8740789473684211,0.0047713994032447925,0.008627419312732023,0.07574131171685951,0.002351470858040023,-0.15108706439115996,0.14282620763931686,1000,150.0
disease_disease,18,0.9382894736842107,0.00394946884414477,0.006097700991540443,0.07593930424206298,0.0024283412957893068,-0.1480188044352199,0.15100184085341087,1000,150.0
disease_herb,0,0.02387593967188312,0.0013574831217236778,-0.0022756313028507256,0.02468605833931281,0.001628787643320385,-0.09161260541073783,0.1046699584398475,1000,1627.0
disease_herb,1,0.07401541298283766,0.0021144410868211318,0.0007335639823738367,0.024788789940622877,0.0013778318093425569,-0.07487528717465239,0.08962865480519203,1000,1627.0
disease_herb,2,0.12415488629379225,0.0027107592034639172,0.0030379619269277148,0.02480736481862686,0.001300610991470965,-0.07499614860728415,0.08088139732550484,1000,1627.0
disease_herb,3,0.17429435960474676,0.0029827549591186124,0.0031651699902751785,0.024801318645959386,0.001306399002907907,-0.07456569140235086,0.08363605995499081,1000,1627.0
disease_herb,4,0.22443383291570132,0.00137987077027289,0.0014265247399673628,0.024780768450859574,0.0011652927794669928,-0.06911991036234552,0.07629815160921731,1000,1627.0
disease_herb,5,0.2745733062266559,0.001806375750955467,0.00025368812616096705,0.024764327073431767,0.001146890547289781,-0.06525783452854046,0.07203939110023296,1000,1627.0
disease_herb,6,0.3246966363894409,0.0009193497247145215,-0.0007913917844683055,0.02478744996957439,0.0010835259161181743,-0.06308157338405801,0.07328230136379123,1000,1626.0
disease_herb,7,0.3748225943797899,-0.0008810367842809235,-0.0015991370145317428,0.024696428222049847,0.0010402451189044642,-0.06541558990573045,0.06751860279479842,1000,1626.0
disease_herb,8,0.4249308118081182,0.00021187455965905028,-0.0023464788080126498,0.02476884668237718,0.0009567319064399539,-0.05493293722048187,0.060874324410762196,1000,1626.0
disease_herb,9,0.475039029236446,0.0004066070809971053,-0.00042466411266881834,0.024771351906489856,0.000955915805600421,-0.053875227235805165,0.05928630176113416,1000,1626.0
disease_herb,10,0.5251472466647743,-0.0007273409010357856,-0.00015486851949200547,0.024712035833689843,0.0009225815355056016,-0.05798960019413983,0.05724550993107229,1000,1626.0
disease_herb,11,0.5752554640931022,-0.0008453773069402689,-0.0021984627750777754,0.02473216946096982,0.0009465172490560504,-0.0582504670595411,0.058283477872465565,1000,1626.0
disease_herb,12,0.6253636815214306,-0.0013156378869724412,-0.0023058640638489473,0.024691912914635277,0.0009704471577026847,-0.06037781490568108,0.06236464992926294,1000,1626.0
disease_herb,13,0.6754807692307693,-0.0006369186401320215,-0.002088208259329207,0.02469621305509523,0.0010435742734932736,-0.06118306351723138,0.06407265223651654,1000,1626.0
disease_herb,14,0.7255978569401079,-0.0012784817176292478,-0.0008235639210009581,0.024689183851133053,0.001181657923980544,-0.07106641727968871,0.07657856002406038,1000,1626.0
disease_herb,15,0.7757060743684362,-0.0006998358120228671,-0.0018583490017763144,0.0246781570566454,0.0013028760739851172,-0.07709113099971464,0.08190292328582864,1000,1626.0
disease_herb,16,0.825814291796764,-0.0010848210177490326,-0.0023458585721520438,0.024656037436024014,0.001371005143425173,-0.08343166586252028,0.08612730793276027,1000,1626.0
disease_herb,17,0.875922509225092,-0.0026306989654983418,-0.004510826980939851,0.02453810493488573,0.0015760078267236096,-0.09568177395521722,0.10002109014011765,1000,1626.0
disease_herb,18,0.9260307266534207,-0.0015637827059393273,-0.004286623771636406,0.024528975727402553,0.001983850727716175,-0.12019625699943999,0.13002680857568005,1000,1626.0
disease_herb,19,0.9761389440817486,-0.002233180881698536,-0.008044221569805422,0.02425916870369971,0.003031638399802468,-0.16620390643901692,0.20506923891398232,1000,1626.0
herb_herb,0,0.02769250856318982,-9.067161371375432e-05,-0.000161031649624601,0.01207149059569607,0.0004554008863991198,-0.03006137356564583,0.02701922295439861,1000,4337.0
herb_herb,1,0.08365618341477508,8.190094664660041e-05,-0.00034849833039428575,0.012083310741002988,0.0004799710082164204,-0.028763380131903712,0.029508092412804353,1000,4337.0
herb_herb,2,0.1391820452203094,0.0005287584934706683,0.0018727066215852679,0.012082650111453251,0.0005168622501201141,-0.03072292463882045,0.03193925736763062,1000,4337.0
herb_herb,3,0.19408341227487774,0.00019577362859054642,0.00038522654020750656,0.012081548321632486,0.0005014095541744973,-0.030079732046549134,0.031496174001193936,1000,4337.0
herb_herb,4,0.24812998824905333,-0.0006191513510244755,-0.00048783387196869605,0.01207594670768482,0.0005019973753860164,-0.03143841240625976,0.030792644759283557,1000,4337.0
herb_herb,5,0.30006722763778193,-9.383856579243438e-05,-0.00034757631189158227,0.0120813864490652,0.00047271092931563773,-0.02829310733433445,0.030201869339633616,1000,4337.0
herb_herb,6,0.35170527625836534,-6.52247715802419e-05,-0.0001337461606329843,0.012070862020582038,0.0004892491545270569,-0.028511913581621303,0.031190280376834825,1000,4337.0
herb_herb,7,0.40029613496642796,0.00022972234124031188,0.00018636886331053804,0.012077235212677773,0.000457539639206956,-0.026933582329752067,0.02863679054840571,1000,4337.0
herb_herb,8,0.44826749932633453,0.0009581876437334756,0.0010618360322035866,0.012075748007561579,0.00046096719252482004,-0.02696221773431921,0.02958648564387259,1000,4337.0
herb_herb,9,0.4947345758408319,0.00017679524078212803,0.0003046114328336429,0.01207955848683103,0.00040998489807393104,-0.02420459546624288,0.024202598302712593,1000,4337.0
herb_herb,10,0.5391870456231195,2.3192447711817317e-05,7.235654867862366e-05,0.012078604842645287,0.00040960611714311673,-0.025942955428060768,0.026240355806893486,1000,4337.0
herb_herb,11,0.5822113448027758,0.0009799799440929667,0.0011572299553662378,0.012078769278230449,0.00040754554741942564,-0.024760238918078232,0.0251323773919623,1000,4337.0
herb_herb,12,0.6250525736795464,-0.0001707479652283856,-0.00036154805287520536,0.012082207643530992,0.00039576362089083797,-0.02469121553585758,0.025285878959067767,1000,4337.0
herb_herb,13,0.6664595203502504,-0.0001554289511730063,-0.0004106726282503887,0.01208436866221218,0.00038471891731767374,-0.02335583077414767,0.02428785657309768,1000,4337.0
herb_herb,14,0.7069236132910709,0.0004413777004768399,0.0003994156651696434,0.01207590156902003,0.0003830418860457896,-0.024288732351066464,0.02452393285812097,1000,4337.0
herb_herb,15,0.7475454967205691,-0.0007499950774859602,-0.0011091551025000147,0.012070105126837458,0.0004417768296030218,-0.026130804210727766,0.027044835608019267,1000,4337.0
herb_herb,16,0.788134919752812,0.0002916813551040916,0.0007819343280371844,0.012075481426405679,0.0005632829651499742,-0.03434044904981621,0.03392483566130883,1000,4336.0
herb_herb,17,0.8316092784421817,-0.000720700092213889,-0.0004191997342374844,0.012061050541257449,0.0006491397641020181,-0.03765207473643377,0.038942050821811486,1000,4336.0
herb_herb,18,0.8808265349219758,-0.0002465475214037119,0.0005016042194351829,0.012053867948426625,0.0008775785245771194,-0.0551767501687361,0.052643332592131505,1000,4336.0
herb_herb,19,0.9445680322767078,-0.0009954491251512028,-0.003076306988663909,0.012028329759790008,0.0013516396271242097,-0.0819583087658739,0.08242594503541986,1000,4336.0
