herbs,categories,rank
白芍,Cold & Cool,352
黄芩,Cold & Cool,220
黄连,Cold & Cool,215
大黄,Cold & Cool,187
干地黄,Cold & Cool,452
麦门冬,Cold & Cool,312
枳壳,Cold & Cool,177
朱砂,Cold & Cool,655
柴胡,Cold & Cool,646
赤芍,Cold & Cool,433
栀子,Cold & Cool,120
升麻,Cold & Cool,288
黄柏,Cold & Cool,103
石膏,Cold & Cool,602
香附,Cold & Cool,361
梅花冰片,Cold & Cool,281
白矾,Cold & Cool,270
知母,Cold & Cool,597
木通,Cold & Cool,77
牡丹皮,Cold & Cool,635
玄参,Cold & Cool,225
连翘,Cold & Cool,253
犀角,Cold & Cool,448
泽泻,Cold & Cool,360
轻粉,Cold & Cool,208
薄荷,Cold & Cool,366
桑白皮,Cold & Cool,363
天花粉,Cold & Cool,535
川贝母,Cold & Cool,538
牛黄,Cold & Cool,503
枳实,Cold & Cool,128
前胡,Cold & Cool,601
地骨皮,Cold & Cool,579
滑石,Cold & Cool,140
三棱,Cold & Cool,202
羚羊角,Cold & Cool,720
菊花,Cold & Cool,573
牛蒡子,Cold & Cool,204
鳖甲,Cold & Cool,497
铅丹,Cold & Cool,265
牵牛子,Cold & Cool,317
芒消,Cold & Cool,88
车前子,Cold & Cool,269
秦艽,Cold & Cool,704
金银花,Cold & Cool,35
蝉蜕,Cold & Cool,245
天门冬,Cold & Cool,555
青黛,Cold & Cool,158
穿山甲,Cold & Cool,144
苦参,Cold & Cool,515
防己,Cold & Cool,501
薏苡仁,Cold & Cool,530
石斛,Cold & Cool,677
硼砂,Cold & Cool,25
牡蛎,Cold & Cool,725
龙胆,Cold & Cool,514
丹参,Cold & Cool,159
朴消,Cold & Cool,194
珍珠,Cold & Cool,235
地榆,Cold & Cool,199
郁金,Cold & Cool,104
蔓荆子,Cold & Cool,577
胡黄连,Cold & Cool,79
葶苈子,Cold & Cool,301
寒水石,Cold & Cool,186
白蔹,Cold & Cool,236
川楝子,Cold & Cool,457
地龙,Cold & Cool,732
水银,Cold & Cool,323
赤小豆,Cold & Cool,319
柑皮,Cold & Cool,185
铅粉,Cold & Cool,89
麻油,Cold & Cool,384
五倍子,Cold & Cool,111
大青盐,Cold & Cool,450
白及,Cold & Cool,66
天竹黄,Cold & Cool,528
芦荟,Cold & Cool,47
射干,Cold & Cool,95
竹茹,Cold & Cool,365
食盐,Cold & Cool,184
甘遂,Cold & Cool,237
栝楼,Cold & Cool,375
决明子,Cold & Cool,449
龟甲,Cold & Cool,274
胆星,Cold & Cool,685
孩儿茶,Cold & Cool,17
瞿麦,Cold & Cool,98
钩藤,Cold & Cool,443
茵陈蒿,Cold & Cool,14
沙参,Cold & Cool,719
常山,Cold & Cool,431
白鲜皮,Cold & Cool,578
百合,Cold & Cool,478
侧柏叶,Cold & Cool,614
龙齿,Cold & Cool,627
铜绿,Cold & Cool,393
罂粟壳,Cold & Cool,26
石决明,Cold & Cool,254
枇杷叶,Cold & Cool,428
竹叶,Cold & Cool,513
胆矾,Cold & Cool,37
蛤蜊粉,Cold & Cool,275
熊胆,Cold & Cool,9
槐花,Cold & Cool,160
槐角,Cold & Cool,378
益母草,Cold & Cool,467
代赭石,Cold & Cool,419
紫草,Cold & Cool,86
银箔,Cold & Cool,613
蕤仁,Cold & Cool,347
青木香,Cold & Cool,408
冬葵子,Cold & Cool,100
大戟,Cold & Cool,282
雷丸,Cold & Cool,138
灯心草,Cold & Cool,313
白薇,Cold & Cool,684
柳枝,Cold & Cool,551
通草,Cold & Cool,436
栝楼子,Cold & Cool,468
猪脂膏,Cold & Cool,183
白茅根,Cold & Cool,242
淡竹叶,Cold & Cool,222
青蒿,Cold & Cool,561
藜芦,Cold & Cool,658
青葙子,Cold & Cool,383
海藻,Cold & Cool,51
芦根,Cold & Cool,293
茺蔚子,Cold & Cool,349
玄明粉,Cold & Cool,62
桑叶,Cold & Cool,686
漏芦,Cold & Cool,123
虾蟆,Cold & Cool,29
铅霜,Cold & Cool,475
大青,Cold & Cool,87
绿矾,Cold & Cool,34
人中白,Cold & Cool,155
昆布,Cold & Cool,97
贯众,Cold & Cool,5
车前草,Cold & Cool,164
禹余粮,Cold & Cool,543
小麦,Cold & Cool,145
蒲公英,Cold & Cool,45
茜草,Cold & Cool,476
夜明砂,Cold & Cool,63
石韦,Cold & Cool,198
甘菊,Cold & Cool,109
甘草节,Cold & Cool,206
甜瓜蒂,Cold & Cool,710
虻虫,Cold & Cool,480
夏枯草,Cold & Cool,249
马兜铃,Cold & Cool,608
秦皮,Cold & Cool,371
商陆,Cold & Cool,338
地肤子,Cold & Cool,210
鬼箭羽,Cold & Cool,520
茶叶,Cold & Cool,430
蜇虫,Cold & Cool,20
苍耳,Cold & Cool,259
酥,Cold & Cool,309
铅,Cold & Cool,632
蟾蜍,Cold & Cool,416
密蒙花,Cold & Cool,694
绿豆,Cold & Cool,257
猪肉,Cold & Cool,653
竹沥,Cold & Cool,600
楮实,Cold & Cool,650
绿豆粉,Cold & Cool,461
防葵,Cold & Cool,224
马钱子,Cold & Cool,521
浮萍,Cold & Cool,439
墨旱莲,Cold & Cool,516
浙贝母,Cold & Cool,395
石莲,Cold & Cool,668
八角莲,Cold & Cool,252
苦楝皮,Cold & Cool,248
海金沙,Cold & Cool,84
紫花地丁,Cold & Cool,472
粟米,Cold & Cool,321
蜗牛,Cold & Cool,19
榆白皮,Cold & Cool,377
冬瓜子,Cold & Cool,599
蜣螂,Cold & Cool,260
荸荠,Cold & Cool,603
天灵盖,Cold & Cool,773
石燕,Cold & Cool,23
大青叶,Cold & Cool,150
水苏,Cold & Cool,665
梨,Cold & Cool,622
猪胆,Cold & Cool,575
甘草梢,Cold & Cool,216
芝麻菜,Cold & Cool,474
黑参,Cold & Cool,382
蛇含石,Cold & Cool,327
忍冬藤,Cold & Cool,292
山慈菇,Cold & Cool,162
玄精石,Cold & Cool,696
虎睛,Cold & Cool,491
芙蓉叶,Cold & Cool,165
马齿苋,Cold & Cool,61
人中黄,Cold & Cool,58
象牙,Cold & Cool,6
大蓟,Cold & Cool,423
女贞子,Cold & Cool,638
莲子心,Cold & Cool,43
椿白皮,Cold & Cool,562
蚱蝉,Cold & Cool,633
银柴胡,Cold & Cool,610
虎杖,Cold & Cool,505
生姜皮,Cold & Cool,404
甜瓜子,Cold & Cool,779
人尿,Cold & Cool,548
凌霄花,Cold & Cool,746
莱菔,Cold & Cool,189
白头翁,Cold & Cool,219
小蓟,Cold & Cool,410
针砂,Cold & Cool,93
黄药子,Cold & Cool,40
板蓝根,Cold & Cool,303
荠苨,Cold & Cool,399
泽漆,Cold & Cool,116
无名异,Cold & Cool,119
藕,Cold & Cool,161
铁,Cold & Cool,591
土贝母,Cold & Cool,173
败酱,Cold & Cool,218
鲜地黄,Cold & Cool,337
桑椹子,Cold & Cool,764
豨莶,Cold & Cool,730
蝼蛄,Cold & Cool,11
西洋参,Cold & Cool,554
曾青,Cold & Cool,230
秫米,Cold & Cool,59
浮海石,Cold & Cool,258
萹蓄,Cold & Cool,196
石龙芮,Cold & Cool,661
牛胆,Cold & Cool,324
北沙参,Cold & Cool,460
棘针,Cold & Cool,33
马蔺花,Cold & Cool,96
石见穿,Cold & Cool,46
蔷薇根,Cold & Cool,388
水牛角,Cold & Cool,616
鸡冠花,Cold & Cool,125
红大戟,Cold & Cool,373
蛤壳,Cold & Cool,69
秋石,Cold & Cool,695
牡鼠粪,Cold & Cool,552
浮石,Cold & Cool,330
牛乳,Cold & Cool,328
丝瓜,Cold & Cool,232
柿霜,Cold & Cool,8
玳瑁,Cold & Cool,759
木蓝,Cold & Cool,343
络石藤,Cold & Cool,285
羊肝,Cold & Cool,356
藤黄,Cold & Cool,151
樗白皮,Cold & Cool,707
紫葛,Cold & Cool,67
大叶藻,Cold & Cool,256
葛花,Cold & Cool,481
牛蒡根,Cold & Cool,742
五谷虫,Cold & Cool,113
井泉石,Cold & Cool,766
马鞭草,Cold & Cool,38
苦竹叶,Cold & Cool,70
蟾头,Cold & Cool,56
蚌粉,Cold & Cool,49
蜘蛛,Cold & Cool,402
不灰木,Cold & Cool,563
蛇含,Cold & Cool,18
藏羚角,Cold & Cool,190
白药子,Cold & Cool,581
金钟茵陈,Cold & Cool,276
梅花,Cold & Cool,91
木防己,Cold & Cool,727
寒食面,Cold & Cool,558
蚺蛇胆,Cold & Cool,181
苎麻根,Cold & Cool,618
黄矾,Cold & Cool,57
空青,Cold & Cool,124
浮小麦,Cold & Cool,426
茄根,Cold & Cool,620
荞麦,Cold & Cool,191
水红花子,Cold & Cool,81
胡桐泪,Cold & Cool,264
鲤鱼胆,Cold & Cool,147
石龙子,Cold & Cool,531
大麦,Cold & Cool,42
望月砂,Cold & Cool,492
冬葵根,Cold & Cool,171
石碱,Cold & Cool,682
蚤休,Cold & Cool,296
田螺,Cold & Cool,678
丝带蕨,Cold & Cool,549
青蒿子,Cold & Cool,344
狗胆,Cold & Cool,364
白贝,Cold & Cool,121
猪蹄甲,Cold & Cool,31
蜗牛壳,Cold & Cool,300
鲤鱼鳞,Cold & Cool,421
芜菁子,Cold & Cool,529
水龙骨,Cold & Cool,729
海粉,Cold & Cool,10
铅灰,Cold & Cool,368
鸡子白,Cold & Cool,3
管仲,Cold & Cool,740
小萹蓄,Cold & Cool,205
桐油,Cold & Cool,569
苦楝子,Cold & Cool,247
薄荷脑,Cold & Cool,370
鼠妇,Cold & Cool,369
石蟹,Cold & Cool,711
红花子,Cold & Cool,217
冬瓜,Cold & Cool,139
羊胆,Cold & Cool,763
羊蹄,Cold & Cool,283
黄蜀葵花,Cold & Cool,44
葛粉,Cold & Cool,234
雷公藤,Cold & Cool,193
石莲子,Cold & Cool,64
蓝实,Cold & Cool,277
锡,Cold & Cool,354
栝楼皮,Cold & Cool,197
闾茹,Cold & Cool,108
青鱼胆,Cold & Cool,212
土荆皮,Cold & Cool,52
拳参,Cold & Cool,748
兔肝,Cold & Cool,437
木槿皮,Cold & Cool,13
百眼藤,Cold & Cool,325
绿豆皮,Cold & Cool,169
壁虎,Cold & Cool,631
天名精,Cold & Cool,130
金精石,Cold & Cool,673
西瓜霜,Cold & Cool,78
景天,Cold & Cool,358
木蝴蝶,Cold & Cool,455
柳根,Cold & Cool,314
李根皮,Cold & Cool,329
桑柴灰,Cold & Cool,233
蕨,Cold & Cool,50
枸杞叶,Cold & Cool,718
珍珠母,Cold & Cool,427
甘草,Mild,305
茯苓,Mild,483
桔梗,Mild,397
牛膝,Mild,726
没药,Mild,663
赤茯苓,Mild,403
山药,Mild,605
全蝎,Mild,628
葛根,Mild,485
天麻,Mild,716
白僵蚕,Mild,534
桃仁,Mild,444
诃子,Mild,73
茯神,Mild,713
龙骨,Mild,596
阿胶,Mild,542
乌梅,Mild,118
酸枣仁,Mild,708
枸杞子,Mild,619
菟丝子,Mild,747
麦芽,Mild,304
血竭,Mild,239
刺蒺藜,Mild,243
琥珀,Mild,473
柏子仁,Mild,659
萆薢,Mild,494
猪苓,Mild,136
蒲黄,Mild,122
淡豆豉,Mild,389
黑大豆,Mild,527
蜂蜜,Mild,487
血余,Mild,308
蜂蜡,Mild,167
郁李仁,Mild,175
蛇蜕,Mild,336
粳米,Mild,519
火麻仁,Mild,221
莱菔子,Mild,137
阿魏,Mild,442
白扁豆,Mild,157
乌蛇,Mild,689
莲子,Mild,699
磁石,Mild,634
木贼,Mild,287
玉竹,Mild,462
桑寄生,Mild,775
党参,Mild,670
密陀僧,Mild,27
金箔,Mild,703
苏木,Mild,244
蓖麻子,Mild,110
自然铜,Mild,757
露蜂房,Mild,101
芡实,Mild,754
炉甘石,Mild,213
桑螵蛸,Mild,385
墨,Mild,607
覆盆子,Mild,675
海桐皮,Mild,741
黑芝麻,Mild,656
川牛膝,Mild,640
铁粉,Mild,523
水蛭,Mild,424
安息香,Mild,693
小谷精草,Mild,294
鸡内金,Mild,129
槐枝,Mild,641
枫香脂,Mild,738
桑枝,Mild,762
雌黄,Mild,709
鹤虱,Mild,231
刺猬皮,Mild,315
白石脂,Mild,334
土茯苓,Mild,99
土瓜,Mild,595
鸡子,Mild,376
灵香草,Mild,679
荷叶,Mild,700
莲须,Mild,778
青礞石,Mild,728
桃枝,Mild,16
石南,Mild,201
百药煎,Mild,345
王不留行,Mild,348
慈乌,Mild,318
黄精,Mild,415
胭脂,Mild,142
狼毒,Mild,83
麻黄根,Mild,745
白沙糖,Mild,351
卷柏,Mild,651
谷芽,Mild,240
白皮,Mild,381
黄明胶,Mild,440
马勃,Mild,15
鲫鱼,Mild,154
蛤蚧,Mild,489
雀瓮,Mild,666
棕榈皮,Mild,374
橘核,Mild,255
陈仓米,Mild,261
菟丝,Mild,532
金樱子,Mild,733
茯苓皮,Mild,331
白梅,Mild,398
红豆,Mild,566
藕节,Mild,241
亚麻子,Mild,724
紫草茸,Mild,182
芸薹子,Mild,559
桑耳,Mild,346
紫荆皮,Mild,611
鱼鳔,Mild,735
槐白皮,Mild,272
白果,Mild,702
铁精,Mild,676
木耳,Mild,687
大豆黄卷,Mild,417
陆英,Mild,284
紫贝,Mild,598
猪肾,Mild,755
人乳汁,Mild,750
花蕊石,Mild,644
松萝,Mild,697
鲤鱼,Mild,107
柿蒂,Mild,65
桃茎白皮,Mild,60
棕榈炭,Mild,536
佩兰,Mild,4
柏根白皮,Mild,68
乌骨鸡,Mild,537
红娘子,Mild,367
桃花,Mild,464
猪胰,Mild,302
莲房,Mild,525
猪蹄,Mild,586
橄榄,Mild,132
橘叶,Mild,674
野菊花,Mild,372
珊瑚,Mild,335
乌鸦,Mild,749
驴肉,Mild,606
玉,Mild,486
小草,Mild,660
冰糖,Mild,453
猕猴骨,Mild,268
蚕退纸,Mild,286
枫香树叶,Mild,407
鹅肉,Mild,280
榼藤子,Mild,391
人指甲,Mild,465
马蔺子,Mild,580
陆英根,Mild,434
橘,Mild,576
鼠曲草,Mild,636
瓦楞子,Mild,299
甘蓝,Mild,387
榧子,Mild,560
小青,Mild,250
菝葜,Mild,333
向日葵子,Mild,156
紫檀,Mild,146
鸡子黄,Mild,355
蝙蝠,Mild,654
绿盐,Mild,263
桃胶,Mild,32
鸡子壳,Mild,148
蚕蜕,Mild,495
番红花,Mild,482
莲花,Mild,228
水蓼,Mild,540
羊髓,Mild,188
鳗鲡鱼,Mild,174
柿饼,Mild,544
槐耳,Mild,7
栗子,Mild,510
马齿,Mild,153
柽柳,Mild,524
凤凰衣,Mild,251
桃叶,Mild,28
碧桃干,Mild,769
当归,Warm & Hot,504
人参,Warm & Hot,550
白术,Warm & Hot,493
川芎,Warm & Hot,690
橘皮,Warm & Hot,291
防风,Warm & Hot,642
木香,Warm & Hot,295
半夏,Warm & Hot,488
干姜,Warm & Hot,357
附子,Warm & Hot,672
肉桂,Warm & Hot,435
黄芪,Warm & Hot,593
麝香,Warm & Hot,425
桂心,Warm & Hot,643
熟地黄,Warm & Hot,615
槟榔,Warm & Hot,192
白芷,Warm & Hot,454
羌活,Warm & Hot,664
厚朴,Warm & Hot,166
细辛,Warm & Hot,617
杏仁,Warm & Hot,509
乳香,Warm & Hot,320
荆芥,Warm & Hot,496
麻黄,Warm & Hot,667
雄黄,Warm & Hot,409
青皮,Warm & Hot,316
苍术,Warm & Hot,500
五味子,Warm & Hot,637
生姜,Warm & Hot,406
独活,Warm & Hot,722
丁香,Warm & Hot,90
砂仁,Warm & Hot,412
天南星,Warm & Hot,592
川乌头,Warm & Hot,639
远志,Warm & Hot,737
吴茱萸,Warm & Hot,339
沉香,Warm & Hot,507
花椒,Warm & Hot,432
巴豆,Warm & Hot,298
神曲,Warm & Hot,143
杜仲,Warm & Hot,752
皂荚,Warm & Hot,463
山茱萸,Warm & Hot,744
小茴香,Warm & Hot,612
藿香,Warm & Hot,545
红花,Warm & Hot,223
莪术,Warm & Hot,102
石菖蒲,Warm & Hot,715
肉豆蔻,Warm & Hot,278
白附子,Warm & Hot,692
大枣,Warm & Hot,522
草乌头,Warm & Hot,712
紫苏叶,Warm & Hot,567
续断,Warm & Hot,533
硫黄,Warm & Hot,340
延胡索,Warm & Hot,553
肉苁蓉,Warm & Hot,698
补骨脂,Warm & Hot,743
山楂,Warm & Hot,72
乌药,Warm & Hot,307
高良姜,Warm & Hot,289
木瓜,Warm & Hot,418
赤石脂,Warm & Hot,227
紫菀,Warm & Hot,583
巴戟天,Warm & Hot,767
当归身,Warm & Hot,413
桂枝,Warm & Hot,585
五灵脂,Warm & Hot,445
硇砂,Warm & Hot,135
艾叶,Warm & Hot,539
橘红,Warm & Hot,332
何首乌,Warm & Hot,721
当归尾,Warm & Hot,306
白豆蔻,Warm & Hot,353
藁本,Warm & Hot,681
鹿茸,Warm & Hot,647
虎骨,Warm & Hot,777
威灵仙,Warm & Hot,774
草豆蔻,Warm & Hot,273
五加皮,Warm & Hot,734
大腹皮,Warm & Hot,226
蛇床子,Warm & Hot,422
木鳖子,Warm & Hot,297
胡椒,Warm & Hot,342
松香,Warm & Hot,209
蜈蚣,Warm & Hot,322
益智仁,Warm & Hot,290
款冬花,Warm & Hot,594
天雄,Warm & Hot,776
海螵蛸,Warm & Hot,152
葱白,Warm & Hot,701
干漆,Warm & Hot,176
旋覆花,Warm & Hot,629
紫苏子,Warm & Hot,517
芫花,Warm & Hot,400
芜荑,Warm & Hot,180
草果,Warm & Hot,401
蟾酥,Warm & Hot,1
使君子,Warm & Hot,211
消石,Warm & Hot,106
檀香,Warm & Hot,362
姜黄,Warm & Hot,350
斑蝥,Warm & Hot,662
骨碎补,Warm & Hot,584
紫苏梗,Warm & Hot,518
糯米,Warm & Hot,310
白芥子,Warm & Hot,621
荜茇,Warm & Hot,506
泽兰,Warm & Hot,386
皂角刺,Warm & Hot,126
胡桃仁,Warm & Hot,753
甘松,Warm & Hot,564
百花锦蛇,Warm & Hot,739
狗脊,Warm & Hot,770
樟脑,Warm & Hot,499
砒石,Warm & Hot,446
酒,Warm & Hot,751
莽草,Warm & Hot,420
八角茴香,Warm & Hot,311
百草霜,Warm & Hot,133
炮姜,Warm & Hot,262
母丁香,Warm & Hot,178
荜澄茄,Warm & Hot,326
沙苑子,Warm & Hot,645
伏龙肝,Warm & Hot,624
砒霜,Warm & Hot,477
胡芦巴,Warm & Hot,680
百部,Warm & Hot,556
巴豆霜,Warm & Hot,172
淫羊藿,Warm & Hot,582
鹿角胶,Warm & Hot,758
粉霜,Warm & Hot,105
紫石英,Warm & Hot,471
白丁香,Warm & Hot,267
香薷,Warm & Hot,456
石灰,Warm & Hot,168
大蒜,Warm & Hot,568
降香,Warm & Hot,630
韭子,Warm & Hot,765
鸡骨香,Warm & Hot,12
闹羊花,Warm & Hot,625
石榴皮,Warm & Hot,214
大风子,Warm & Hot,246
三七,Warm & Hot,163
皂荚子,Warm & Hot,589
丁香树皮,Warm & Hot,396
茵芋,Warm & Hot,756
蚕沙,Warm & Hot,717
钟乳石,Warm & Hot,652
紫河车,Warm & Hot,271
没食子,Warm & Hot,71
薤白,Warm & Hot,94
刘寄奴,Warm & Hot,411
阳起石,Warm & Hot,736
苍耳子,Warm & Hot,469
白石英,Warm & Hot,648
鹿角,Warm & Hot,2
千金子,Warm & Hot,30
象皮,Warm & Hot,170
虫白蜡,Warm & Hot,75
鹿角霜,Warm & Hot,731
辛夷,Warm & Hot,200
龙眼肉,Warm & Hot,780
银朱,Warm & Hot,41
羊肉,Warm & Hot,772
天仙子,Warm & Hot,541
锁阳,Warm & Hot,760
山柰,Warm & Hot,279
醋,Warm & Hot,502
千年艾,Warm & Hot,683
白前,Warm & Hot,451
松节,Warm & Hot,429
原蚕蛾,Warm & Hot,688
竹节香附,Warm & Hot,470
椒目,Warm & Hot,92
鼠,Warm & Hot,570
小南木香,Warm & Hot,490
羊肾,Warm & Hot,768
蜀漆,Warm & Hot,390
侧子,Warm & Hot,705
云母,Warm & Hot,405
红曲,Warm & Hot,341
杜衡,Warm & Hot,53
食茱萸,Warm & Hot,484
红粉,Warm & Hot,80
海鳗,Warm & Hot,115
红木香,Warm & Hot,74
苏合香,Warm & Hot,479
姜炭,Warm & Hot,447
礜石,Warm & Hot,85
海风藤,Warm & Hot,392
蛴螬,Warm & Hot,526
荔枝核,Warm & Hot,379
猪肚,Warm & Hot,438
饴糖,Warm & Hot,414
紫梢花,Warm & Hot,590
赤沙糖,Warm & Hot,114
鹅管石,Warm & Hot,112
地胆,Warm & Hot,508
天仙藤,Warm & Hot,574
仙茅,Warm & Hot,714
广藿香,Warm & Hot,557
獭肝,Warm & Hot,546
芫青,Warm & Hot,588
芥子,Warm & Hot,179
牛角（角思）,Warm & Hot,55
猪肝,Warm & Hot,512
小血藤,Warm & Hot,441
雪里见,Warm & Hot,458
乌头附子尖,Warm & Hot,359
羊骨,Warm & Hot,134
松叶,Warm & Hot,706
红豆蔻,Warm & Hot,149
鸡血藤,Warm & Hot,723
煨姜,Warm & Hot,459
雀,Warm & Hot,691
桂皮,Warm & Hot,498
海狗肾,Warm & Hot,380
透骨草,Warm & Hot,771
海马,Warm & Hot,48
急性子,Warm & Hot,609
海松子,Warm & Hot,82
牡荆子,Warm & Hot,671
羊脂,Warm & Hot,511
鹅不食草,Warm & Hot,649
肥皂荚,Warm & Hot,117
女萎,Warm & Hot,24
佛手柑,Warm & Hot,203
鸦片,Warm & Hot,587
香橼,Warm & Hot,21
白垩,Warm & Hot,571
猫肉,Warm & Hot,39
徐长卿,Warm & Hot,266
鸡头,Warm & Hot,626
蘘荷,Warm & Hot,565
香茅,Warm & Hot,141
木天蓼,Warm & Hot,207
黑骨头,Warm & Hot,127
条参,Warm & Hot,761
罗勒,Warm & Hot,466
黄皮,Warm & Hot,195
灵砂,Warm & Hot,669
麋角,Warm & Hot,76
三叶海棠,Warm & Hot,229
酸石榴,Warm & Hot,54
甜石榴,Warm & Hot,238
黍米,Warm & Hot,572
南藤,Warm & Hot,604
橄榄核,Warm & Hot,131
松花,Warm & Hot,547
石榴根,Warm & Hot,36
峨参,Warm & Hot,623
葱汁,Warm & Hot,657
杉木节,Warm & Hot,394
酒糟,Warm & Hot,22
