Syndrome,PC1,PC2,PC3
Stomach Cold,0.6440269352664131,-0.258389872,0.5711624728448221
Stomach Cold,1.1494827665351002,0.0186090698237951,-0.174876886
Stomach Cold,0.9890100504466248,0.03738678489739328,-0.132075047
Stomach Cold,0.8778008493184204,0.005189813893242681,0.161046840173174
Stomach Cold,0.9679873831664036,0.23797401482564703,-0.254764681
Stomach Cold,0.8847897140109539,0.28973678229249733,-0.234522666
Stomach Cold,0.8090360094794494,-0.71901154,-0.314730119
Stomach Cold,1.090991486536973,0.14005706142519603,-0.134683376
Stomach Cold,-0.001276698,-0.58429617,0.25124960164188037
Stomach Cold,1.1707284253304728,-0.185607643,-0.029223259
Stomach Cold,0.7803114851294948,0.21761529427396645,0.15218792441788648
Stomach Cold,0.723834284350735,-0.685995617,-0.276331645
Stomach Cold,0.6774237265662094,0.4350779506044903,0.20219028264735683
Stomach Cold,0.49138371861286134,0.4672120883662427,0.4940836480046979
Stomach Cold,0.8436650536730105,-0.114834142,-0.599323324
Stomach Cold,-0.162660062,0.16782356104959514,0.704671775766193
Stomach Cold,-0.196873575,0.1454116650034582,0.6717508019047814
Stomach Cold,0.9226909972300955,-0.518894932,-0.272838289
Stomach Cold,0.8455622569667761,0.04723177902538426,-0.179316395
Stomach Cold,0.7647518331494253,0.5745982301143382,-0.096544151
Stomach Cold,1.0531071331648387,-0.391126174,0.07056131007590101
Stomach Cold,0.6154898338494124,0.017479717997510982,-0.522134956
Stomach Cold,0.8712079611877568,-0.115567125,-0.260142236
Stomach Cold,1.0170674238316046,0.042919199296216785,-0.257722738
Stomach Cold,1.0268797944600356,-0.186552025,-0.350155352
Stomach Cold,0.8677852183615495,-0.178847683,-0.40288162
Stomach Cold,0.8154706322610921,0.18071611624526224,-0.142078126
Stomach Cold,1.0858162875522084,0.12996180224215073,-0.162134566
Stomach Cold,0.8679914305923151,-0.195234627,0.5254155611381983
Stomach Cold,0.8381320694737682,0.5261061755561756,0.39121175256377916
Stomach Cold,0.7153422386825973,-0.87314253,-0.091128767
Stomach Cold,-0.332589846,-0.393818141,1.202158640830385
Stomach Cold,1.1515096202176978,-0.13540471,-0.325314745
Stomach Cold,1.1259778014929607,-0.013360787,-0.254498264
Stomach Cold,1.1405215842768566,-0.292823865,-0.248259858
Stomach Cold,0.7245120751247096,-0.483730087,-0.358783797
Stomach Cold,0.18409164276895734,0.32396845851543077,-0.219279433
Stomach Cold,0.9206500891487762,-0.722710934,-0.288978724
Stomach Cold,0.5266398316678078,0.5673156946566349,0.006743864449452078
Stomach Cold,0.38395882555755845,0.860568581394026,0.4154119075352918
Stomach Cold,0.46741374953670467,-0.443157844,-0.717958631
Stomach Cold,1.0679761236691698,0.09609574425696081,-0.120884266
Stomach Cold,1.0762992551937376,0.1375103568074597,-0.150362815
Stomach Cold,0.8702548957212598,-0.282463057,-0.566443469
Stomach Cold,1.1469897091537442,-0.092289512,-0.184446124
Stomach Cold,1.2118157947955253,-0.332486998,-0.227484637
Stomach Cold,1.236635586738011,-0.441611138,0.03154644787957466
Stomach Cold,-0.355512984,-0.600452554,-0.216346576
Stomach Cold,0.685327771552846,-0.473436892,-0.667214269
Stomach Cold,0.4708211156787014,-0.05744335,-0.489981958
Stomach Cold,0.77670694305393,-0.1758807,-0.573322709
Stomach Cold,0.28183768431451467,0.3306619785558732,-0.431113601
Stomach Cold,0.041589189331789914,0.6683339539483624,0.17955682533386527
Stomach Cold,1.1259778014929607,-0.013360787,-0.254498264
Stomach Cold,0.8922761264995087,-0.10894541,0.05961790269888639
Stomach Cold,1.056434329902174,-0.027590354,0.19418460932904366
Stomach Cold,0.9690516409511435,0.09925000228104594,-0.114006665
Stomach Cold,0.9390889309554156,-0.140017003,-0.116791116
Stomach Cold,1.1646709918882823,0.05784126944780264,-0.148241504
Stomach Cold,0.18409164276895734,0.32396845851543077,-0.219279433
Stomach Cold,0.28183768431451467,0.3306619785558732,-0.431113601
Stomach Cold,0.7880250265586545,0.35810844979902,0.20181180656984654
Stomach Cold,0.9910502900188402,0.053937777494932844,-0.063954856
Stomach Cold,1.0039948273980939,-0.340812737,-0.050797453
Stomach Cold,0.7061525624278032,0.4982534241699837,0.04240348032774509
Stomach Cold,0.802675398165136,-0.528038298,-0.268707761
Stomach Cold,0.9577707318705957,-0.231682923,-0.5734732
Stomach Cold,0.8138909498361864,-0.632583922,-0.483403921
Stomach Cold,0.9451939401282762,-0.613565403,0.025864627293385446
Stomach Cold,0.9577137651120797,-0.246879493,-0.58588252
Stomach Cold,0.8725813801343988,-0.364191512,-0.636500662
Stomach Cold,0.1997660724474404,-0.072127727,-0.669664374
Stomach Cold,0.5039313596699367,-0.0445917,-0.847383445
Spleen Cold,1.1706361158514265,-0.262186039,-0.21596477
Spleen Cold,0.5476973661858978,-0.667177884,0.6750263632894132
Spleen Cold,0.9580636983752796,-0.608328143,0.10114798123888571
Spleen Cold,1.0549764369238184,0.12069044044300048,-0.419502345
Spleen Cold,1.3006748511371302,-0.231752034,-0.318570353
Spleen Cold,0.9301553858310767,0.07650111426649067,-0.291853286
Spleen Cold,1.025714987141354,-0.481433795,-0.055422936
Spleen Cold,0.8559684642642891,-0.149320838,-0.086343769
Spleen Cold,0.8137624011837556,0.14504013936659485,-0.310463457
Spleen Cold,0.4371383645607926,-1.016097912,-0.365965306
Spleen Cold,0.8942637432530877,-0.352507101,0.09037242242240573
Spleen Cold,0.7427591344771018,0.4439149777179194,0.162697977917347
Spleen Cold,1.0071861993971518,-0.582886697,0.04498003709568932
Spleen Cold,1.0407152639794797,-0.157706074,0.16633095019091684
Spleen Cold,0.9914404874514176,0.11242751404328742,-0.316270581
Spleen Cold,1.076105709852368,-0.563711906,-0.23687869
Spleen Cold,1.2018684661679326,-0.364891286,-0.098792705
Spleen Cold,1.0879339338807774,-0.213795014,-0.295710093
Spleen Cold,0.4512356295182729,0.06736571789029208,0.5461300187746775
Spleen Cold,1.1067365286751758,-0.322943613,-0.350163691
Spleen Cold,0.39660183773623425,-0.007689913,0.5033808447999245
Spleen Cold,0.41365579168336636,-0.600058464,-0.853212752
Spleen Cold,1.2181378634883329,-0.626917267,-0.13770189
Spleen Cold,1.1518097504263263,-0.418647924,-0.300785194
Spleen Cold,1.052955008485864,-0.24486653,0.3106619258548008
Spleen Cold,1.1141849740395353,-0.405159479,-0.011329948
Spleen Cold,1.0116568636118708,-0.281989046,-0.17944752
Spleen Cold,1.0070714902102746,-0.514966931,-0.413119102
Spleen Cold,0.865604987207255,-0.146279977,-0.041738709
Spleen Cold,0.9845270749342169,0.18751417255735567,-0.407488309
Spleen Cold,0.8301388840475503,-0.276117548,-0.194882054
Spleen Cold,1.1116850614028255,-0.189014267,-0.030201075
Spleen Cold,1.1038038819923806,-0.398004064,-0.389231302
Spleen Cold,1.0971082815306017,-0.425702886,-0.308893748
Spleen Cold,-0.378194216,-0.244744457,0.866163510412143
Spleen Cold,-0.18719139,-0.447862146,-0.491724546
Spleen Cold,1.0178653633416992,0.2583451410716506,0.005009601486232243
Spleen Cold,0.9688150959428723,0.008746259035717322,0.08999635525076151
Spleen Cold,1.0407152639794797,-0.157706074,0.16633095019091684
Spleen Cold,0.6979211918601773,-0.765001706,0.7100321187516192
Spleen Cold,0.36216316804040244,0.3484929084763452,0.15985510039036244
Spleen Cold,1.1458978340465897,-0.617290945,0.16784844850646893
Spleen Cold,1.0509205789011742,-0.217168959,-0.121602836
Spleen Cold,0.860513471271839,-0.166273017,0.19067166208552974
Spleen Cold,1.1019312855180536,-0.317911823,-0.246058542
Spleen Cold,0.7608070429694391,-0.544663545,-0.648663298
Spleen Cold,0.7820436307028851,-0.590925738,0.4384298126170126
Spleen Cold,-0.119819803,1.0990356599223785,0.154444321546668
Spleen Cold,1.071845123715028,-0.533255717,-0.072289903
Spleen Cold,0.7556443057576766,0.11716857198164463,0.25946207016379835
Spleen Cold,0.4371383645607926,-1.016097912,-0.365965306
Spleen Cold,0.9946827900823755,-0.225713138,-0.164445206
Spleen Cold,0.3532996827111459,-0.769803086,0.4911110283944596
Spleen Cold,0.9355786487877379,-0.551012716,0.09305301473365352
Spleen Cold,1.1711674961857188,-0.319831246,-0.277345973
Spleen Cold,1.0567563128393904,-0.473265806,-0.405335886
Spleen Cold,0.9880651021253418,-0.185658813,-0.363893925
Spleen Cold,1.0859172441452956,-0.367378844,-0.460206445
Spleen Cold,0.9004651385397563,-0.321054838,0.25669193776992877
Spleen Cold,1.1095735366075243,-0.451577812,-0.173432653
Spleen Cold,0.5785400783959662,-0.50760446,0.7582683760299009
Spleen Cold,-0.237089118,0.9246542789700246,-0.085492535
Exterior wind,-0.790701965,0.4259085333263537,-0.830290566
Exterior wind,-0.051667826,0.6821435946874478,-0.369611276
Exterior wind,-0.309352365,1.1007365963606484,-0.186908252
Exterior wind,-0.320329301,0.7049783688064023,0.524907576463768
Exterior wind,0.21669321907879902,1.1388739007813222,0.3774563592469864
Exterior wind,0.6438129759899569,0.5371403187104707,0.008013492387584987
Exterior wind,-0.385745879,0.12154336547815359,0.741979171225669
Exterior wind,-0.128752573,0.9987097451508141,0.6056086034233454
Exterior wind,-0.211021974,-0.356781747,1.249358935920905
Exterior wind,0.12565508699718556,1.0118799046838587,0.38884571040025756
Exterior wind,-0.252366819,1.144774374713462,-0.349058632
Exterior wind,0.10209856759700758,0.6334864191602683,0.9580661154177931
Exterior wind,0.26345450587955355,0.37635991758162124,0.4260561098542181
Exterior wind,0.2843239576690219,-0.076758141,-0.600536582
Exterior wind,-0.454067141,0.5955363964377867,0.5505568053040858
Exterior wind,0.1422489096700848,1.1221535798037312,0.30514806846950715
Exterior wind,0.0056139405200496635,1.0416997069444323,0.5372980494004392
Exterior wind,-0.181314186,0.6989764221793022,0.34720337844330745
Exterior wind,0.1938973581322032,-0.011777715,0.9187015733499084
Exterior wind,0.14257706405744486,0.5227033453205395,-0.177756278
Exterior wind,0.7857491243756191,0.27380107250123553,-0.043163027
Exterior wind,0.07951951196651551,1.3426077911299303,0.17521148957306432
Exterior wind,0.70206893333956,0.5824305398306625,-0.006653524
Exterior wind,-0.099797235,1.0822491706882988,0.6084378134829173
Exterior wind,-0.468335979,0.5208891244378245,0.6915949032128177
Exterior wind,-0.271160629,-0.061411842,0.5241312124183739
Exterior wind,0.07258128913143741,0.8180606943801301,0.06829227043033533
Exterior wind,0.6303927740019425,0.2566095886380599,0.43208225336776057
Exterior wind,0.12446615285680497,0.7205509016842374,0.9475697342056025
Exterior wind,-0.005598207,0.8374973640201635,0.5898780022252339
Exterior wind,0.23362805425493335,-0.00613002,0.8483893574012565
Exterior wind,-0.916010611,0.08367286479169762,-0.212628179
Exterior wind,0.14786205226548535,1.1496977912765487,0.34012028977681674
Exterior wind,-0.530835075,0.06587711003655665,0.8600732108943702
Exterior wind,0.029752639156446402,1.1137955283926242,0.3820386726302721
Exterior wind,0.15552096148808392,0.4083449418718705,-0.828886906
Exterior wind,-0.534236419,0.1940707440029036,0.20328292294618036
Exterior wind,-0.065122186,1.041447923145855,0.3143313970378228
Exterior wind,0.5128074561736486,-0.075519769,0.7318866240446812
Exterior wind,0.8333521885566443,0.2732044858641933,-0.036470874
Exterior wind,-0.163031737,-0.090959078,1.132515761607668
Exterior wind,0.8319814933898513,0.17441329911994838,0.01679347564857224
Exterior wind,0.7074144220457516,0.6111414294850792,-0.116422496
Exterior wind,-0.347189114,0.6359102803538706,0.6221004655471114
Exterior wind,-0.678683191,0.7532773753853034,-0.423053654
Exterior wind,-0.993229581,0.23896632486456298,-0.073117663
Exterior wind,-0.33274693,0.9799758407224914,0.40276217393450814
Exterior wind,0.17860613655490964,-0.359794066,0.18787464792023653
Exterior wind,-0.283919286,0.0249759493941545,0.5057515208784814
Lung Heat,0.38204608863466827,1.073073006920199,0.29611383158395466
Lung Heat,0.4057248072643381,1.1169523697376291,0.18195036613244736
Lung Heat,0.4192955078758297,1.149124334241411,0.26067077080433604
Lung Heat,-0.694953029,0.32095312241644713,0.13817019586856746
Lung Heat,0.309676132643568,0.6530064924907063,0.6870200995091071
Lung Heat,0.2722222032267307,0.7560572728925425,0.5939318764589158
Lung Heat,0.1831928444841834,0.5102609815413535,0.7907180108534556
Lung Heat,0.02739350379779546,0.8937616119900494,-0.14391254
Lung Heat,0.4052448922944118,0.2576076222420144,0.4176927914607889
Lung Heat,0.49542639938790056,0.9615111002523908,0.11457349819878977
Lung Heat,0.29137062030904326,1.105921674372839,0.2601731811998476
Lung Heat,0.40530567208511425,1.1227679350004265,0.1314904299401559
Lung Heat,0.2106721265319368,1.1877460561886537,0.09192836271899932
Lung Heat,0.3578619163003092,0.07355965427882462,0.7468201852187293
Lung Heat,0.3351925784753661,0.2450500700398634,0.150184391367997
Lung Heat,0.39355702748082944,1.076430459734293,0.3530724959319195
Lung Heat,0.2991238881075143,0.9763773032638116,0.296601305380217
Lung Heat,0.435880006224663,1.076596600440572,0.4402083153254991
Lung Heat,0.1700020557669924,0.9408366588961965,0.30375389995199004
Lung Heat,0.40550432011364146,1.03599360539892,0.3804565538029748
Lung Heat,0.4152514990500351,1.0161724944115573,0.14380555011021567
Lung Heat,-0.304829569,0.7803182307521483,0.47213330616424437
Lung Heat,0.2336997715517276,1.0293118006711788,-0.049365148
Lung Heat,0.2289960079855657,0.7236149016475388,-0.344384772
Lung Heat,0.341518468912228,1.1042118613424272,0.25185574437112374
Lung Heat,0.4192955078758297,1.149124334241411,0.26067077080433604
Lung Heat,-0.355930157,0.9361929259625259,0.10950150852570889
Lung Heat,0.09426073984089511,1.1468678317176484,0.11694647214065108
Lung Heat,0.10711273089883433,1.1238788402191509,0.09803904279686365
Lung Heat,-0.291574758,0.2994689206488916,-0.552101669
Lung Heat,0.19200338924707225,1.1677746270465927,0.14305715372239516
Lung Heat,0.46935733338450475,0.9602383766975043,0.1127950364176473
Lung Heat,-0.022051949,-0.187728834,0.22915644707116853
Lung Heat,0.41310020302074213,1.0458469287039507,0.1915872069118451
Lung Heat,0.09947359346671243,1.0470056428672108,0.18341841342916676
Lung Heat,0.2854159232400215,1.1622899651723797,0.3178837511310453
Lung Heat,0.26598680973166344,1.1570683152775416,0.10553172727809174
Lung Heat,0.2991238881075143,0.9763773032638116,0.296601305380217
Lung Heat,0.38391249178278536,0.9685412623432366,0.27238967623748367
Lung Heat,0.33249920535910643,0.8034538574560662,0.19343367202066608
Lung Heat,-0.025789238,-0.6494006,0.2548520016611622
Lung Heat,0.09215451783254029,0.9190643233411878,0.20391977462741886
Lung Heat,-0.394790592,0.32845829681901034,0.16516863158023512
Lung Heat,0.15813514565313755,0.8573088225583206,0.11587129222173069
Lung Heat,0.18519973024500352,1.1294677072438188,0.09753603241581836
Lung Heat,0.49678413170229074,0.9113886192409325,0.21540638907975104
Lung Heat,0.305672463405735,1.011781329304909,0.4051153915174656
Lung Heat,-0.782215272,0.3327436991808475,-0.463179007
Lung Heat,0.40713774895229043,1.1380690471492432,0.3751503484953094
Lung Heat,0.5060754428865536,-0.498532767,-0.447579868
Lung Heat,-0.297482544,0.8381392643397694,-0.567325261
Lung Heat,0.48048423873406343,0.7775168653047336,-0.170855413
Lung Heat,0.40421770636988247,0.6769735970446485,0.5839822513807676
Lung Heat,0.4089163384592226,0.7931987377953726,0.6828365303498047
Lung Heat,0.7752324001642156,0.3442863092071761,-0.052121816
Lung Heat,0.4037889749425431,1.01779587231253,0.4134753450131132
Lung Heat,0.37104586273496765,1.1355486681975764,0.39724385379004046
Lung Heat,0.23900946145386573,0.9836801850893098,0.2908066131536005
Lung Heat,0.37701199629837806,1.0513451506228122,0.11238466287342072
Lung Heat,0.4843226640768197,0.44910081703955246,0.36247020380825556
Lung Heat,0.1376493790836957,1.020500317104778,-0.256151223
Lung Heat,0.4338521149006823,1.1093026592272424,0.3022772938960536
Lung Heat,0.4076595713545643,0.9627752622377806,0.20608983465767952
Lung Heat,-0.022051949,-0.187728834,0.22915644707116853
Lung Heat,0.4247971487272533,1.060563909842263,0.031011158978077137
Lung Heat,0.5469316261454336,0.4037674485007303,-0.746338238
Lung Heat,0.5446659880828914,1.0358304495021207,0.13374719210032
Lung Heat,-0.22189839,0.5500508400399965,0.4177288972853204
Lung Heat,0.41394787350400025,0.8771270418676181,0.06679449004392543
Lung Heat,0.18336778354449412,0.9755816655259156,-0.137500558
Lung Heat,0.18688558828143229,1.1594218642042888,0.05452364216958355
Lung Heat,0.21394295238711514,1.2186833907596517,0.020319922578694565
Lung Heat,0.4755364786558207,0.7474489837340507,0.09950079482360391
Lung Heat,0.24981546952140307,1.082089740903102,0.19887946805480677
Lung Heat,0.7028844875631637,0.6751715033550801,0.2669678345812915
Lung Heat,0.13585636458168956,0.9807321826395472,-0.431943343
Lung Heat,0.1864929382172403,0.17542563601096983,0.42167996754966186
Lung Heat,0.03463752149682816,0.987437074338049,-0.051955304
Lung Heat,0.13585636458168956,0.9807321826395472,-0.431943343
Lung Heat,0.26423805002753015,1.152764524339582,0.1357175268725841
Lung Heat,0.4219435144918432,1.004629140583883,-0.009932327
Lung Heat,0.15146244393676536,-0.390987807,0.9724343656861776
Lung Heat,0.1693873920212195,0.8915603377089371,-0.084814088
Lung Heat,-0.784376542,0.6006066880015621,-0.267076192
Lung Heat,-0.181706257,0.9964176481715453,-0.337082005
Lung Heat,0.16517797420207853,1.0823291173887732,0.1024586874452944
Lung Heat,-0.006031758,1.1444977925625643,-0.14471667
Lung Heat,-0.148286586,0.5549329015201432,-0.135074093
Lung Heat,-0.513914015,0.33556906646898454,-0.726302919
Lung Heat,0.47715687598874656,0.7476811587152494,0.4520266934422906
Lung Heat,0.2944521895951623,1.1446278129532381,0.28475754383760893
Lung Heat,-0.355676686,0.7962169947834086,0.12942519713422182
Lung Heat,0.45340638768769326,0.9131994392643794,0.08573509101596605
Lung Heat,0.2541719363499889,1.1014247953997005,0.18816446167719408
Lung Heat,0.3811461789348712,1.1209924567473393,0.32608527367003654
Lung Heat,-0.753723858,0.35194321035246307,-0.777520647
Lung Heat,0.2317337863209154,0.9794858470380479,0.2823273077352843
Lung Heat,0.06277605870074486,0.6465504674607382,0.10200322416410484
Lung Heat,0.4584040172451768,1.061972490553952,0.2929797739354736
Lung Heat,0.28066028840190443,1.1573524424260564,0.1991030693800243
Lung Heat,0.029752639156446402,1.1137955283926242,0.3820386726302721
Lung Heat,0.37295737870322865,0.6677816844039938,0.5329207757451709
Lung Heat,-0.211220677,0.5520684750763637,-0.574694419
Lung Heat,0.3415316681495977,1.1507189933260824,0.4231275495691943
Lung Heat,0.4904644002830846,0.6772715644284703,-0.473862556
Lung Heat,-0.264527175,0.5604325637001513,-0.485516421
Lung Heat,-0.207316912,1.0852472373132622,-0.141806952
Lung Heat,0.2980160045658251,1.0169149060835114,0.41631226206121347
Lung Heat,0.49678413170229074,0.9113886192409325,0.21540638907975104
Lung Heat,-0.264527175,0.5604325637001513,-0.485516421
Lung Heat,0.4805594215051964,0.788371235640565,0.41637711553482726
Lung Heat,0.24837973134156685,0.8108076521850087,0.36732025536386226
Lung Heat,0.43314348939374847,1.0104931553326464,0.22240096846174232
Lung Heat,-0.346699489,0.12187278850282099,0.6501515005534384
Lung Heat,0.09126473301908623,1.1373496087641246,0.6874065428410295
Lung Heat,0.4497685868610966,0.8861977190765757,0.41317801132679777
Lung Heat,0.43314348939374847,1.0104931553326464,0.22240096846174232
Lung Heat,0.031284942512627735,0.9501068267297129,-0.211758893
Lung Heat,0.5110756729491903,0.838467337857498,0.11128240948066678
Lung Heat,0.46608569111307446,0.9059613788588012,0.06874866002395325
Lung Heat,0.10453827649883338,1.0582047168658957,-0.233062379
Lung Heat,-0.132815603,0.852169062172147,0.3033059467496592
Lung Heat,-0.002537587,1.2423949367667442,0.136206779378354
Lung Heat,0.40527066776428733,1.0459856573091035,0.25204915397645755
Lung Heat,-0.067938972,1.1521222362074157,-0.115596643
Lung Heat,-0.040267538,-0.257305897,0.5056985625640825
Lung Heat,0.1727980126677996,1.1650398905415438,0.1810059535811062
Lung Heat,-0.005175464,0.9512386920600502,-0.200345312
Lung Heat,-0.304730985,1.0824538557077852,-0.341491969
Lung Heat,0.11243043188606028,1.2108428136697842,0.02691707959286818
Lung Heat,-0.031420098,1.0520712190842483,-0.017231998
Lung Heat,-0.501445613,0.683926765866903,0.11920247576911397
Lung Heat,0.36483221522491927,1.1207131945293292,0.3186027636490579
Lung Heat,-0.420353336,0.8619755201128657,0.2775164437846316
Lung Heat,0.20864802485582917,1.0625283311045104,0.2037092544031578
Lung Heat,-0.319481186,1.001924748321918,-0.26373912
Lung Heat,0.13357816674483988,1.223589038764006,-0.037192052
Lung Heat,-0.076333074,-0.792138639,-0.495686701
Lung Heat,0.40646881929864315,1.0526627672389837,0.36954537923672703
Lung Heat,0.3903232789616966,1.115741908139008,0.3767512376039054
Lung Heat,0.260615152943595,-0.047313672,-0.556910357
Lung Heat,0.003217022035617312,0.6054224281095263,-0.065471267
Lung Heat,0.2206567827137643,1.1236872518120748,-0.036778534
Heart Heat,-0.073234153,0.4280135715968879,0.5656181934540017
Heart Heat,0.3650148041549109,-0.157903282,1.119403278259344
Heart Heat,0.13982648465285158,0.5321671275591856,0.05273429693838391
Heart Heat,-0.098101072,0.4693121785290808,0.5451170565825945
Heart Heat,-0.277224245,0.17419407034269926,-0.376422762
Heart Heat,-0.124864098,0.48750466028851547,-0.113271361
Heart Heat,-0.277224245,0.17419407034269926,-0.376422762
Heart Heat,-0.118844613,0.5882797806259685,0.14395748386263327
Heart Heat,-0.016533071,0.4502490437709385,0.2505032714883241
Heart Heat,-0.591000827,0.5766609888831676,-0.058423575
Heart Heat,0.17281958595524977,0.2950501798401622,-0.460752681
Heart Heat,-0.22613445,0.6639046913334136,-0.419401517
Heart Heat,0.1366678610977525,-0.699652979,-0.18836814
Heart Heat,-0.475497104,0.5431234742785271,-0.484698123
Heart Heat,-0.445899609,0.4531059343992323,0.43919739248440914
Heart Heat,-0.375023774,0.36658750630779374,0.10485037790249536
Heart Heat,-0.581042325,0.6029763331575386,0.2727678382629889
Heart Heat,-0.472875259,0.7054027189784828,0.14240614579045788
Heart Heat,-0.309977246,0.24898293809837038,-0.613477411
Heart Heat,0.07988769530668402,0.7448257024403514,-0.59860907
Heart Heat,-0.712830179,0.8704891349386562,-0.54459584
Heart Heat,0.2833175994152471,0.586285095059435,-0.59001879
Heart Heat,-0.402196465,0.3854807942369157,0.7591997391881442
Heart Heat,-0.290504333,0.3944314806492599,0.40857481955404623
Heart Heat,0.5786032886561189,0.35026593832262487,0.4230031236078913
Heart Heat,-0.968670133,0.23281209135347525,-0.422568141
Heart Heat,0.7302492692468111,0.03790137219985283,0.00855230931892263
Heart Heat,-0.278368979,0.40643392821865687,-0.492407072
Heart Heat,-0.377098922,0.5312586024331912,-0.445209388
Heart Heat,-0.524044264,0.712088719455328,0.14035154821633433
Heart Heat,-0.154262742,0.1485283180205831,-0.850123326
Heart Heat,-0.66363875,0.6178228527882476,-0.325401463
Heart Heat,-0.524044264,0.712088719455328,0.14035154821633433
Heart Heat,-0.534656711,0.5946120238807225,-0.569595228
Heart Heat,-0.09613068,0.7753790331343482,-0.225098975
Heart Heat,-0.243496885,0.38626686628992823,0.493020227486622
Heart Heat,-0.649672727,0.4380306552838907,-0.482745466
Heart Heat,-0.259602813,0.3603162361228279,0.47542227700959244
Heart Heat,-0.239845643,0.29988562544393205,-0.186184348
Heart Heat,-0.063431383,0.7052941703540997,-0.258375258
Heart Heat,-0.483660039,0.4622564760729978,0.3663498990245908
Heart Heat,-0.842436497,0.46415028284205856,-0.657993429
Heart Heat,-0.440423772,0.7273493225198124,-0.015792929
Heart Heat,-0.039649734,0.6616916848077846,0.8630569096488592
Heart Heat,-0.225137328,0.9075616714428415,0.29584864847705256
Heart Heat,-0.513965449,0.22384241553877565,0.8074293486563365
Heart Heat,-0.312649613,0.6660277252693211,-0.35072753
Heart Heat,-0.383083531,0.6775711261050323,0.5909106141933116
Heart Heat,-0.22314913,0.4502952597052532,-0.067042327
Heart Heat,-0.468056834,0.6373854502630643,0.09744959895908328
Heart Heat,-0.216638571,0.45339493938302916,-0.18711813
Heart Heat,0.1728111098134136,0.29694238497393316,0.2813004982604015
Heart Heat,-0.298569945,0.7321983548356537,-0.098820356
Heart Heat,-0.379102808,0.5860122025107005,-0.588064318
Heart Heat,-0.672748422,0.40530423550818334,-0.109270045
Heart Heat,-0.351500941,0.4356736628415666,-0.681291544
Heart Heat,-0.562124192,0.7489084428843467,-0.178307882
Heart Heat,0.07729863897195732,0.6043688351642155,0.7411920551629906
Heart Heat,-0.228708918,0.74749475231897,-0.383973144
Heart Heat,0.001677920850250092,0.3523001542105216,-0.623492564
Heart Heat,-0.222252458,0.49490592070167544,-0.021500096
Heart Heat,0.013688051882756694,-0.425310386,-0.686462627
Heart Heat,-0.612827527,1.0262566945213358,-0.248451326
Heart Heat,0.8670156225930117,0.052964135816933655,-0.275482657
Heart Heat,0.6479464087562852,0.11093245484830576,-0.370137651
Heart Heat,-0.003526243,-0.095455036,-0.457573787
Heart Heat,-0.14621569,-0.17562252,-0.704903084
Heart Heat,-0.069938648,0.12391094876981325,-0.621353078
Heart Heat,-0.246478087,0.8988236522907923,-0.218375005
Heart Heat,-0.421050746,0.2901255626819654,0.10117894190211023
Heart Heat,0.06517738010554541,0.8086058546044054,0.17307921277960955
Heart Heat,0.18807992575306168,0.6904125904891776,-0.498810683
Heart Heat,-0.263156607,0.31777619784499334,0.6674546454575191
Heart Heat,-0.075216277,0.851452608748936,-0.066132242
Heart Heat,-0.065439123,0.8151473583477388,-0.10701486
Heart Heat,-0.287063463,0.7488270942486108,-0.249935076
Heart Heat,-0.289434736,0.22991289170225984,-0.010620769
Heart Heat,-0.47841737,0.6154736530430576,0.6781950939340468
Heart Heat,-0.227566773,0.6994817693881916,0.34315747385540624
Heart Heat,0.0199217038559026,0.727583149560414,-0.248255731
Heart Heat,0.13868366480872624,0.528483421920352,0.14434168889350377
Heart Heat,-0.24760686,0.7958411112022051,0.2219495086056603
Heart Heat,0.11564695116853307,0.7092633196557724,-0.043620735
Heart Heat,-0.228860482,-0.171459987,0.8661626374955395
Heart Heat,-0.326894611,0.9652126229448335,-0.297396445
Heart Heat,-0.711760212,0.36911295756459767,-0.281032266
Heart Heat,-0.118618724,-0.171747066,-0.13702403
Heart Heat,-0.094529186,0.869305266096077,0.028205266471715767
Heart Heat,-0.17551791,-0.128730523,0.9165594278611265
Heart Heat,0.16635200316825322,0.5385291777275415,0.2220838279344329
Heart Heat,-0.428708377,0.11507638966722777,1.2199485996564294
Heart Heat,-0.244503276,0.36768357879175056,-0.371378876
Heart Heat,-0.882954767,0.20253805848212306,-0.380840184
Heart Heat,-0.398423542,0.5460538374134071,-0.116647489
Heart Heat,-0.408424755,0.902400661048817,-0.193315156
Heart Heat,-0.261320449,-0.092200546,-0.684214298
Heart Heat,0.013922452659047515,0.7365997952851255,0.021336343790459966
Heart Heat,0.3578440328549243,0.18881785812264643,0.6101649241638117
Heart Heat,-0.54700261,0.7350333107961177,-0.260654267
Heart Heat,-1.12815992,-0.071097867,-0.003322559
Heart Heat,-0.216734931,0.7011666191683354,-0.563283016
Heart Heat,-0.120027766,0.6225070992413788,-0.055914468
Heart Heat,-0.344057768,0.4035581326454,0.19226857199744926
Heart Heat,-0.459507442,0.5416839971869313,0.3144245249164757
Heart Heat,-0.639264735,0.5692888599821798,0.10430000636944804
Heart Heat,-0.269381942,0.560077380564526,-0.090236266
Heart Heat,0.32706146654509666,-0.292295248,-0.759259175
Heart Heat,-0.010724219,1.001934208959026,-0.389654882
Heart Heat,0.31344572652806174,0.6811228634975414,0.28465433696982756
Heart Heat,0.3201774581398692,0.04024895550850074,0.4809927830825362
Heart Heat,-0.201988474,0.7185547414204317,-0.142283924
Heart Heat,0.11844348115882396,-0.625602165,0.8808461315837067
Heart Heat,-0.129536002,0.5358995985459003,0.06524644007312932
Heart Heat,-0.465149948,0.43556499860332865,-0.720969521
Heart Heat,-0.357638362,0.7567367542672162,0.2166348350432528
Heart Heat,0.6149002502560055,-0.50779548,0.8341892517946825
Heart Heat,0.8248550457587094,-0.085277273,0.28280484345910073
Heart Heat,0.3580402569565576,1.0964927961217013,0.08518466142220676
Heart Heat,-0.274649705,0.6724433953501257,0.3315308202023748
Heart Heat,-0.44214404,0.503658259337575,0.42291382033515357
Heart Heat,-0.561467613,0.5538825921137508,-0.174882046
Heart Heat,-0.511964202,0.6710435179676572,0.06133071301193735
Heart Heat,0.3325844596637089,0.25551060410425774,0.5618247579896017
Heart Heat,-0.075983162,-0.355073622,0.20534918627322918
Heart Heat,0.0009490732297635428,0.910159317491532,-0.006783852
Heart Heat,-0.377031154,0.5106763356296731,0.3552264620802005
Heart Heat,0.1735503143194393,0.6445571697742828,7.702370795573968e-05
Heart Heat,0.14778467694569183,0.6244749712167688,0.22988764117352706
Heart Heat,-0.486953876,0.5417298361993532,-0.012094247
Heart Heat,-0.344971886,0.7835806705506714,-0.395786904
Heart Heat,-0.270237673,0.4234879113732656,0.23448534658809161
Heart Heat,0.04041331461271528,1.0393308271732942,-0.381058362
Heart Heat,-0.417723727,0.45084326372263317,0.28560527829595556
Heart Heat,-0.274275654,0.6858415500058732,0.15801865472084736
Heart Heat,-0.076902331,0.2727119295061239,0.3071916376563422
Heart Heat,-0.875464833,0.4992678387516192,-0.508330076
Heart Heat,-0.406189884,-0.032435156,6.870160989139213e-05
Heart Heat,0.6553912915804833,-0.651570474,-0.238173745
Heart Heat,-0.183557624,0.737794200458311,-0.363165684
Heart Heat,-0.404103158,0.5480471090958196,0.37191447846210546
Heart Heat,-0.814839053,0.5651625328853079,-0.947823662
Heart Heat,-0.466033528,0.5670300286414306,0.5342472148701839
Heart Heat,-0.300159246,0.4533674758226572,0.5147679426492182
Heart Heat,-0.39052324,0.46296951145117893,0.32452421802971804
Heart Heat,-0.079172759,-0.37610222,0.9353669454566285
Heart Heat,0.013688051882756694,-0.425310386,-0.686462627
Heart Heat,0.2883937199150518,0.5102735648594898,0.6244607207730056
Heart Heat,-0.321121813,0.12200574426242683,0.8603820939049784
Heart Heat,-0.385477719,-0.185990143,-0.723747087
Heart Heat,-0.040761809,0.01953002039757293,-0.863089258
Heart Heat,-0.372172917,0.7474551893192667,-0.030405334
Heart Heat,-0.636979477,0.4234140525643525,-0.127933636
Heart Heat,-0.351577097,0.575217311719449,-0.725219173
Heart Heat,-0.142425124,0.40641882073244684,-0.72152581
Heart Heat,-0.227566773,0.6994817693881916,0.34315747385540624
Heart Heat,-0.657726968,0.7410404764565529,-0.670527497
Heart Heat,0.517260189201234,0.5945938497796337,0.46146084286617345
Heart Heat,-0.413737898,0.8124925237521347,-0.088230463
Heart Heat,-0.318367447,0.12091560646584416,-0.66463491
Heart Heat,-0.282925399,0.21212798225383495,-0.738423246
Heart Heat,-0.541546887,0.44536245011404285,0.30608651824323846
Heart Heat,-0.051150618,-0.028415153,-0.858864642
Heart Heat,-0.898269496,0.19725519761339214,-0.71484253
Heart Heat,-0.151732821,-0.065895703,-0.552425174
Liver Blood deficiency,0.10702572778672582,0.24103706871590455,0.30376227260290894
Liver Blood deficiency,-0.115887049,-0.107677216,0.6849596367672374
Liver Blood deficiency,-0.811478545,-0.053725496,0.2759690107932368
Liver Blood deficiency,-0.972077026,0.010130808214762952,0.06747812038285178
Liver Blood deficiency,0.08330144037845863,-0.058594421,1.067362294861236
Liver Blood deficiency,-0.248913602,0.026597768683485866,0.7937226630018962
Liver Blood deficiency,-0.299697976,0.04263202092180791,0.9541673331909484
Liver Blood deficiency,0.2691530556309855,0.02113359100329301,0.7802489342560444
Liver Blood deficiency,0.13279074849346684,0.05015091987416954,1.1107428316884551
Liver Blood deficiency,-0.853126623,-0.341758302,0.18156716671501716
Liver Blood deficiency,-0.888703314,-0.444715786,0.3557049556213456
Liver Blood deficiency,-0.407922652,0.2666691559761932,1.079876323812595
Liver Blood deficiency,-0.129009992,0.39571039917881534,0.5734866237715345
Liver Blood deficiency,0.15818014575251954,-0.751518888,0.7587648871168424
Liver Blood deficiency,-0.121101878,-1.070120209,0.6185547123073997
Liver Blood deficiency,-0.091790488,-0.23793098,0.47900840501355724
Liver Blood deficiency,0.22630676421965812,-0.852068023,0.8855397511431582
Kidney Qi deficiency,0.37656433361298974,-0.778816025,0.84989119111348
Kidney Qi deficiency,0.04548029021028342,-0.437765546,1.126762518981879
Kidney Qi deficiency,0.06448887694132718,-0.349894697,0.8505595022510778
Kidney Qi deficiency,-0.923302968,0.046185654729989645,0.23868099819736077
Kidney Qi deficiency,0.16628877442478812,-0.909845384,1.1984058426116453
Kidney Qi deficiency,-0.124237573,-0.263978106,1.1397208810306145
Kidney Qi deficiency,0.22403878730875365,-0.830539008,0.599009523899929
Kidney Qi deficiency,0.04832063431006641,-0.74637587,1.166204378819884
Kidney Qi deficiency,0.04768308515215443,-0.708410928,1.184077215664462
Kidney Qi deficiency,0.9131064317418686,-0.831490805,0.07180651360008793
Kidney Qi deficiency,-0.207857688,-0.287423246,0.3085289536625011
Kidney Qi deficiency,-0.342081567,0.07819137831837265,1.368449199387339
Kidney Qi deficiency,-0.083461219,-0.574626612,0.9765167837061841
Kidney Qi deficiency,0.10329984354470585,-0.346759584,1.016607879900435
Kidney Qi deficiency,0.19897425248519965,-0.797708487,1.1641968860604623
Kidney Qi deficiency,-0.320636447,-0.205632106,-0.291039644
Kidney Qi deficiency,0.4414635191560738,-0.049186921,0.9084900062319728
Kidney Qi deficiency,0.04031244584322749,-0.742206588,1.0397792336320733
Kidney Qi deficiency,0.5518688686088068,-0.156205404,0.48735088997548104
Kidney Qi deficiency,0.055747987810221965,-0.522445522,0.9067072272791152
Kidney Qi deficiency,-0.078285143,-0.706775923,1.061980021929503
Kidney Qi deficiency,-0.344262898,0.00183167987959852,1.2726145469590968
Kidney Qi deficiency,0.08315517246445181,-0.996228099,1.0057557170064466
Kidney Qi deficiency,0.25453741273444624,-0.786669505,1.0628442360370052
Kidney Qi deficiency,0.19291005689042168,-1.039282567,1.149973458609256
Kidney Qi deficiency,0.13782236368429482,-0.528086591,0.9256251925561655
Kidney Qi deficiency,0.2199816138280494,-0.923530394,1.1701428071846933
Kidney Qi deficiency,0.9550041945946096,-0.310631668,0.5713701549505774
Kidney Qi deficiency,-0.468886028,-0.416858162,-0.097562253
Kidney Qi deficiency,-0.089196107,-0.447658854,1.1513715818387438
Kidney Qi deficiency,0.08443152866082426,-0.802269068,1.407643367399459
Kidney Qi deficiency,-0.599973197,0.6617188788321683,0.21505775900737403
Kidney Qi deficiency,0.5195332823198404,0.7524875508003588,0.17420186639436427
Kidney Qi deficiency,-0.058436507,0.4384067339957956,-0.473304204
Kidney Qi deficiency,0.2555936858943018,-0.566997044,1.0682848900159614
Kidney Qi deficiency,-0.470363679,-0.092091187,1.235257148075536
Kidney Qi deficiency,0.030725438738841246,-0.342992247,1.0259979490919584
Kidney Qi deficiency,0.7420166192899175,-0.421315191,0.4286297465122211
Kidney Qi deficiency,0.03225572662731343,-0.854653799,1.1557220471054146
Kidney Qi deficiency,0.2132350961890018,-0.562543668,1.1070602623637857
Kidney Qi deficiency,0.7205612208980621,-0.836319077,0.4776316909341099
Kidney Qi deficiency,0.18871997534363888,-0.906483039,1.2208340303705463
Kidney Qi deficiency,0.11898004445309293,-0.614406834,1.1030356796913157
Kidney Qi deficiency,0.07431822352231301,-0.860535948,1.2998185996574496
Kidney Qi deficiency,0.220722758769005,-0.868919849,0.5967487979156662
Kidney Qi deficiency,-0.670971977,-0.383933283,0.4860101119628128
Kidney Qi deficiency,0.04135088019044596,-0.536377546,1.1929002824585828
Kidney Qi deficiency,-0.201189075,-0.314356656,1.186775531545564
Kidney Qi deficiency,0.20988228929251437,-0.627026365,1.1875097841404805
Kidney Qi deficiency,-0.187899319,-0.312613202,0.42298656778330734
Kidney Qi deficiency,0.7467377886896789,-0.152620972,0.16345976259635886
Kidney Qi deficiency,0.4984677498277668,-0.774577769,0.9671093211674164
Kidney Qi deficiency,-0.269522455,-0.141480008,1.3068949745519154
Kidney Qi deficiency,1.0409477645982148,-0.429251327,-0.151391247
Kidney Qi deficiency,0.44892120776176947,-0.722918363,0.7530495682342576
Kidney Qi deficiency,0.08999545809649244,-0.622317617,0.7995934469902027
Kidney Qi deficiency,0.041999366407933336,-0.283463972,0.8872770243095767
Kidney Qi deficiency,0.10816342760353041,-0.550006691,1.288753014075991
Kidney Qi deficiency,0.3886679803718153,-0.43313249,0.9547568445706964
Kidney Qi deficiency,-0.018990894,-0.649789617,0.9858923297918732
Kidney Qi deficiency,0.43326870809339874,-1.193857058,0.7115905821920144
Kidney Qi deficiency,-0.417450583,-0.103614262,0.7916318709375737
Kidney Qi deficiency,0.1888630062700348,-0.801754825,1.0355101828819222
Kidney Qi deficiency,-0.350177054,-0.347523117,1.0562234441584226
Kidney Qi deficiency,-0.160984742,-0.423962366,1.3147862047285266
Kidney Qi deficiency,0.32654403008241983,-0.009620861,0.4352201077082697
Kidney Qi deficiency,1.1114918128211762,-0.710033533,0.15806761309070239
Kidney Qi deficiency,-0.205072144,-0.644973745,0.8697328945659446
Kidney Qi deficiency,0.9348338876729709,-0.694556636,0.30935506942033686
Kidney Qi deficiency,0.43099882291092356,-0.572390087,0.39024059036479614
Kidney Qi deficiency,-0.866090204,-0.265676781,0.3326471252160482
Kidney Qi deficiency,-0.204235984,-0.542374379,1.184271209216719
Kidney Qi deficiency,1.0185781974735564,-0.017868523,-0.16563891
Kidney Qi deficiency,0.06655057098881728,-0.350818635,0.7584784869941088
Kidney Qi deficiency,0.9410701037319289,0.07475446894147476,0.06328377009488442
Kidney Qi deficiency,-0.107519674,-0.470337141,1.282501577597138
Kidney Qi deficiency,0.2199816138280494,-0.923530394,1.1701428071846933
Kidney Qi deficiency,0.2401373815555957,-0.749188526,1.0570783461874977
Kidney Qi deficiency,-0.096580706,-0.411352568,1.2449264731779939
Kidney Qi deficiency,0.310085385565276,-0.767082919,0.2590427608416622
Kidney Qi deficiency,0.09997076369000348,-0.64557841,1.1506521054895942
Kidney Qi deficiency,0.8786038242000859,-0.802710226,-0.277694013
Kidney Qi deficiency,0.21578706684811524,0.8288026763096248,0.08246702488746065
Kidney Qi deficiency,0.12518344015209543,-0.748796228,0.658381624275959
Kidney Qi deficiency,0.09789760690823879,-0.233250221,0.9979395965622346
Kidney Qi deficiency,-0.316161987,-0.326753792,1.1371686132559777
Kidney Qi deficiency,0.4218479061860032,-0.399511775,0.5544248520655022
Kidney Qi deficiency,0.2956681841470733,-0.20719111,1.087496846676098
Kidney Qi deficiency,-0.179329712,-0.742758391,1.080517231862929
Kidney Qi deficiency,-0.277581782,-0.647366134,1.2280827677499657
Kidney Qi deficiency,0.8518571115623548,-0.802354468,0.38659976609116814
Kidney Qi deficiency,0.06827300563984791,-0.704616226,1.2843694279813607
Kidney Qi deficiency,0.15711427027525046,-0.746425677,1.0901604938775735
Kidney Qi deficiency,0.10661783179395451,-0.736820259,0.8485256371808135
Kidney Qi deficiency,-0.512465974,-0.523142279,0.7492920915204994
Kidney Qi deficiency,0.24597178284601545,-0.746430441,0.8264412695448295
Kidney Qi deficiency,-0.324577432,-0.581225915,1.2862605947484995
Kidney Qi deficiency,-0.031160098,-0.702568154,0.9024897304194396
Kidney Qi deficiency,-0.205072144,-0.644973745,0.8697328945659446
Kidney Qi deficiency,0.024283857342544336,-1.001961615,1.171965181230412
Kidney Qi deficiency,-0.190395388,-0.367885368,1.183502335001715
Kidney Qi deficiency,-0.02467501,-0.837300414,0.9607301267252634
