mean_distance_alleviated,mean_distance_unalleviated
0.4608655204631268,0.5149992749907663
0.4320202168216058,0.49812617611248633
0.42349325395084375,0.36931845797371926
0.4843194952242329,0.45676692353607157
0.4708025333190713,0.5254163185535867
0.5991490170920677,0.4305100417084322
0.4090465522160966,0.4251513497376774
0.4868073644771185,0.48797309002935263
0.4632350223965679,0.501664765062574
0.4116931150181366,0.5776283063359038
0.42951305693698516,0.5497833498551415
0.5234203848893063,0.5813369669308233
0.5509976949219061,0.5093853253168698
0.4248197014371149,0.5237145919620807
0.43969974609613055,0.4518498740104083
0.45339132223028117,0.4408908109342078
0.4532434263436243,0.5813369669308233
0.4676078257633155,0.5021548818694361
0.5185988051352229,0.45152423984570333
0.4454828372908004,0.5054800459736517
0.47334380652106256,0.5474366516854202
0.5547735392937498,0.431875812456029
0.4514960768055658,0.3873138026056384
0.5413361686682363,0.5106801985113965
0.6215414870886191,0.38735985984097243
0.5038294043197441,0.4839050066221798
0.6719697748595312,0.2735335741871292
0.40538376595476394,0.5475556250882755
0.4336555991755704,0.44956576286790895
0.36314473740035574,0.5773111869127892
0.490454103980424,0.5871184534453928
0.4234528165791771,0.5054800459736517
0.4483359375009008,0.45487404136860055
0.4606070052079271,0.4306540449362011
0.48526798052587816,0.49877453033614544
0.4252052842794757,0.6472312131773665
0.265232829735781,0.5813369669308233
0.6565549374781985,0.5419500717477682
0.51144721337909,0.501817171535519
0.413996563623471,0.24034464166974528
0.40103042655224386,0.5813369669308233
0.40787525299779737,0.4194317539918578
0.42751470821276294,0.5554423062834476
0.45755514424613175,0.6019698799112744
0.5293087118478778,0.5054800459736517
0.4519866844635567,0.3788325852180039
0.6454974717833538,0.3313242728004955
0.44388481223810833,0.6159210318040707
0.24540325427935789,0.630152328533133
0.4835892509231739,0.4596100379652229
0.34531523514840456,0.6915575443789025
0.48709720948059687,0.5243540199671168
0.505660301872428,0.5787171924819715
0.39353392561468703,0.5989544153602961
0.4436094905802009,0.4596100379652229
0.4864542629967477,0.29513447709506785
0.47949748125965136,0.501664765062574
0.47192831088077974,0.532063710888283
0.3955562038190521,0.4754650630253252
0.3509913281927112,0.37925695639306656
0.4441395381840094,0.24034464166974528
0.522675392614224,0.5326639674069157
0.4326419791244477,0.3542256318839475
0.24540325427935789,0.5984158515750568
0.3313242728004955,0.6186376447308063
0.48644223918590873,0.5054800459736517
0.5211504593310952,0.34789730236479505
0.47956343730762546,0.44199510352849414
0.4184475732293766,0.4204138322278145
0.4148388776432647,0.33796887873345827
0.4785944407238515,0.5389196113132085
0.5187887324352891,0.5054800459736517
0.5077781932651836,0.47537620533867914
0.5718196272745587,0.265232829735781
0.4873729020144874,0.6190752255968713
0.48302560068734496,0.6571938878879948
0.5162729799742185,0.37314733062637456
0.44618908787007705,0.4494373239508871
0.47883500368681864,0.37748246644541783
0.46840403577718964,0.5094914600175111
0.39036731864788926,0.42173647227010497
0.4255082152927756,0.4369756571646711
0.3981920735046575,0.3677883678026652
0.41485079401355884,0.33332033270982464
0.39223132166941355,0.44678515477710884
0.4452533225483899,0.3677883678026652
0.4322502003651162,0.4502820780227487
0.4695930635315556,0.5054800459736517
0.3852841151706136,0.3509913281927112
0.48170682336617315,0.5054800459736517
0.45516675458413447,0.501664765062574
0.44591641884658445,0.5877761482877595
0.4328900450553762,0.5134738864114106
0.4234891707781718,0.4702629153026059
0.38952392710404443,0.4519973541040483
0.4690187218168996,0.5679946557867425
0.4248197014371149,0.5054800459736517
0.5558849547825075,0.4619267430033817
0.43251537581720295,0.5186571678517145
0.42739570507595387,0.4382832382908223
0.40304762578900927,0.45527813409754525
0.45012473939957515,0.5747067732484814
0.4639098983167686,0.6013367400252188
0.4534112298685006,0.49046181345581635
0.5104458298794298,0.5106667746330772
0.510918586296595,0.6596531111991966
0.5626806505434238,0.4191353249040845
0.45582773268917237,0.575909586272113
0.41254931668075895,0.4518498740104083
0.4292331153946789,0.5994581101259243
0.5801047102332284,0.5114409085896989
0.3965968345299511,0.5984158515750568
0.29492633365649484,0.4251612151166593
0.40981546005222336,0.4952320939355851
0.47777322088143587,0.691351657176462
0.4395425334557515,0.5679564452715153
0.556757478989202,0.4584842480899655
0.44807159766956633,0.5779693011097858
0.46374517977240404,0.5432160722977661
0.5054707405895298,0.5110268196897408
0.42208569639914373,0.6571938878879948
0.4494077441519151,0.5397684011133005
0.46220421141433116,0.5789262688532941
0.4775176763392994,0.691351657176462
0.46934439233039055,0.44199510352849414
0.4724433901292621,0.44678515477710884
0.4299541725622927,0.5462992497095223
0.465353689207448,0.691351657176462
0.42922845186208264,0.630152328533133
0.48818542305067886,0.2928210578850527
0.4835205776701872,0.5281029719546664
0.39078936930662417,0.3962640494895713
0.36961286272303995,0.5337742812249239
0.40436509269432835,0.5571876957806253
0.4187792135497183,0.5719482382425444
0.5136636866835639,0.5054800459736517
0.265232829735781,0.587249897925275
0.4691400052165484,0.49946843378481764
0.34959359651509875,0.5985187951762772
0.44103593035355804,0.3955844740142501
0.4764628790418149,0.5984158515750568
0.4023886881875492,0.514136504456046
0.4630441524631777,0.5985187951762772
0.4830696461209468,0.4862410703567236
0.42133514630895696,0.5139264920042792
0.4749039690515836,0.44199510352849414
0.41787886944619784,0.4179364045982358
0.514491256339203,0.5134738864114106
0.47123917562946316,0.48915139354333803
0.48584417878734243,0.47916146072697724
0.4980679894047078,0.47115228317785635
0.265232829735781,0.5506035407355102
0.47569777511676364,0.5570329549388459
0.4338300476773486,0.5534083929994352
0.5158941058257678,0.4298424994184826
0.4984494990220035,0.44199510352849414
0.3566093392066358,0.5161398194081575
0.43272408072637714,0.5758639748291193
0.40436509269432835,0.47537620533867914
0.308245323447455,0.6159210318040707
0.5031495579209209,0.6013367400252188
0.43529423735756384,0.5497812962793807
0.5194612091020648,0.5984158515750568
0.44777971192705546,0.38724263075961324
0.4336037221064529,0.37741894026033695
0.522775800153192,0.42328489833330213
0.4361121550044556,0.6209012914278974
0.3688474380234884,0.53276294673758
0.538490990986635,0.6571938878879948
0.46980793468624554,0.5475556250882755
0.4104549499525463,0.6842864385198659
0.4973844149145984,0.5054800459736517
0.3766962163761103,0.5719482382425444
0.4972379230796589,0.6915575443789025
0.45499233082935303,0.44255685465808237
0.29492633365649484,0.5397708277635697
0.3313242728004955,0.5373140830159835
0.4852873319171488,0.5462992497095223
0.49306658063969394,0.587249897925275
0.4566377062415678,0.5213092828269745
0.4676316912451513,0.5813369669308233
0.41350878529545454,0.5985187951762772
0.3965968345299511,0.5813369669308233
0.46813764738932656,0.6185690156633262
0.4636532683199339,0.36931845797371926
0.4852231977622674,0.47560912029055136
0.4344891065948429,0.5626160974738427
0.4239593519311171,0.5838246144196365
0.4923302900489524,0.6565549374781985
0.40218701630392295,0.36677406855292227
0.34497708290829143,0.6013367400252188
0.4191499031470062,0.5813369669308233
0.4838247139044277,0.6472312131773665
0.4575065595814941,0.5813369669308233
0.4500901256340905,0.4539688264087868
0.42406929781009756,0.6064096237799483
0.48159613534835244,0.6453945281821336
0.3820083478859333,0.6399566617450603
0.4814351105162341,0.5052615564401559
0.4379231024000529,0.5984158515750568
0.49730834475818914,0.54736802261794
0.45071346392155087,0.5984158515750568
0.4782752606579558,0.6915575443789025
0.421304952750717,0.6399566617450603
0.5447252926321596,0.5331094002392669
0.4181293221355644,0.5719482382425444
0.30247355217519784,0.6159210318040707
0.4211344093744742,0.5985187951762772
0.4640558706189017,0.6224845916910785
0.37795257702989393,0.6399566617450603
0.4732747434897696,0.5266900058247521
0.5183151300737343,0.5113379649884787
0.41599146130954445,0.6013367400252188
0.265232829735781,0.5658301176562357
0.40394003066941336,0.3862014090948628
0.4337400884092773,0.5316868987848764
0.39508626927309953,0.6842864385198659
0.393522758210942,0.6168045235977191
0.5885627944123365,0.3313242728004955
0.43910068182838125,0.42561039671802514
0.265232829735781,0.6013367400252188
0.38223867633696545,0.3467271243190621
0.46282259437066287,0.5462992497095223
0.5034453286090109,0.49340855696418906
0.4913665617723096,0.5980115668161075
0.4683808569985401,0.5985187951762772
0.346704848080667,0.6325618200251073
0.4248197014371149,0.593277926316599
0.41902286380099607,0.6224845916910785
0.4199289602259043,0.4596100379652229
0.508245046934793,0.5054800459736517
0.44423733504828944,0.24034464166974528
0.32450482090610755,0.6146411995808178
0.29661642131296073,0.6956465747065846
0.49181088141905765,0.5984158515750568
0.3387823951706644,0.3789480973527166
0.5114409085896989,0.5054800459736517
0.5114409085896989,0.5054800459736517
0.4477038874028473,0.6571938878879948
0.4151177128726512,0.6224845916910785
0.53756084959688,0.5054800459736517
0.5851510081599639,0.4596100379652229
0.47459941092034025,0.5211371066488506
0.3964524010443487,0.458366576066813
0.49169442624009707,0.5984158515750568
0.5779155442735021,0.3313242728004955
0.4237653297098654,0.4609689139278612
0.40535459040206895,0.5776283063359038
0.4738499783052937,0.4596100379652229
0.4804852845376055,0.5054800459736517
0.43975460197429306,0.24034464166974528
0.47834694077232004,0.5497833498551415
0.4306271985579037,0.24034464166974528
0.4187766210774725,0.5719482382425444
0.498559887538004,0.6571938878879948
0.41968099056442293,0.6915575443789025
0.43370241230334805,0.4212961262876129
0.3502199049873756,0.5776283063359038
0.49109711747719653,0.4866865327987811
0.3385402550042499,0.5719482382425444
0.39308567037615894,0.6216010998974301
0.41243630439574275,0.5809502972817949
0.39729932108193805,0.40799757579169293
0.3938971913555946,0.5719482382425444
0.3074838759649504,0.5776283063359038
0.5183151300737343,0.42328489833330213
0.4605027881917164,0.5838246144196365
0.44392527279578053,0.47964794986644244
0.3723488760233196,0.5776283063359038
0.43551676136955575,0.44199510352849414
0.5123819057304758,0.4270962301588967
0.5582684331006361,0.40353961464665256
0.4704602366842108,0.5984158515750568
0.3754982870364189,0.3679783569794892
0.3948008229880746,0.462894091425747
0.3594344383933917,0.5764851025611004
0.36294723330778433,0.6159210318040707
0.3595128654303232,0.6224845916910785
0.2749370913680907,0.5626160974738427
0.41599146130954445,0.5849710514450465
0.3973912512470755,0.5173205287662624
0.48886043303819027,0.509434631839031
0.44625966909010073,0.4596100379652229
0.32768265585520373,0.5513262510580881
0.4318051722309833,0.4702629153026059
0.5095091779121927,0.51144721337909
0.476204471004258,0.54736802261794
0.5115765763032392,0.5225546865006511
0.3969915010855618,0.39942726344318785
0.5126098388919845,0.5054800459736517
0.43726498576042955,0.5180732544566783
0.41077767466077336,0.42335899241295644
0.4877682000842317,0.691351657176462
0.5511607836867229,0.4113077750791301
0.49917792930535754,0.46979424995171437
0.435699397258381,0.38775639706691645
0.47203219476091335,0.5658141774005355
0.451032269213184,0.691351657176462
0.3797349159670308,0.38304891347588094
0.39181666516414726,0.4518498740104083
0.5112344686174469,0.48905888210225906
0.4222386529191216,0.6186376447308063
0.4127251489844569,0.4588741853853963
0.4756309467330243,0.4806084913234363
0.41461012088529214,0.6571938878879948
0.44404951479105287,0.4596100379652229
0.38801813159244947,0.3862014090948628
0.4601460501758803,0.4336870903528216
0.5006586498185934,0.5301571035405303
0.439203725526473,0.49036001415007124
0.4728563743181556,0.6565549374781985
0.19031455875593842,0.5187711804443745
0.5289108522127606,0.47495517463609666
0.5183151300737343,0.4746483688212855
0.4599921529257743,0.4209341266192466
0.3989770642161271,0.4351932956723136
0.3918462979222569,0.4454235118152606
0.42071664975054507,0.4218812256539877
0.45113148369099454,0.5302257326080104
0.43874877145510066,0.37416275628445395
0.38831159469965215,0.5813369669308233
0.38068327012540054,0.5613789065959671
0.45743989519471573,0.44856718220315156
0.5705663935787761,0.4234829570434263
0.505636493770408,0.44199510352849414
0.3313242728004955,0.5322607959304745
0.4549861401125171,0.4952320939355851
0.4113263183895378,0.5984158515750568
0.47233137029737127,0.5984158515750568
0.4407054763906383,0.5984158515750568
0.35773724635658993,0.6168045235977191
0.45433203946289624,0.5098275030463337
0.5081008201885351,0.5599900181404642
0.49173309317937136,0.5406475069033334
0.4201859356032701,0.3865689272884659
0.5397684011133005,0.4880221426991641
0.4648037187388553,0.5054800459736517
0.432613562142856,0.41585793557022394
0.3956735323165868,0.5613134308700297
0.4829779915169564,0.5556344395533659
0.5254500564291527,0.4862271311755016
0.49979201341058965,0.511897588023693
0.5078657467073036,0.5813369669308233
0.5344888596041762,0.691351657176462
0.44929145016378375,0.5753590390129709
0.45621571369424924,0.5185652434244425
0.5035216514696116,0.46335212108621704
0.4848553688072794,0.44199510352849414
0.4348213836199129,0.48878633794349274
0.45101615352895064,0.5984158515750568
0.38389747463586693,0.5758639748291193
0.48383366076786705,0.5351990182996815
0.4242302497360305,0.43897882983762687
0.5574198070432945,0.47070172910773217
0.4591164212259372,0.5984158515750568
0.35415563078977885,0.5984158515750568
0.4758080619574569,0.4710466388861338
0.5299516335712363,0.5183151300737343
0.3561909791904081,0.5640385399932061
0.41599146130954445,0.5984158515750568
0.4466651092773751,0.4013974712471754
0.5107509333804722,0.28770633275947594
0.6289458387517086,0.47195122793116134
0.4408331079662002,0.5054800459736517
0.4792950186173671,0.5994373991878051
0.40616067964635916,0.5861157632126061
0.47340730493446176,0.5984158515750568
0.6463441986008404,0.5054800459736517
0.5895817464494725,0.5038860623160386
0.3886158093670733,0.584681380438337
0.5205839921074141,0.5984158515750568
0.5574198070432945,0.4318243406554189
0.3767814628598085,0.5985187951762772
0.43983974443261137,0.5445406794592796
0.5004049418490523,0.4623820873020173
0.3980233516886419,0.3785405585580861
0.34335691319700123,0.4627264394991235
0.4779682385429961,0.5034122915368504
0.5076816644535639,0.5517555146198829
0.35739632822917267,0.5557947477391376
0.5306533309399257,0.47537620533867914
0.404917936514364,0.4322752759546522
0.4044686794028922,0.41711154721614524
0.47874631418056013,0.42849974733985813
0.42709082568960105,0.5683120109400843
0.4529417150888138,0.5685256739233242
0.4291405324258425,0.5049296952477887
0.4257755146228393,0.49075996365444813
0.41871041274487464,0.4237437110375945
0.49152851693875926,0.374262321223879
0.47162372488645915,0.5813369669308233
0.658052854063031,0.4859419578848674
0.40154938803044127,0.5465623317014967
0.5574198070432945,0.4799707257264507
0.4164412518137789,0.5381905107798324
0.38969946653503096,0.5617971113117832
0.4763608944169526,0.5651284913556376
0.45545705644910106,0.5523207596476429
0.5329662981214645,0.5262743225180847
0.5091822832595634,0.48570911963962365
0.6076119930422309,0.5517555146198829
0.3796671456671773,0.4855255347542683
0.47033947253345465,0.593277926316599
0.486588441215259,0.4927820384971561
0.36153760534866963,0.5517555146198829
0.47709919415591673,0.4369526826868871
0.4154123592440162,0.4797396211352328
0.4301552358778217,0.5813369669308233
0.3357376867580595,0.5880035579622884
0.4239108642064584,0.5285672242405359
0.4093820770700519,0.37887749910728363
0.4780274588781433,0.5984158515750568
0.34959359651509875,0.5994581101259243
0.4925476269321461,0.4609488345445429
0.4188438446955015,0.5738176159626344
0.41626384252433907,0.5448246798658772
0.422987382930056,0.47970810634684663
0.4559108392421762,0.37761627469082487
0.46577507689162134,0.459091261058062
0.3561909791904081,0.5985187951762772
0.47852039837329907,0.5994098500948202
0.5536469760733459,0.4209280943820819
0.40055158683123804,0.5522397898374091
0.4267490480184733,0.5890166240119504
0.3645157273684355,0.517759812118668
0.4207162435076241,0.5809502972817949
0.42765159536041447,0.4855185031788035
0.4248197014371149,0.6454974717833538
0.3942428473304188,0.5984158515750568
0.46293500683412536,0.5082880706029751
0.4466122707571126,0.6842864385198659
0.41852205568012585,0.4910622467112319
0.4166129302532037,0.5985187951762772
0.4087801843841748,0.4502820780227487
0.5085246278853078,0.45152423984570333
0.45535500376264115,0.5776283063359038
0.473972059624308,0.488581008633604
0.38228066650751186,0.4450888951632441
0.4869731826801697,0.6192707583432776
0.4481247997898651,0.5054800459736517
0.3509913281927112,0.3839041920235765
0.4572756447461593,0.551806986420493
0.4248197014371149,0.5009416781924233
0.41992127370906684,0.4395431373429811
0.5312285886891276,0.46169299681100645
0.5183151300737343,0.29727897837031986
0.48242823228090254,0.5306571989548721
0.3624819401359862,0.5813369669308233
0.43791131111169773,0.6224845916910785
0.530655765090976,0.4408331079662002
0.3832082065122561,0.5813369669308233
0.4535588460572117,0.49373202458132537
0.41024124983786986,0.39732875520062566
0.34370810309671845,0.568864613759909
0.4833628326097171,0.4643802669862276
0.41892998851848695,0.4702629153026059
0.4179944939346143,0.4702629153026059
0.4487360887331036,0.5813369669308233
0.3594344383933917,0.5626160974738427
0.355941422366142,0.5500521094201968
0.34959359651509875,0.5985187951762772
0.3835614556987582,0.4075616320708247
0.46769431938784256,0.24034464166974528
0.4292331153946789,0.497999402220714
0.4625816860525262,0.5054800459736517
0.4296475385437132,0.5985187951762772
0.4246989858548533,0.3788325852180039
0.534732590724711,0.4671282409671683
0.40963071203086265,0.590771608450261
0.36617734967636967,0.630152328533133
0.3357376867580595,0.5362602275208488
0.34789730236479505,0.6110559392568531
0.35417800587313314,0.5652993114090143
0.47613561868764626,0.44688713556304793
0.19031455875593842,0.54736802261794
0.5018838359832591,0.5054800459736517
0.5211851527895713,0.691351657176462
0.533280752163777,0.6453945281821336
0.4564505368335512,0.34107770148859234
0.3313242728004955,0.5985187951762772
0.4434927066976775,0.43670976679288415
0.3899525961964513,0.4539506814340744
0.29492633365649484,0.6216010998974301
0.34580401215974516,0.6283156435379
0.49285094213274033,0.4889590011801116
0.4623820873020173,0.34015110071562354
0.44749493130879714,0.4952320939355851
0.4344891065948429,0.6224845916910785
0.4500147815744273,0.6453945281821336
0.47626004472288663,0.44527236470370657
0.4248197014371149,0.5984158515750568
0.34497708290829143,0.5813369669308233
0.479467323447094,0.557693562873875
0.41442633678190227,0.5813369669308233
0.41127131664834576,0.50498014524596
0.5701211772058554,0.4724132974919999
0.3357376867580595,0.5244058937079261
0.4543760398579213,0.3960932846368947
0.4391681313416246,0.5054800459736517
0.46033390552026165,0.5752963247240314
0.46314852027542236,0.5054800459736517
0.41586460732477387,0.6454974717833538
0.41328406620326963,0.6915575443789025
0.482161576308742,0.5973141609281475
0.3830433255608587,0.6224845916910785
0.5006586498185934,0.48231528194391277
0.29492633365649484,0.6224845916910785
0.4631332283985193,0.5916690564507979
0.3778974168462263,0.562823309330436
0.349507238705092,0.44260441959493124
0.41497934109234386,0.5573037641723617
0.4886055533935286,0.5757196881327746
0.5434946496305607,0.5517555146198829
0.4231159266577899,0.5225844345817177
0.4184021593870736,0.628237767502307
0.4708711291212682,0.431875812456029
0.44909147936106303,0.5879642963399727
0.265232829735781,0.5813369669308233
0.3675257113642132,0.5776283063359038
0.4591804184729124,0.5874350337759664
0.4262744173299697,0.5355443700571729
0.38060389666198,0.5680992931435281
0.3594344383933917,0.6224845916910785
0.4410192817786796,0.4808345573470308
0.3072413628360339,0.5709866079362943
0.34959359651509875,0.5985187951762772
0.4707439203704211,0.6453945281821336
0.41196529575242186,0.6283156435379
0.4707439203704211,0.4509961642058616
0.48891563326767196,0.5873185269927551
0.33275265603644405,0.5799562996569799
0.3523679746265075,0.47654453176605216
0.265232829735781,0.5681089012104391
0.4495199944722783,0.4596100379652229
0.4552996604605429,0.4596100379652229
0.3734479355598596,0.5139264920042792
0.34959359651509875,0.5684149545413045
0.4704092307557659,0.5803568591158336
0.472313827834421,0.4097151802701716
0.3004919498027774,0.5064787028190486
0.4606903859271509,0.5030693478961226
0.19031455875593842,0.5150051925615027
0.36449577727000054,0.5776283063359038
0.3313242728004955,0.5762803127749556
0.4359927029469211,0.3677883678026652
0.4237829050352005,0.6956465747065846
0.3969043014761818,0.4392469983456923
0.47932036866118094,0.5776283063359038
0.3658968163376643,0.5946396352103163
0.41693180157177356,0.3666021382458185
0.4663305064128571,0.5985187951762772
0.38792228101051546,0.615842893291469
0.39438545460387286,0.46710546188660595
0.4470893342437448,0.6472312131773665
0.4507523213044357,0.6472312131773665
0.46057913943152784,0.5985187951762772
0.34959359651509875,0.5796960532951538
0.46352952905148914,0.4758057994781494
0.5128962487523232,0.5813369669308233
0.42447182089416574,0.46710546188660595
0.5025870368783969,0.5758639748291193
0.3778588095499444,0.6571938878879948
0.265232829735781,0.5813369669308233
0.34015110071562354,0.5813369669308233
0.4228715465507682,0.5359820995217843
0.4080977972432011,0.6842864385198659
0.4395047792223723,0.5617326056801942
0.5183151300737343,0.42328489833330213
0.49291441223300847,0.4866645229333805
0.5029942365549955,0.34015110071562354
0.34812389623238826,0.5936864283834684
0.38060389666198,0.5779693011097858
0.3832110388238794,0.5779178293091757
0.43015706390636055,0.6571938878879948
0.4243684604492177,0.691351657176462
0.41781702707522567,0.5625071708515474
0.37795993032958103,0.4498458256669046
0.40814614334433086,0.5382887149432692
0.4935957507959336,0.5052234671010232
0.5145154523756169,0.5183151300737343
0.4113263183895378,0.5187711804443745
0.38365386500074294,0.5711032328064373
0.4813993055135013,0.5191680539591901
0.34959359651509875,0.587249897925275
0.42122158253097475,0.38774707920418483
0.4728116873950746,0.517759812118668
0.5136636866835639,0.5572449255415273
0.5079330930023548,0.5052234671010232
0.4400846616046208,0.6230541434387328
0.5542881695060429,0.5789545734395787
0.4024787695280449,0.4624507163694975
0.4991243597187721,0.5351990182996815
0.37838874365673253,0.5504574064934693
0.4091693224884347,0.6224845916910785
0.4893098268771565,0.40103042655224386
0.4777649790922227,0.45893506805018225
0.4479733270458052,0.5313779620690681
0.45691078811421415,0.5758639748291193
0.48868808281304404,0.532689338968266
0.42661268745577285,0.5937561434166678
0.34959359651509875,0.5894630574704062
0.3222167861807934,0.5719482382425444
0.44011440292232645,0.5193896854386701
0.42941400607264724,0.5986289248458965
0.5059111097835481,0.5719482382425444
0.4727625315162884,0.41708434543926326
0.3611370131604336,0.5373411787359598
0.4286247381543226,0.5588659295213134
0.37183840847667937,0.5813369669308233
0.5183151300737343,0.5671806708352933
0.4509961642058616,0.34015110071562354
0.4462969050641611,0.5613344265966538
0.42582642385679503,0.5709866079362943
0.4951040326968804,0.5497833498551415
0.37448235055008056,0.5369508109566691
0.4256070788894109,0.5803092104109616
0.47408166486327186,0.5497833498551415
0.4788230841450687,0.5776283063359038
0.4228715465507682,0.39363960747147697
0.34863046788180596,0.5304056610309533
0.46013502323134964,0.5557947477391376
0.41096604202425707,0.4952320939355851
0.47878655220789557,0.5054800459736517
0.3998261361093776,0.24034464166974528
0.5499211705184287,0.508268043127204
0.3313242728004955,0.5813369669308233
0.5409343813823231,0.5297386501013043
0.4159472863493164,0.4855185031788035
0.40577341921363635,0.5813369669308233
0.3964390464507164,0.4320421358563593
0.3982395229202839,0.44070428867608114
0.3747758366683175,0.5527393241820423
0.3614530360254892,0.5984158515750568
0.47704049955147976,0.4596100379652229
0.506455059266001,0.46092644421384565
0.5069463770076735,0.6453945281821336
0.3976212417844637,0.5474366516854202
0.3626274740160103,0.5813369669308233
0.4255585395120301,0.575909586272113
0.5006586498185934,0.6283156435379
0.39647446214597626,0.5507926202002986
0.34015110071562354,0.5985187951762772
0.3937938558407684,0.628237767502307
0.40969903750799974,0.5500521094201968
0.44878393164604624,0.587249897925275
0.4134271785895713,0.5973141609281475
0.47560257529386185,0.4369526826868871
0.3470058694278677,0.5973141609281475
0.5298122163729945,0.3313242728004955
0.49487876727308483,0.44199510352849414
0.36916981611947863,0.46710546188660595
0.43522851138866653,0.5984158515750568
0.4393273006558833,0.5180732544566783
0.4872492036143335,0.5517555146198829
0.4859419578848674,0.6013367400252188
0.4590212555844185,0.4351932956723136
0.4863794010425973,0.44527236470370657
0.49860208510341114,0.691351657176462
0.4318243406554189,0.6565549374781985
0.45815612845304976,0.47852344364048793
0.265232829735781,0.5435671921008047
0.5406052087005083,0.4114831193352313
0.4193674356558963,0.5776283063359038
0.5275840971825198,0.511897588023693
0.3644743934474775,0.5987971553147797
0.5386915921575413,0.47314794644407704
0.45485702359706337,0.501664765062574
0.3357376867580595,0.5271966101738312
0.5044655892533124,0.4410184682337909
0.4978977300560307,0.39242246745126735
0.45249519530597154,0.4818937417269313
0.4764986373425136,0.5475395389958485
0.39433561845660225,0.5813369669308233
0.45893130012301253,0.34015110071562354
0.4363782132239938,0.630152328533133
0.4050211126980802,0.4098948487731282
0.4409520424931187,0.5813369669308233
0.4712535727931819,0.501664765062574
0.3919855207046199,0.5952731451476838
0.4368928650706347,0.4233095180966571
0.4701181135848431,0.5462992497095223
0.432754897968335,0.5937561434166678
0.4327756440160544,0.6571938878879948
0.19031455875593842,0.5985187951762772
0.4109248774214616,0.5776283063359038
0.44534088909779607,0.5985187951762772
0.497999402220714,0.5044655892533124
0.5191273140615885,0.5134738864114106
0.4046182605136715,0.4546462880977706
0.39398349267869115,0.41884874295021424
0.36617734967636967,0.6473341567785869
0.34370810309671845,0.587249897925275
0.39703987337284585,0.6159210318040707
0.4093283266855887,0.3788325852180039
0.4266470688523545,0.6016631820562379
0.4707439203704211,0.5985187951762772
0.46212644497122585,0.501664765062574
0.3313242728004955,0.5813369669308233
0.4550425023882664,0.5719482382425444
0.5183151300737343,0.5985187951762772
0.24540325427935789,0.5813369669308233
0.4340318290436165,0.5497833498551415
0.3518057485550364,0.5497833498551415
0.411992825496682,0.5776283063359038
0.5136847877060394,0.4640558706189017
0.47613561868764626,0.4570004203956799
0.3595128654303232,0.5240987074452703
0.43401755101297734,0.4570004203956799
0.36299195436158893,0.38822300553236044
0.3999066400445309,0.6915575443789025
0.3955562038190521,0.4587642829514853
0.3072413628360339,0.5294675073916931
0.4494548364434324,0.44527236470370657
0.42374604292166723,0.28915676020160175
0.41424955331426955,0.517759812118668
0.3313242728004955,0.4292331153946789
0.4955313802484631,0.5314484042750603
0.4763895905089572,0.5719482382425444
0.3118226609400212,0.5263737676990878
0.4248197014371149,0.46436348307394065
0.2780462103467473,0.5021213649696601
0.4586813878130206,0.5973141609281475
0.3645644710528852,0.3788325852180039
0.3914442313980159,0.3677883678026652
0.46655972662476725,0.553271991633048
0.4954146299160119,0.4516680000134762
0.453109672189993,0.4638205895081072
0.4803128927744857,0.4596100379652229
0.37695611391626477,0.5985187951762772
0.5278551524680601,0.4649315140885781
0.4668829775814184,0.6571938878879948
0.4262621078260272,0.5838684141479545
0.4257455208754501,0.3883176845077455
0.5022392536006206,0.5110268196897408
0.45203770803784327,0.6571938878879948
0.4845821097010012,0.5161146052845726
0.39105837769363294,0.5352755171619282
0.4154912079134465,0.5548402058432567
0.4894543411526528,0.6915575443789025
0.19031455875593842,0.5985187951762772
0.508424930954891,0.4597305711697273
0.4537316224962096,0.5984158515750568
0.5985187951762772,0.45597736877260564
0.4818489611502363,0.47537620533867914
0.46612148350855015,0.4754748715604997
0.49890295923587535,0.5054800459736517
0.4820546289623615,0.539690118689745
0.47865346494916944,0.6281348239010867
0.3489678260981947,0.5776283063359038
0.30627660583753,0.55444419456008
0.515813190212954,0.5984158515750568
0.3072413628360339,0.49354096064944863
0.4007046572443622,0.37727364213397757
0.47926413156160175,0.44199510352849414
0.4206673569453372,0.5813369669308233
0.4250023391604817,0.4596100379652229
0.43525053771952393,0.501664765062574
0.5004049418490523,0.4820408775387282
0.5315558670373945,0.5054800459736517
0.4327982789344178,0.5377903601096317
0.3739826869076554,0.5871450768992874
0.3519087164086544,0.5880035579622884
0.439203725526473,0.5445571825303885
0.4171020248066995,0.5147255749185726
0.19031455875593842,0.5984158515750568
0.4090933285523407,0.5054800459736517
0.5291788383428202,0.44534088909779607
0.4095105044757864,0.6571938878879948
0.12603207780488251,0.4879412136265132
0.45316277591669696,0.5269000408919877
0.4528142858634741,0.47314794644407704
0.480527467766438,0.4935997809271473
0.265232829735781,0.5369712098309263
0.4751789206689899,0.5985187951762772
0.43758035564255127,0.5984158515750568
0.4313283356111489,0.6399566617450603
0.42652682034042555,0.24034464166974528
0.3879429954175384,0.3862014090948628
0.3806839791845041,0.5537264093585147
0.45075039212539664,0.4596100379652229
0.5407819347535098,0.5063458936977938
0.43526502465363703,0.39711319455778055
0.42380262373873734,0.5779693011097858
0.42326429222810696,0.5054800459736517
0.4513438065768149,0.554880835490055
0.46998410646407546,0.5985187951762772
0.42414824935000833,0.5596315745822097
0.6739532973273302,0.34789730236479505
0.41378592306707657,0.3648833952292822
0.4772727143872098,0.4831403221100506
0.40727243888267467,0.5054800459736517
0.5058846205933798,0.12603207780488251
0.28348329889896196,0.5476807608002637
0.42006550403488996,0.6224845916910785
0.42164627186911025,0.41317543589417727
0.38558979644976915,0.5619679011250661
0.4813628915310987,0.45321370833344027
0.3863639002314081,0.4435944229324527
0.3518057485550364,0.6224845916910785
0.41234257900042204,0.42346294528613865
0.3493895981496947,0.47772934598794103
0.4344891065948429,0.6224845916910785
0.48709720948059687,0.5183151300737343
0.4312073550079828,0.4405707123263555
0.513732315751044,0.5054800459736517
0.5376234763239979,0.5054800459736517
0.3313242728004955,0.5984158515750568
0.3313242728004955,0.5378315144340043
0.5460174417354003,0.6013367400252188
0.30575359389593043,0.6159210318040707
0.4821267124772934,0.4159034993999857
0.41134001211830995,0.48293494487036226
0.5488622603619373,0.3313242728004955
0.4259015090815921,0.5865154374940021
0.4239593519311171,0.54736802261794
0.5436450499489927,0.6013367400252188
0.5300779633399807,0.44527236470370657
0.5059620525622421,0.479380352933122
0.5684875071024816,0.5529011646392656
0.4928237409861562,0.5534083929994352
0.5319252935566418,0.3313242728004955
0.5056495063730134,0.5270706462079516
0.5780551396594843,0.5037653269837871
0.41902079552485755,0.4547129729789453
0.4121406985788711,0.38718390068073943
0.36717195301537797,0.3041614993246172
0.33770292913122724,0.3862014090948628
0.4167905924551295,0.5776283063359038
0.4312073550079828,0.4702629153026059
0.388565208879737,0.6571938878879948
0.4314612448299917,0.4518498740104083
0.45195608365823703,0.4121326319932168
0.19031455875593842,0.5985187951762772
0.38884346703843087,0.5320581765199802
0.5250972724748377,0.5984158515750568
0.42183212108473594,0.511272189103367
0.44414408517953197,0.41319253681370965
0.47892155742901515,0.4389165802880679
0.4306854135434031,0.5873185269927551
0.4302523918723091,0.5034477510298958
0.41937611768918553,0.42936546541786874
0.265232829735781,0.6185690156633262
0.5067197197500053,0.4781184667631656
0.6473341567785869,0.19031455875593842
0.4676157389765842,0.5161146052845726
0.4684671536014898,0.42852703653401425
0.43019363717006953,0.5359820995217843
0.4712789731773596,0.5161146052845726
0.4209234169507598,0.4304607660866956
0.3811948768173726,0.5407044430549209
0.37663435288645575,0.6915575443789025
0.4283032086377007,0.6399566617450603
0.5414061857348722,0.5588762646307697
0.3965968345299511,0.5474366516854202
0.19031455875593842,0.5984158515750568
0.4638459777199877,0.54736802261794
0.484085281397429,0.5871184534453928
0.19031455875593842,0.5462992497095223
0.35930832066803625,0.532186147753783
0.37270318202223884,0.3642296791321253
0.3880983661219558,0.5295840110731368
0.265232829735781,0.5813369669308233
0.4618852255579016,0.4866865327987811
0.5094868899461639,0.5578086973247383
0.4290214942985138,0.4821780393080754
0.4154043637787036,0.4952320939355851
0.4535349105769086,0.5498449626446555
0.48573341685545446,0.5054800459736517
0.4256076663382911,0.5591657356043939
0.44437051768848224,0.6454974717833538
0.5057778027872784,0.5054800459736517
0.30627660583753,0.5009416781924233
0.5394423537134425,0.6571938878879948
0.484846031490274,0.501664765062574
0.43659184992897454,0.691351657176462
0.5131499993613297,0.6565549374781985
0.49277333262153045,0.5663285009269187
0.38889305602947544,0.49671053646984265
0.5760010013336359,0.5006586498185934
0.40309611288275543,0.6453945281821336
0.3967126639671048,0.6571938878879948
0.43144742127319236,0.3879445058634591
0.5410881816804934,0.4763653479949466
0.4739812996906027,0.5993894810584441
0.49396366741551767,0.5462992497095223
0.4141417189123115,0.5813369669308233
0.3454866042872659,0.5252716072161462
0.47600485712288904,0.501664765062574
0.5135028740613704,0.5272878185967003
0.4264936693583228,0.5054800459736517
0.4516267273944901,0.3512241019136471
0.42082207399538074,0.5709866079362943
0.45254219939819595,0.4638205895081072
0.4542003592062313,0.5984158515750568
0.4435397536325298,0.5973141609281475
0.3824008443970313,0.5985187951762772
0.4445513342623987,0.4351932956723136
0.45522050328993124,0.6956465747065846
0.38241909788387407,0.4087068043850344
0.4090933285523407,0.5738176159626344
0.474901942352139,0.691351657176462
0.46983728609455844,0.5450674377106532
0.3569878374287147,0.4034785934085581
0.43076026516708765,0.31345678447910563
0.40766569341716413,0.3679783569794892
0.3891907378514195,0.43897882983762687
0.47238970045097634,0.6891482758826433
0.4201547740599649,0.5253666075622323
0.36404774952797814,0.6472312131773665
0.41442633678190227,0.6136808451633827
0.3357376867580595,0.5646450798147544
0.2780462103467473,0.5776283063359038
0.3886403377194067,0.5397708277635697
0.4804065025894789,0.5543202385547894
0.42513086775278275,0.590823080250871
0.4030388872736106,0.5776283063359038
0.47425024925527764,0.554471220826269
0.19031455875593842,0.4228155733446376
0.4855594755733186,0.40103042655224386
0.4029333385426248,0.45136527847584146
0.3313242728004955,0.5535833046395152
0.3544606083198338,0.5776283063359038
0.38097369946544546,0.5776283063359038
0.45090098817097063,0.4596100379652229
0.4180752976138008,0.5985187951762772
0.3427645169454154,0.5320581765199802
0.5582631429001093,0.12603207780488251
0.47754241615180065,0.3933634472163899
0.5500480245031993,0.5329208467656801
0.501252118968047,0.4596100379652229
0.5284907605359672,0.4647107519077604
0.42093468627749764,0.5536983804183275
0.4160981245926027,0.5292822266627595
0.47623879610413156,0.4102634266021365
0.38742768635768454,0.6325618200251073
0.44226297894366,0.38981189527147725
0.388298318752101,0.5813369669308233
0.3624819401359862,0.5109822952183527
0.4135700048223125,0.42691935442376766
0.49010085130468434,0.6224845916910785
0.4415711741865464,0.5474366516854202
0.3478695654868824,0.6453945281821336
0.34370810309671845,0.5187711804443745
0.5032950061493406,0.6168045235977191
0.39588651578651896,0.5054800459736517
0.2673084015297354,0.5404390778843786
0.39961118815665336,0.4916985092842741
0.5518847094984323,0.6915575443789025
0.5006069387905848,0.4478336583606705
0.42579637804873377,0.4656386594991484
0.5588762646307697,0.4608435843178114
0.265232829735781,0.5873185269927551
0.47271230844022327,0.5994581101259243
0.4919525039328745,0.519144936669258
0.4334665427322435,0.615842893291469
0.4228155733446376,0.6110559392568531
0.3833771175590024,0.5985187951762772
0.6031107691782712,0.6915575443789025
0.39573861397127164,0.6399566617450603
0.4787235884169701,0.6473341567785869
0.3704357787851043,0.5719482382425444
0.41789493102690395,0.5839370432154346
0.3357376867580595,0.5603296879784603
0.41442633678190227,0.6005382301882825
0.4397725858738676,0.5849526692943269
0.4903636297249803,0.511272189103367
0.41213674713389903,0.6216010998974301
0.3965968345299511,0.5993137735247936
0.4462397003437966,0.4952320939355851
0.12603207780488251,0.5619679011250661
0.411574233575066,0.38822300553236044
0.3519224963954227,0.5152332204099986
0.4423877599706785,0.4203735698793608
0.4279284273836842,0.36218935459934726
0.36636058255317666,0.4845273879516315
0.4773482049375304,0.5580403824135789
0.4610848444051182,0.42422382722917396
0.46867879065874535,0.49303573361258196
0.33263712570528225,0.6159210318040707
0.4357815230801674,0.5320581765199802
0.41820876724780004,0.523603721416469
0.43290006978978146,0.5937561434166678
0.3746028838462457,0.5813369669308233
0.4058016631400884,0.4702629153026059
0.34779076072349435,0.5041507762162972
0.3222167861807934,0.6168045235977191
0.360713243893124,0.3041614993246172
0.4683303901107576,0.41582570687190296
0.3779436926310926,0.43467163776158446
0.4739860336974235,0.5813369669308233
0.4793229100413153,0.44199510352849414
0.43272408072637714,0.5813369669308233
0.38060389666198,0.5758639748291193
0.47443473668300795,0.492968507381375
0.4148260423285378,0.6571938878879948
0.43505139094750916,0.34015110071562354
0.265232829735781,0.6453945281821336
0.3357376867580595,0.6454974717833538
0.31784095064156026,0.6224845916910785
0.46181993178605146,0.3048315498217323
0.5188866282713789,0.443776158663235
0.3798094587933041,0.5152019216090155
0.40778897620592564,0.587249897925275
0.5006097090538865,0.4108393262557336
0.44887291195286405,0.6473341567785869
0.4379822028183275,0.3675864505619036
0.3072413628360339,0.6224845916910785
0.46592289192840375,0.5054800459736517
0.4442481395888466,0.5462992497095223
0.5123594223352369,0.5984158515750568
0.5242067908878034,0.5984158515750568
0.46077495525033124,0.5102471843516866
0.43083223398047665,0.4191449494883864
0.5011792423431831,0.5985187951762772
0.265232829735781,0.5984158515750568
0.4535973578682976,0.5052234671010232
0.44951313740986415,0.4638593494463866
0.41977475253746754,0.5219687404597267
0.5190596646516424,0.5054800459736517
0.4135700048223125,0.40792630421658593
0.12603207780488251,0.6224845916910785
0.48685898002169625,0.5551142510871726
0.308035088981013,0.5474088036853884
0.36299195436158893,0.4039927665050655
0.3594344383933917,0.5240987074452703
0.6020444600914717,0.39508626927309953
0.3905709159016667,0.5813369669308233
0.40814614334433086,0.5553951115835759
0.4471491286450352,0.4784698915597683
0.44437051768848224,0.5665538207572843
0.35431484441483635,0.5432160722977661
0.40088858220976153,0.5572152787098584
0.4720498626200342,0.5651811165381193
0.4735917129950423,0.5813369669308233
0.49428857782798574,0.38558979644976915
0.3453597503024953,0.5984158515750568
0.4213656090622723,0.5561554707196851
0.43830578110943674,0.5153731874837267
0.4157211890366941,0.5813369669308233
0.3880033635382382,0.691351657176462
0.498353019096911,0.4509961642058616
0.5063104439938853,0.5984158515750568
0.3780954798005688,0.3682983978596832
0.4750842073428696,0.5984158515750568
0.41346816274116466,0.5651177199519013
0.41189487522828755,0.4020374833142782
0.446578746900677,0.5627693070095502
0.4878216543636972,0.4592815075712413
0.48980562464841654,0.691351657176462
0.5973620179988758,0.3313242728004955
0.41977010008559645,0.5577921522654652
0.5295576901912921,0.265232829735781
0.5266973853157368,0.6005382301882825
0.4088498813369132,0.6216010998974301
0.47139678696631115,0.41769064417553436
0.19031455875593842,0.5009416781924233
0.5027136059798349,0.5161146052845726
0.4236358473306147,0.39206445183296207
0.4931487698255338,0.4749967451278143
0.3112962109959082,0.45888214770670954
0.265232829735781,0.5398226500915122
0.45762061333336074,0.587249897925275
0.34959359651509875,0.630152328533133
0.48594317910832113,0.5405953303647543
0.4143760497984598,0.538291418561115
0.5493864993822226,0.5232167434585642
0.4418943805104746,0.6956465747065846
0.4904439691532604,0.5243636075665732
0.3738656606662037,0.5813369669308233
0.3913862530784969,0.4740303429162041
0.3738656606662037,0.5984158515750568
0.4920512201938097,0.5984158515750568
0.34015110071562354,0.5984158515750568
0.4332385380592318,0.5871184534453928
0.4093206113676081,0.5683120109400843
0.265232829735781,0.5984158515750568
0.41000278946609275,0.3513747668963063
0.34959359651509875,0.5813369669308233
0.47151882811680784,0.5813369669308233
0.3004919498027774,0.5014668214774216
0.3645713421450802,0.6454974717833538
0.40515859635163354,0.5044655892533124
0.485569406795901,0.6692210841683215
0.3966587411584236,0.5837430117192195
0.42411038816844226,0.5626104792564537
0.4079785551064723,0.6168045235977191
0.5222371437110195,0.46266274903940097
0.36620181974707433,0.4563273667464144
0.49199621457960024,0.5062598517755016
0.45321370833344027,0.456032904945734
0.6281348239010867,0.47537620533867914
0.5907926932966499,0.5045417903867422
0.48587303737415966,0.5010830271137873
0.43477784489454563,0.3563376855853603
0.42753610265170605,0.4077562405242332
0.45730783030765604,0.42973088653385516
0.39798369962275904,0.4043398126944271
0.34015110071562354,0.5984158515750568
0.465340201950617,0.6283621286879815
0.4228155733446376,0.5113379649884787
0.34959359651509875,0.5985187951762772
0.4500993508976077,0.5984158515750568
0.4469768934106648,0.5694263055097346
0.3473900740046254,0.5261613352058795
0.42455226983929467,0.44245201910272247
0.4409869623458904,0.49652498074990997
0.1804953422980824,0.5497833498551415
0.46449212896743713,0.5359820995217843
0.42602642864274315,0.24034464166974528
0.3683013943232829,0.5140939764511328
0.4184021593870736,0.5684149545413045
0.4352392205708764,0.3467271243190621
0.5365443346837421,0.5984158515750568
0.691351657176462,0.5054800459736517
0.34370810309671845,0.5813369669308233
0.4813560217490885,0.5985187951762772
0.6013367400252188,0.5093853253168698
0.38060389666198,0.5813369669308233
0.4372038684623674,0.5950925230186205
0.48167312408205615,0.4743762835220893
0.4358557643330038,0.5758639748291193
0.41599146130954445,0.5255266704234722
0.4328099496711465,0.6915575443789025
0.3188551390143036,0.5497833498551415
0.47621965704758,0.5054800459736517
0.3617463995884373,0.5984158515750568
0.43224239521453445,0.5054800459736517
0.3313242728004955,0.5985187951762772
0.4184021593870736,0.6571938878879948
0.40759125839337107,0.4596100379652229
0.5114409085896989,0.5054800459736517
0.466963004748548,0.44199510352849414
0.3843449988624956,0.6224845916910785
0.4794089628430015,0.44199510352849414
0.3973405842142014,0.6224845916910785
0.41896912123936214,0.5984158515750568
0.4248197014371149,0.6071830925671705
0.5114409085896989,0.5054800459736517
0.3617463995884373,0.5813369669308233
0.2750155184050222,0.5719482382425444
0.4771131468801172,0.5298029866580292
0.3313242728004955,0.6283156435379
0.41141298163279083,0.6473341567785869
0.3965968345299511,0.6472312131773665
0.43574742288013674,0.42288047609283874
0.38887212170113417,0.40817001968554795
0.4248197014371149,0.5009416781924233
0.3313242728004955,0.630152328533133
0.3357376867580595,0.6454974717833538
0.3313242728004955,0.6473341567785869
0.40301154355957497,0.630152328533133
0.3313242728004955,0.6472312131773665
0.2749370913680907,0.5719482382425444
0.46075901499463107,0.511897588023693
0.3747108497167686,0.5776283063359038
0.5330641739805062,0.5328980700614934
0.3313242728004955,0.5813369669308233
0.389275273770615,0.24034464166974528
0.3965968345299511,0.5813369669308233
0.5513530505281354,0.4359029118082366
0.34370810309671845,0.5985187951762772
0.508245046934793,0.5054800459736517
0.44585015723337373,0.590771608450261
0.396449131813643,0.4351932956723136
0.4191353249040845,0.6472312131773665
0.38792163568376165,0.5063204759711911
0.3582988027400702,0.6159210318040707
0.5267404128672384,0.44199510352849414
0.42527955075816365,0.4596100379652229
0.3336152743956275,0.5719482382425444
0.4466838268184338,0.5054800459736517
0.4991708797616017,0.5054800459736517
0.4222386529191216,0.630152328533133
0.308035088981013,0.5984158515750568
0.19031455875593842,0.5984158515750568
0.5312486119336055,0.5054800459736517
0.5547735392937498,0.5093853253168698
0.5502099934120757,0.587249897925275
0.4702855401915788,0.4983751883248741
0.4908212992447939,0.5351990182996815
0.44437051768848224,0.5002767254591524
0.4591164212259372,0.5670990974678086
0.31756810413022785,0.5984158515750568
0.3357376867580595,0.6283156435379
0.34531523514840456,0.6915575443789025
0.46686352237949275,0.4927820384971561
0.5278663642200978,0.532703359027403
0.19031455875593842,0.6571938878879948
0.4462664209029256,0.5558553222739544
0.46474082772904896,0.4862410703567236
0.47371871787579284,0.501664765062574
0.4881458257197528,0.5054800459736517
0.45339693391298924,0.12603207780488251
0.4455595535221403,0.5973141609281475
0.5120985914903096,0.5054800459736517
0.3313242728004955,0.5669893067475984
0.3848792371244742,0.5985187951762772
0.3150157333877568,0.5776283063359038
0.5083462492536703,0.4130902513869174
0.44859677130109094,0.5081512752886598
0.5980115668161075,0.4184021593870736
0.4191353249040845,0.5813369669308233
0.5068252431111759,0.5054800459736517
0.48938472729436816,0.5054800459736517
0.42595329052399455,0.4596100379652229
0.3313242728004955,0.5733635654793718
0.41350878529545454,0.5984158515750568
0.4335211123596748,0.4866865327987811
0.4193677801440255,0.5481285335249475
0.45865227292207633,0.5984158515750568
0.41269750062390015,0.5523207596476429
0.3780460423002952,0.5837430117192195
0.19031455875593842,0.5985187951762772
0.5069524884642713,0.5684149545413045
0.265232829735781,0.5054800459736517
0.3453304957589606,0.5034477510298958
0.40386423102987523,0.5994373991878051
0.41953032403701956,0.5606077948555394
0.5016467140409351,0.5054800459736517
0.6220739082427983,0.34789730236479505
0.48640058140301684,0.5984158515750568
0.47756886990939756,0.5517555146198829
0.265232829735781,0.5985187951762772
0.2965379942760293,0.5341107769099894
0.5686779769172111,0.6159210318040707
0.4576523765390056,0.5054800459736517
0.45030208397825533,0.5985187951762772
0.4876320185981807,0.587249897925275
0.3972122516825765,0.5390148076430553
0.45487927423007934,0.43444523214165454
0.3774450721127609,0.5328311133097658
0.40978637028499354,0.437771189318911
0.41543163674058736,0.5799562996569799
0.4534906314303778,0.4409345199930414
0.48365871429981616,0.6453945281821336
0.4044402338926129,0.5985187951762772
0.4720954042565985,0.4386518761702536
0.4621096527892754,0.6473004950334404
0.6231655418363262,0.5054800459736517
0.44981870898729065,0.5012867009275052
0.51021010555828,0.475312777112385
0.4663717450183797,0.4191353249040845
0.3815952561280546,0.527789974636502
0.44305837593736874,0.5179535490235916
0.4548926876170545,0.4369526826868871
0.4679642354181992,0.4369526826868871
0.46682083752488,0.4655584848182759
0.4306854135434031,0.531886249469513
0.5977823490067581,0.5101433778047041
0.4557885141683107,0.5054800459736517
0.4814676348111703,0.45778596378018493
0.48473656350092115,0.5984158515750568
0.4441292881560471,0.6147234236308469
0.4337063092640539,0.3862014090948628
0.4759508580090646,0.6013367400252188
0.4425094071235782,0.4140663048792687
0.43741560308472227,0.3642296791321253
0.5644744955562436,0.51144721337909
0.5184206626939205,0.51144721337909
0.5666918950410146,0.5391800170707309
0.41200257388847483,0.3842067551962904
0.43505139094750916,0.5813369669308233
0.36748896576530843,0.460979159234964
0.3851534634081976,0.5993894810584441
0.38245727896550435,0.4423649192978926
0.4546010605389086,0.5134738864114106
0.4500993508976077,0.6473341567785869
0.48302615918529024,0.6216010998974301
0.43131901954432256,0.3788325852180039
0.265232829735781,0.6472312131773665
0.33832550866005984,0.6216010998974301
0.44159898662393626,0.5944115341629451
0.4562404602910207,0.6013367400252188
0.5030277947757593,0.5617326056801942
0.47628195962659525,0.5538388214824365
0.4974816933702027,0.4862410703567236
0.4954372086310178,0.4349301892970977
0.4503573683001899,0.4219825798054318
0.4141286405590794,0.5741385120179343
0.47423491206233714,0.5776283063359038
0.5538996310257217,0.5475556250882755
0.5185130536282823,0.4638593494463866
0.46134906737132675,0.5658301176562357
0.5470892299140899,0.19031455875593842
0.4306376342783027,0.5435107176960476
0.46648475297871317,0.5134738864114106
0.48702406853130686,0.5379210543355147
0.265232829735781,0.631933055459984
0.4810443999730369,0.5062132114906626
0.45959764657050173,0.5074572645320532
0.5010119782477963,0.5668248488130074
0.4992025811760445,0.4887709572442513
0.47699107237221533,0.5054800459736517
0.5136636866835639,0.5335144899733515
0.4638205895081072,0.5617326056801942
0.4261054121652425,0.42268806360968547
0.5574198070432945,0.5985187951762772
0.3313242728004955,0.6473341567785869
0.49568102475203446,0.501664765062574
0.2965379942760293,0.6149594014978206
0.4836576668805422,0.5054800459736517
0.39919573882325354,0.38822300553236044
0.4184021593870736,0.691351657176462
0.4248197014371149,0.5984158515750568
0.45475941490407834,0.691351657176462
0.3965968345299511,0.5984158515750568
0.4226122883521117,0.5984158515750568
0.43634808615324233,0.5985187951762772
0.31590811130163643,0.5241254399850714
0.3313242728004955,0.630152328533133
0.46595123297427515,0.691351657176462
0.4581405628236004,0.691351657176462
0.4813656604035448,0.511272189103367
0.5563919767021543,0.5684149545413045
0.45098612918857944,0.43133046642797845
0.4469118477199721,0.48079002916608965
0.5112344686174469,0.6020637570876837
0.4601460501758803,0.5187201521496282
0.364226987868956,0.5809502972817949
0.46338341265273464,0.5984158515750568
0.4750508268107483,0.5054800459736517
0.3722900493446616,0.579181111579224
0.43608006951683115,0.5534083929994352
0.5101608508914923,0.5054800459736517
0.5151709286384727,0.5459881402124218
0.31643644852432834,0.5497833498551415
0.35773724635658993,0.5497833498551415
0.46970714141165226,0.590823080250871
0.47698631533315855,0.4784613394126109
0.34405626363113395,0.5497833498551415
0.5104353957865122,0.5117383952585773
0.4762806364223962,0.466213251831982
0.5006586498185934,0.46511469257497534
0.4351683348502531,0.5215325013756017
0.4210482389813459,0.501664765062574
0.3072413628360339,0.543535194082781
0.4267350765580567,0.4433194933699909
0.5277160945561716,0.5069463770076735
0.19031455875593842,0.6453945281821336
0.19031455875593842,0.5190586883219844
0.4670926013318418,0.5813369669308233
0.368570526952813,0.4694843489543845
0.446578746900677,0.5984158515750568
0.38735985984097243,0.691351657176462
0.4095290088660956,0.37669613844121275
0.308035088981013,0.6013367400252188
0.5159758888199745,0.5044655892533124
0.44348286571678713,0.46393823006350443
0.36878012774058855,0.4381113129398386
0.5344354649072244,0.5562736596889429
0.1804953422980824,0.570902270691584
0.34370810309671845,0.5997113009368288
0.40035673178721254,0.5497833498551415
0.44852105366959744,0.5199827284455073
0.42898410131763587,0.5054800459736517
0.44739732242225416,0.6956465747065846
0.40677077990551197,0.6283621286879815
0.36153760534866963,0.5985187951762772
0.5038025134131334,0.4999061580990951
0.4550615421026237,0.5985187951762772
0.46136489947807047,0.5054800459736517
0.44231286021203564,0.5054800459736517
0.4481211317131034,0.5985187951762772
0.5037973789110054,0.44093605156742044
0.5273262773826749,0.6571938878879948
0.3313242728004955,0.5813369669308233
0.48107114111447846,0.5054800459736517
0.37686946292110834,0.5523207596476429
0.4278928389911576,0.326238636831481
0.42735889449261794,0.6571938878879948
0.46469258393011337,0.45870546267378665
0.47440884229182884,0.4021373241178884
0.4331330967929162,0.5828094094214429
0.36703307314071126,0.5847370093440345
0.3635963219050213,0.6159210318040707
0.265232829735781,0.6283156435379
0.3691202688347317,0.44678515477710884
0.45818064649508655,0.5054800459736517
0.316495268802027,0.5139264920042792
0.19031455875593842,0.5026030779813376
0.4680623781822857,0.5871184534453928
0.5606712591819161,0.43908442772207834
0.4214873890178069,0.5984158515750568
0.4565940669037743,0.5054800459736517
0.37351328856225074,0.5813369669308233
0.5284907605359672,0.4477107121879309
0.506652811118846,0.34015110071562354
0.4505112404669081,0.5069463770076735
0.46589189685840565,0.4984209439831301
0.4219378779618928,0.4672126385308855
0.4540846770092495,0.5015792263736679
0.3790618243169931,0.652716276693165
0.4912912773577647,0.265232829735781
0.48650440557398905,0.6733000832155205
0.4907113942679544,0.4596100379652229
0.420875865999799,0.527791230225537
0.37309975676922297,0.5136718031407836
0.3072413628360339,0.5596034535791568
0.4335614879982818,0.47023881960774855
0.41599146130954445,0.5997379957730528
0.41579480618920783,0.47814967930194463
0.4337740257387331,0.5984158515750568
0.3722900493446616,0.6956465747065846
0.3886158093670733,0.5462992497095223
0.39590749121107643,0.5359820995217843
0.46699130127565097,0.54736802261794
0.41987460187769327,0.5960051534975277
0.3313242728004955,0.5813369669308233
0.4292331153946789,0.5291121572201194
0.40294323502157825,0.46710546188660595
0.35423344601370144,0.5182243432881644
0.265232829735781,0.630152328533133
0.4237925050312742,0.3041614993246172
0.4673422446251263,0.3955274651219121
0.41358307944729655,0.5322210680247872
0.45211596892328965,0.38641869056469047
0.35431484441483635,0.5813369669308233
0.34863046788180596,0.5121116393620155
0.44144692378730627,0.5070614349027601
0.4262633383010027,0.4952320939355851
0.46820359770679687,0.5813369669308233
0.5593449366537879,0.43237711491826963
0.422308344984468,0.537579977952414
0.4222386529191216,0.37736265652153106
0.265232829735781,0.5301571035405303
0.5012273177047809,0.5054800459736517
0.4578555930706161,0.4976132440751599
0.4557885141683107,0.5054800459736517
0.4394267895296919,0.5993894810584441
0.48739706804461397,0.6915575443789025
0.45145320566528024,0.5572789912786806
0.3965968345299511,0.5813369669308233
0.48996930020368124,0.51144721337909
0.3489678260981947,0.5219784209171386
0.4694684596945932,0.4369526826868871
0.42636634512586896,0.4369526826868871
0.40498643660445216,0.5229762671529544
0.4548926876170545,0.4369526826868871
0.4707439203704211,0.4752137557924657
0.47583657790261596,0.5349464687312444
0.2919770831137077,0.5993894810584441
0.5099427313956905,0.5054800459736517
0.44304890604712266,0.5661039039339794
0.6565549374781985,0.49712075048281773
0.4007009300078517,0.5617971113117832
0.3898608152377013,0.3677883678026652
0.394854456066932,0.5985187951762772
0.44267677033143915,0.5985187951762772
0.3357376867580595,0.5882711129675019
0.5324522144231446,0.5993894810584441
0.34015110071562354,0.5069422234539133
0.38200930318880294,0.5320581765199802
0.3509913281927112,0.4238224470018407
0.4480180277490655,0.5094539543843499
