case_id,within_formula_z_distance,adjusted_improvement
7988,-1.525499382,19.337690077796992
7786,0.2201604834988082,7.889202322056125
7768,0.5965789179400017,11.650176551955612
7767,0.7528183047547439,10.394880526565007
7766,0.2978976790084927,8.184650488658006
7764,-0.087491967,10.55231913047791
7762,0.2151297574948684,11.464668252969375
7761,0.3611019128976201,12.573686481579776
7753,-0.862750749,15.710605077705747
7746,-0.128736635,10.775745880951106
7743,0.7813015904988125,18.0011374108965
7733,1.08926715584919,17.653608044418384
7725,0.7094604645749853,10.186548745620168
7687,-0.23634752,12.378214559528702
7640,0.6753776614877371,14.341794846249153
7609,0.4315251239870835,3.3986234732674436
7589,0.47413048325470436,5.739159272849882
7584,1.0532974637854102,15.782538619536112
7572,-1.622391982,5.572620759067676
7571,-1.308177669,13.958420747273536
7566,-0.879239142,15.008279957831482
7562,-0.507900335,11.404625783055074
7560,-0.48295249,16.84365613794075
7546,-0.735035457,8.294171077610747
7541,-0.191500892,14.396297349376114
7527,0.2378660142026503,11.020608105099136
7524,0.8567182880350018,6.6912599566971345
7522,-0.654759154,14.978229485963956
7493,-0.056147054,14.05768053976928
7483,0.08502267495260966,5.723516512347263
7481,1.6630687934402553,11.618181930357139
7476,-0.620029325,14.424217012772294
7475,-1.716559871,14.28071389325374
7466,0.8665803601254186,7.902950558290543
7464,-0.117905074,23.61376739302049
7454,-1.628038215,-8.791612969
7440,-0.051319278,20.20372586881775
7408,-0.855386834,6.264279397665588
7396,0.10969254661978181,5.579087481249239
7263,-1.178775728,5.239773207931975
7236,-0.969979626,13.049092033177502
7233,-0.487294836,6.638364102422933
7231,-0.210847282,7.26370027069309
7221,-0.486339554,4.05455398758683
7185,0.7934684335561648,11.417782776649373
7152,-0.623613552,2.363143319020402
7110,-1.963248812,10.49842362114148
7109,-0.291157395,11.193169099880768
7087,-0.344039275,13.294599713939991
7064,-0.956024982,8.205665296345693
6962,1.6282260996607512,12.705627086915786
6944,-0.171973822,12.576997438113917
6938,1.7244006128348994,9.192482808711677
6935,0.07756140532023686,2.883271619961832
6929,0.2665122954211621,13.839747980279629
6927,0.6255476889289787,13.202143085776365
6923,1.17047972645008,13.330153577641285
6910,0.16139202554660892,9.100121447459188
6881,-1.966157786,11.187105566869064
6872,-0.910558178,13.110598419419983
6868,1.1302002546769823,5.140102014377668
6856,-0.392051689,21.386267760033235
6847,-1.573062672,13.28479238862053
6842,-0.673720748,6.641173440662044
6824,-0.601475836,10.69641883196497
6820,-1.932570277,13.180124443776679
6818,-0.223908949,10.237625631157655
6816,0.6618611344754333,6.434789222837434
6813,-0.121016796,21.619624145872244
6791,-0.238702467,15.16269294482709
6787,-1.699563524,7.926375433036199
6782,0.41710783853158206,4.176484035053635
6741,0.34510674092200194,0.4650121767319
6737,-0.686308697,13.52668292908838
6732,0.5975324691949481,15.431295560373433
6727,0.05086490413262656,9.307016545974225
6686,-0.141561116,14.456683743052947
6684,0.47953387730805186,-5.929100944
6666,-0.848703311,11.388417472907875
6661,0.14972917482747292,0.7673174932950815
6660,0.5957744494740418,8.745859424086662
6651,0.8903241467123546,17.66508658808152
6650,-0.125983118,13.165462982592777
6642,-0.685223444,11.025230508987038
6641,0.10849557141686156,15.140523642308985
6636,0.7755491827207229,11.431389824426482
6633,1.551743289804917,6.914894352332539
6631,0.5091518847035635,11.986369700822358
6623,0.1321592955041522,1.6353908033007052
6615,-1.598375489,5.040393128219782
6607,-0.218742316,20.790121321230867
6583,-1.778899544,11.738178529763156
6545,0.7444026895625399,14.611400345641474
6534,-0.475355158,7.4022085631344225
6533,1.445476209019645,12.516208328481273
6527,-1.480565312,13.226048358414339
6494,0.4126120316526794,13.686352054663722
6443,2.5331040702643843,10.201396446058027
6438,0.36764367759117983,17.617454944661613
6426,-0.730768832,13.139234838730701
6423,0.2827123407930785,16.187651316584553
6418,-0.406065239,14.5470890254395
6409,-0.484453935,15.403813068314651
6406,-1.274505749,15.07996664890592
6399,0.48292574381402587,14.284200446147983
6386,2.226429977580303,14.03998323817921
6377,1.012919200103531,8.663961737814143
6369,-0.898850306,2.6326364050627333
6364,0.2546332939503014,17.402208563134423
6361,1.4601270120141376,16.964782713428974
6359,-0.849177577,13.56222759193945
6352,-1.625887752,3.916342684103654
6332,0.7134573316869042,25.126669314990515
6330,2.896196503872924,16.683830832626022
6329,-0.537094321,18.910028754389536
6328,0.19545790865917895,15.544363002979981
6322,0.432818995473664,17.867325554815544
6321,-0.528826236,12.482471597853804
6316,0.4933316118954949,14.001995344342683
6240,-1.147202472,8.571625398501054
6236,-1.484993693,7.766480135470187
6219,1.9193937827886502,7.562227591939451
6202,-0.4606476,20.192931635515166
6196,-0.371473525,11.333837659541162
6080,-1.19818155,15.929707115425611
6061,0.4709504145988997,3.3553476937666
6043,-1.598588714,14.15128567084357
6041,1.7661620158472318,11.157715847560361
6028,1.6398096020818385,14.559457554173763
6027,-0.685113993,14.559790757905038
6010,0.5635049784929606,7.450206774054179
6004,0.5621324660217958,16.81498250048356
6000,-0.599919712,14.082581563519032
5986,0.7911302482805587,5.3328365602933605
5956,0.7392193352995539,13.840514068424902
5951,-0.774219081,8.528548985011895
5936,-0.265928124,-0.58625723
5922,-0.24855618,14.980629052450878
5916,-0.807810592,8.661583825939129
5908,-1.177869443,12.652630502972317
5883,-0.260756156,14.770825747002402
5876,0.5522993646012643,23.103948914620894
5863,-1.417610136,-8.117173771
5828,-1.504636199,9.611959626483715
5826,-1.699563524,6.372408144905414
5823,-0.469708544,16.78945093254222
5799,-1.054068934,3.7015754286100933
5788,-0.616183827,12.71209014057292
5766,-1.699563524,9.529866402841133
5764,-1.549867231,13.91152756691151
5762,0.9953611609748174,13.941978885493185
5761,0.5195384875593095,8.465066329429229
5747,-0.598359106,5.182547568065337
5737,-0.785259356,14.36762066051225
5726,-2.085415024,12.36147781055111
5722,-0.357608597,16.708482744982334
5717,-1.097895072,10.13098748702847
5709,-0.158320777,12.938371489902602
5703,-1.194090193,18.025022863824827
5691,0.04539885321707209,13.942535706742081
5684,-0.301410249,15.657419609099653
5679,0.1261150050357298,14.51105982260858
5676,0.8359332761104498,5.518308830321802
5669,0.3806408335733251,9.427740131075765
5664,-1.110658462,11.582534043904044
5661,-1.122954993,7.814216412338288
5642,-0.219025379,-1.373588531
5640,0.5171538266878228,15.581034172172007
5633,1.1106788075225809,11.042120305428963
5629,-0.308959959,14.768084640650416
5625,-0.693677209,10.857612569239098
5621,1.5860717199607541,6.919774176566428
5607,0.11334564879206815,4.491154718619466
5602,0.12788711938928474,14.87426943659701
5567,-1.511278659,11.799082595355953
5566,-0.403704054,0.3877475944340869
5559,0.14972917482747292,2.2773294543989895
11366,0.9468980402537135,11.900183510239358
11361,-0.179661193,6.056006578789194
11359,-1.308820822,11.938312362147325
11228,0.1611797845134546,10.186434456261598
11227,1.100184606755063,5.392273368689256
11166,-0.47177855,7.314092295968306
11164,1.9999782751422375,10.708491685266022
11147,0.2985704939403152,18.750509200207002
11146,1.137168336309662,14.254752439291206
11144,0.8233791487166932,22.688825659703244
11138,-0.601401081,18.55989776270692
11128,2.5410721929222584,13.328658428112249
11126,-0.819543888,21.174858026737418
11125,0.6339861413925914,8.040745780377993
11124,0.7168164881085469,9.962964274503639
11123,1.853608871542998,24.673061461868127
11122,-0.686559709,16.7524497549293
11121,0.3019979658922738,11.973548113715488
11119,1.1803512432569931,9.328907360848532
11115,-0.104984401,11.017278038151773
11114,-1.352301223,4.909201800814456
11109,1.920389255888827,18.06032738274738
11106,0.7754724822012234,13.36943393804904
11105,-0.264357285,21.950082762623524
11104,1.5452338551373448,13.9630323425426
11102,0.9170676956763567,12.537977412705661
11099,0.64378419669951,13.973285794213515
11098,1.0840323330962771,3.996931652208529
11092,0.3352884960061541,2.660645042598821
11084,0.46255921946331113,5.308449476861654
11082,0.5121431943376514,20.432780457553783
11081,-0.651955572,13.10559111240471
11073,0.7495167773327599,13.601484009398426
11070,-1.573514462,19.37831919297689
11066,-0.430630222,11.891873582063097
11063,0.16770745337885073,16.951740250059572
11062,0.005500757548912092,9.247821783499397
11048,0.23938175861640673,9.85417142086594
11047,-0.952593385,15.195576258615493
11046,0.5220455142872761,7.771039871948435
11045,1.740592369679123,13.911863446017374
11044,-1.656298716,10.82754540544537
11042,-0.116332485,10.546398426496047
11033,0.6933256876514711,6.840657453686733
11028,-1.648222872,11.598589958592603
11026,-1.717277811,12.025692358990247
11025,0.9403093424144198,13.12377853570031
11024,-1.924359963,17.935849470846932
11022,0.829650117437291,11.080127612502327
11017,-0.358684302,10.59013408204131
11016,0.06831021947319765,14.451524702098277
11012,0.6557996805644776,-0.881265337
11008,-0.438620355,0.6648092594382984
11006,-1.282996717,8.894441120464005
11001,0.3806408335733251,13.323071629999923
10998,0.13138944513446613,9.759898533023232
10995,-0.044215097,13.24595192873629
10994,-0.672033948,10.402456581844444
10991,1.088774044142167,10.151933210199019
10988,-0.159121123,11.074501148550098
10987,0.4994524918251854,5.469967318188662
10986,-0.09336471,16.220860935041173
10984,-0.547123051,18.045740222308165
10982,0.9403093424144198,11.08985046604105
10980,-0.534879338,14.331457898552973
10976,0.4914858168502191,2.300890332968631
10975,0.49137014422112013,13.820875861476425
10972,0.24836564198386182,8.414230396013188
10969,0.004603497451113962,9.821666997981701
10962,-0.333883521,11.258469959894907
10960,-1.397295746,4.284448224072026
10958,0.00043887974795817856,21.091930406124618
10957,-1.319627463,12.94622151998621
10955,-0.745830778,8.755855806047698
10950,-0.17046143,27.244660493237774
10949,2.7424391499050067,16.881355769669593
10947,-0.666778946,-9.75616899
10946,0.11372239451340646,3.5315086006249405
10942,-0.631005996,7.1229833033086685
10941,-0.299425928,10.635184174616672
10937,0.16474077440533577,17.07194037768079
10933,-1.584879539,16.864298639447412
10932,0.15928272314614947,6.314972673472153
10929,1.506750936774313,14.581282190882025
10921,-1.069780224,14.038099864396475
10919,-0.728467901,11.657360481344375
10916,0.8064568280099069,6.065090546269006
10908,1.757364171475846,13.908923723831801
10906,-0.214006271,20.017383413647273
10896,-0.494210224,11.480502015732
10895,-1.135097687,11.468832469808852
10894,-1.436625866,21.96960483901904
10893,-0.469614453,6.226503754147821
10892,1.0432386568509013,3.3540569604063446
10889,-1.218204331,13.945554505265104
10885,0.7745945776315666,10.767605177845006
10882,0.37805667921337316,17.13681745312322
10880,-0.321510643,17.704068879779875
10878,0.7642803540208931,17.014612633834275
10875,-0.196993782,15.233180884072453
10874,-0.236715728,21.479120095754745
10871,-1.177307462,8.174841671582996
10870,-1.146006941,16.526620593400324
10868,-0.054923694,24.43750149564215
10867,2.311867110958226,7.041478504754693
10859,-0.232921111,5.7421391211215465
10853,1.0038075887402345,7.033916159221015
10848,-2.401226717,12.483987892724556
10846,-0.054669229,11.606604491926989
10845,-0.243508356,14.505321069551446
10844,0.16357815767983072,17.539868536933632
10843,-1.029117043,11.044518744721534
10839,0.44892628126790635,9.607998671000779
10838,-1.565464903,7.565348391990435
10836,-0.251143837,10.218279953917058
10835,1.5353592316909024,7.88489096841244
10834,0.12195857185189389,11.126365076848447
10831,0.6749441490134175,0.6289569504861543
10829,0.35792428326175746,13.243814153778626
10825,-1.211257261,17.350206643911434
10820,1.8978265282308926,22.28304759072851
10818,0.7500036339558607,7.987017240177806
10815,1.1102453023346304,16.36291074773066
10813,0.530898850535987,13.506302967450411
10812,0.24561844309542671,14.247356340974948
10809,-0.5282179,9.20142946552076
10802,-2.365174551,10.190647994851364
10801,-0.633867968,11.27763495806947
10800,1.0652796148252537,19.153968633715085
10794,1.2422120115240955,16.442629791260043
10793,-0.132961866,11.531403967176752
10791,0.5249357575599619,6.624543896512573
10789,-0.320131292,6.684853632686902
10788,-0.948196942,12.82064771624943
10787,-0.312775473,18.647640259725883
10784,-0.05466542,19.33547985732497
10783,-0.875352156,17.11902909541288
10781,-0.721579454,7.767253233394706
10780,-1.130373117,10.252035322089162
10778,0.4409273867717873,9.352682991587358
10775,-0.661750961,13.272028704372046
10772,0.8420602510164208,11.25854069957911
10768,0.4043178455668726,18.73655252144694
10764,1.2444856311685375,11.771753039530063
10759,0.5166341967502015,12.447360485258798
10755,-0.132382666,12.759237078326146
10751,0.13979441986005506,5.0873375529558995
10745,0.7666646325546206,11.23816870275175
10744,-0.070418267,15.375738211852777
10738,-0.686520447,3.005100030025223
10736,2.41398717849151,6.415188352802055
10732,-1.777316026,14.5110006948533
10722,0.19581905845959707,10.905570853752412
10721,0.3813958487600718,10.033984227259976
10718,-0.607648904,10.095455977691163
10713,-1.65523019,8.42371929949812
10712,-0.568957213,15.934043511859656
10711,0.9225356512719988,14.972479510232919
10709,-0.646287206,11.994647653750452
10708,0.2608730259174616,9.708129185089982
10703,0.7241771000588787,9.419247936193342
10701,-0.133695002,4.065970201854036
10700,0.44689322574234264,13.276365622698677
10696,1.4981120458914985,9.73926390629807
10695,-2.628644186,11.029856575829726
10693,-0.161136694,8.451979349492326
10692,-1.139858804,20.75379198033257
10688,0.0551371015692384,7.537114854322365
10687,-0.238104397,22.30309845797185
10686,0.5872075793757837,11.590931672816318
10685,-0.262107176,14.888950551803728
10684,-1.210303017,15.927625670616168
10682,-1.614556939,21.838767071506073
10681,-0.890754838,19.53417400494244
10677,0.5308669231153788,5.932669543040674
10676,0.5002094116920198,8.748904695026773
10674,-0.001377995,7.343797736659509
10669,1.1513564958606612,15.504066440248135
10668,-1.703517519,20.8683582228387
10667,-0.173936106,9.539816824049089
10666,-0.382925605,15.466567334647742
10663,0.33233928935842794,9.032937511603087
10661,0.4431691952349581,15.669357631065726
10660,-0.051850694,17.56873016553022
10659,-0.758252732,7.396401982824305
10656,0.6505192463608851,8.49713407551588
10654,-0.109258445,23.308142330396358
10651,1.9193937827886502,9.32169766118094
10650,-0.985470389,24.075895327623886
10647,0.574345663964573,13.552194286774917
10645,0.11858943515665599,9.427471736424106
10644,-1.053800119,10.924341109361718
10643,-0.982966877,15.681203438074853
10642,0.15487757903941926,15.075979750817272
10637,-3.207993236,6.6698846344925435
10635,0.5171538266878228,11.123586345877175
10633,0.5171538266878228,11.95582264287501
10632,1.150388339862063,12.703484378250742
10631,1.040726764751301,16.029856575829726
10630,0.4551004922400512,13.199081061978507
10629,0.05594050124567159,11.604714109746329
10626,0.5349422173770153,12.4624762423346
10622,0.4842321932447284,15.016608391510436
10620,0.6371343224483443,12.853389224644342
10618,-0.125998737,15.145849466932509
10615,-1.039426461,16.016051570261542
10614,-0.423104069,8.96224024333252
10613,-0.709634827,7.356185753729754
10612,1.0149267301559513,15.856022885546128
10611,-0.125883313,14.04074578037799
10605,0.34404773879326533,11.971572229522351
10603,-1.474980381,6.734939550578389
10602,0.7745089528411776,14.732476582901226
10601,0.27301993270847735,17.671743514043467
10598,-1.13136563,9.038855398197327
10595,-0.56607641,25.537753740381277
10594,-0.537438206,14.039273486474272
10583,-0.750169258,11.72270201647796
10580,0.1454345561008396,11.87562375139318
10579,-0.263462482,19.653565024739432
10572,0.6710727391032251,17.971963096871242
10569,-0.288152121,18.4935459959344
10564,-0.172527806,14.898054007619521
10562,1.6094421446362903,9.544652151496038
10561,-0.158320777,10.493589015613356
10559,-0.164196966,9.494837431432916
10555,0.44558242490601796,12.578407519668147
10541,-1.453571118,12.216077561264743
10539,0.7603867342969822,13.818775470352076
10537,-1.643824892,9.03479581480604
10536,1.123436829442055,8.29575431332611
10535,-0.244540966,5.098142334310776
10534,0.47618935989641625,5.279486416457541
10533,0.33859870185794344,16.04301961503681
10530,-0.711337976,11.239048358336776
10523,-0.970685119,5.453167065568919
10521,1.2021659252369319,8.308306091599821
10520,-0.916849813,9.083898185711622
10516,0.08031363526698918,14.013428463704177
10515,-1.369787307,14.109534387101153
10514,-0.616239565,10.111390518630067
10513,-0.406751678,2.6303503111358566
10510,-0.667553834,21.180484490689647
10509,-0.091384985,13.683303829199204
10508,-0.031830567,16.275469130826384
10503,-0.060210705,12.33914692428043
10496,-0.961360676,12.348030021537951
10493,-1.084843064,9.883085009425162
10483,0.8420125804911268,15.685645731896983
10482,0.9478942800285004,12.411497529645295
10477,1.1404183341409457,10.038923466236291
10475,-0.230031679,14.857553441483821
10468,0.41470288629713253,12.477124338078582
10464,1.0341315194846372,8.673189646787778
10463,0.768271456628574,15.61052963034013
10461,-0.079534016,14.669025429948299
10459,-0.160641314,12.61944089633279
10458,0.34253526652860783,11.337115046710853
10457,-1.0811356,12.337010413262666
10443,0.6372560961670788,9.78518208225455
10442,0.8305944578247507,13.934910687506626
10439,1.150388339862063,13.81754327135287
10437,1.0231115214286255,6.230212575253818
10428,0.30281844226313465,5.4731821973434105
10417,0.8048671820087494,3.7464023299939218
10414,0.41971678568750853,3.93639192169403
10409,-1.453920163,13.266722634943163
10408,0.10008490620442838,18.56727146436396
10406,0.20229916105381945,15.380736578584369
10399,0.07998961509297899,13.235151814230134
10396,-0.008290566,17.606375961552946
10395,0.038395189000673645,2.7044651213374653
10393,0.5894695774478838,17.642471748328216
10392,-0.369219908,13.147387031268128
10391,1.295502106380379,9.21300944099143
10388,0.4433581394996536,6.317437510390981
10385,0.25543487475934123,11.001161188158445
10383,0.72287527546738,13.827581970854599
10382,0.2477220450646468,16.315223269131742
10375,0.32815716396870964,-0.557161189
10371,0.4475610065810747,14.797570099324794
10367,-0.137174257,14.871883553619266
10365,-0.480737022,7.331737268416811
10362,-0.846293889,10.009531919597535
10361,0.5545195329148628,14.717690834246318
10359,0.6622226427560702,19.93595410429512
10358,-0.951960209,11.282561957893705
10351,0.04920554684026087,8.384796161975657
10349,0.757900818535299,13.455937103334609
10347,0.8536799423591734,14.351250060699929
10344,-0.886476594,12.899034916393077
10343,-0.043217679,11.724373524194977
10342,0.1070602045028042,-1.577111552
10332,0.16344978224192272,-3.913358853
10331,2.0410015114091893,6.188936821294447
10330,-3.238446372,11.831227197382825
10324,0.27272595354297496,2.42340860708633
10323,0.3421909566369686,-3.507308844
10322,-0.935445295,10.48892638336144
10321,-1.428598401,9.289604144815456
10320,-1.438126445,12.859195639267632
10309,-0.961063361,17.752570496453814
10302,-1.881547667,6.650322115183604
10300,0.7238516144803122,7.525597552553465
10299,-1.5101069,2.856857035438246
10298,-1.029499736,14.159280900791247
10297,-1.463663562,6.94264034019027
10296,-0.065710279,-4.161844911
10295,-0.807793831,5.372444710314641
10294,-1.197521403,10.100664353366446
10293,-2.147484482,10.848118711718719
10292,-1.913499914,14.72196524455801
10289,-0.739603707,2.028707260064621
10288,-0.719289929,2.417994708898874
10284,-0.408238041,9.776098114774742
10283,-0.64142181,4.89158259864478
10279,-0.91252876,9.280674132534127
10278,1.2936936828999193,12.122031704468311
10275,0.40556637295225717,4.482471597853804
10272,-1.648222872,11.812525250598462
10269,-0.05598064,14.667982013159804
10267,0.0992715866883623,16.390314693611302
10260,-0.446156794,-5.699318928
10258,0.5904690421354662,7.461104246751939
10257,1.3513249553286255,12.48377659089968
10256,-0.736848688,6.651210312833722
10255,0.44115671025434106,6.810713650195893
10251,0.32985229303129865,12.747909334460152
10250,-1.319627463,12.457331282408395
10249,-1.264672872,14.820291765222827
10247,-0.392494718,9.214403620065221
10245,-0.805487194,14.742563140187112
10244,-1.182195653,9.90375595448145
10242,-0.767603152,10.899077214153213
10239,0.8424491866903201,11.729368598350293
10237,0.45857116221279143,7.7169353004454635
10236,1.366726475450213,15.347648059446536
10234,0.5000966546308306,6.687220027328663
10233,-0.843499344,10.974141362039546
10231,-0.525524099,7.669318872959964
10229,0.03467359964348258,2.654063440151866
10223,-1.051888869,15.094557410130632
10222,0.600442058496851,18.86248020052208
10221,-0.346982006,18.190226366920044
10218,1.667076608120196,20.74935376245235
10217,-0.21514386,3.1081131314603763
10216,-0.397967625,8.066732744052814
10215,0.7425292883558821,4.9713713242738535
10213,-0.825856674,16.750566546833397
10208,1.0561958145512058,11.694716497519916
10207,0.674252602189704,19.66366639794293
10205,-0.099186936,3.5248420187526115
10204,0.9868150821432934,18.67901571543388
10203,-1.173125779,11.683381655945936
10202,0.26822928135200563,12.767834450266356
10199,0.618021874769896,13.070860395483065
10196,-1.146485969,15.688046953550968
10191,1.3648059719818542,6.78121005523821
10190,0.014867212347967996,10.048721561898734
10189,0.6773644685169159,12.511059822608578
10187,0.16342006923255528,11.048721561898734
10186,0.1707774674751519,9.730658143975893
10183,-0.339858883,-11.00726132
10181,0.8587243925745122,15.857654528985519
10180,-0.427967861,21.680801464166358
10179,-0.356743491,-3.004491287
10174,-1.168646139,13.03407919850566
10173,-1.75108512,6.175233797473666
10172,0.8282842210812331,7.666667006409266
10168,0.3731710592055568,12.213182142478585
10166,-0.455567056,0.05632596440657167
10164,0.43725592543482206,7.4022085631344225
10163,-0.330483286,9.104085050698822
10159,-0.718200646,6.836400842551146
10158,-1.084718374,11.160858908040288
10156,-0.114779409,10.264036011464889
10154,-0.436124463,11.445646679781655
10151,0.059259210214942966,22.105167093339137
10150,-1.155483657,9.535384934476777
10149,0.7400234912325622,11.529761769392945
10143,-0.119051965,9.462270521384712
10141,-0.385116536,13.354585853706077
10139,-0.354433495,13.325757800804219
10138,0.1166750295852904,22.83559431778457
10136,2.1998990667858522,9.938476123350792
10134,0.33424930255032914,3.7208707620525807
10131,0.3635832805803153,9.878329019988298
10130,0.578361864112693,4.403408922732112
10129,1.591913754725612,7.081082750997055
10128,-1.699563524,10.261262674830805
10127,0.48291034526389526,21.44004226098649
10120,1.0502783544548768,13.274550723427712
10116,-1.319627463,7.146683616824626
10111,-0.158320777,11.50433483489979
10105,0.05086490413262656,11.586448070359463
10102,-1.182987619,15.015070827174817
10098,0.5962285252069389,5.0695060806868995
10097,-0.361723849,7.32134500902273
10095,0.6771767778632233,5.0825216874243235
10093,0.1666810099856672,4.197189931458415
10092,-0.139144236,10.637866991581916
10090,-2.789541846,16.070758559641938
10086,0.17216407838883577,9.852178295110008
10085,0.977208731316122,14.60300030426918
10084,0.3453589205656076,11.816441448727918
10081,1.3021837241278755,13.392655854261772
10077,0.37570314091408635,12.021793017276543
10076,-0.701387354,12.159176267343057
10075,0.3052414057513496,20.534629400675925
10073,0.32369432737657605,9.023189993957393
10072,-0.048328168,10.720316133500218
10071,0.3292298926077396,6.827274076049866
10069,0.9157194774254669,16.142078825738924
10066,-1.161064087,15.039012705131071
10063,-0.593356488,9.580058817130354
10062,-0.534403546,11.952272243789984
10060,-0.332060361,12.90652599224714
10059,0.3269612346629232,19.686359860079616
10058,0.4797481953823692,7.295125975319497
10053,-0.346078793,13.951534529109688
10049,-0.501282806,23.08048117239468
10047,-0.699352006,9.035186758531704
10046,-1.289158232,20.216407569685636
10045,1.5288291131644336,3.285485186590787
10044,-0.335742489,0.046035039592288385
10043,-0.086997532,5.001161188158445
10040,-0.315779537,7.856853736569851
10039,1.0448302075321465,4.010219144573448
10038,-0.888433414,5.8866889562969895
10035,0.09496281939406748,0.6443806916767407
10034,1.8782189632514368,5.194600909865962
10033,-1.111623276,4.901564184632651
10031,1.3522623348645555,4.348786447480716
10028,0.023185712162795705,6.550373586693951
10027,0.769121288931679,10.296516855524892
10025,-0.142560817,2.5974828318435996
10024,1.6144217402574574,8.736164952966437
10023,-0.969618237,15.688824532508889
10022,0.21741558822976317,4.415266968893317
10020,-0.525012454,13.642813811115804
10018,0.788882924511605,10.106907734597291
10017,0.10765386214671961,21.932335637171132
10012,0.04022116807549204,10.085127861534628
10010,-1.155483657,12.684305491837161
10009,0.9221208119489074,9.34479493212839
10008,-0.165709145,16.035168120987066
10007,-0.774815297,8.794112836583196
10005,-0.917684348,12.793405882485317
10004,-0.050525788,9.92113179023099
10003,0.5826544936967593,8.050095365030884
10000,-0.149662101,13.752025495077756
9998,-0.693446971,12.158619446094164
9994,0.5119666209371012,7.308201458151631
9993,-0.595709607,7.618917191774365
9990,1.613939475259263,-1.292312653
9986,0.5228050125078975,1.269591108509763
9985,0.8335074753181914,8.008945679671402
9976,-0.488556115,5.5531436244596435
9974,-1.361762415,14.836140584689046
9973,-0.499821404,5.696218849696269
9972,-0.472688274,11.822482510329186
9971,-0.594446043,11.133644699401717
9966,-1.008950523,16.821105909589974
9963,0.42295439871783136,5.513438290715584
9962,-1.519431833,6.661583825939131
9955,1.4342088497063612,3.2463333752272376
9951,0.06957868726492862,11.27774313117203
9948,0.45908631545882095,13.073000891671015
9947,1.7647292198070823,5.131589065630843
9945,-0.842224437,17.371070019576834
9941,-0.50620171,9.541530629526237
9940,-0.506473956,6.575390631146536
9939,-0.678114475,11.428515153212603
9937,-1.009519807,16.911864407524895
9936,0.5839109184179744,8.816881816655785
9935,1.150388339862063,12.219218737257362
9934,-0.781841802,10.032188074277684
9931,0.06341484123019027,20.023085360509203
9930,-0.448846202,6.0804811723946806
9929,0.8552693632696049,11.402983585271262
9926,-0.389771899,5.943310728878918
9925,-0.827202902,12.913523126149958
9923,-0.260808432,3.781059825161492
9922,-0.232663103,5.950702160346451
9920,-0.339150542,12.6879950494655
9918,0.9336718905409541,2.15439289356663
9915,0.15566185428038246,7.259351538785744
9913,1.5033621299623559,9.389065012263325
9912,-0.691419782,13.742944325205006
9911,-1.072634219,4.431138259769968
9910,0.94138436541944,4.080413104355721
9908,-0.251143837,9.923833759957716
9907,0.3077667369379142,3.3283165710844322
9905,0.9639786575352828,14.952432080192036
9903,-2.787385176,8.862273731232762
9902,0.06554884480039977,-5.426226739
9900,-0.616186823,8.798992482159926
9899,0.3424869439460657,14.18142327402995
9897,0.5375906630923515,10.295900255409023
9896,-2.125008868,5.901050685886332
9891,0.22182804404814158,5.994373864761602
9865,0.15314502597094254,4.462793236817724
9858,0.31698909159599276,8.186839729038489
9837,-0.137098381,3.018566456583022
9831,0.9077573484273522,11.226885716239234
9828,0.9311722375026262,11.20828840290306
9821,0.38584251489271293,13.583926051303795
9820,-0.19514929,16.047763124535614
9817,0.18376538126361597,8.21903532203108
9815,0.6907270866489774,10.176300619827352
9812,-0.672033948,12.273383019168215
9810,-0.375911125,7.513604147387852
9808,1.0240825173533135,13.636993136806893
9804,-0.251143837,7.331275776207875
9803,-0.854576202,13.977396463266192
9800,-0.366638685,9.926830272537691
9799,-0.128876422,12.838580276020128
9796,0.8006646958633458,9.796507028513481
9794,1.1142497017509179,6.834263018008432
9793,-0.124682222,10.707524307619213
9787,0.03745824193163528,0.9148976512009313
9785,-1.622391982,8.969669608189609
9782,0.5827624369872128,10.988371554973975
9781,0.10601520885658554,4.160825014276302
9779,1.2856660938751077,6.248731106811899
9771,0.1881626254432385,15.396981275483634
9768,0.16055657318877364,9.039434690856659
9764,-0.340743798,7.733055875560556
9759,-0.907861466,14.471975741270269
9757,-1.478245837,13.24883574026009
9747,1.439818192877985,10.915941067989428
9742,1.5044973192945987,12.612227657010823
9732,1.4952769914716502,3.6872782000525763
9724,1.197654119045293,13.115462917521402
9717,2.5587095942512845,15.325143241186495
9715,0.1881626254432385,9.499107547249002
9710,2.226140225289503,12.963049253929011
9704,0.5171538266878228,9.1927287319529
9703,0.09993001506931565,8.668230031869824
9699,1.2160069338824755,-0.121747019
9698,0.10759777343484035,9.297798485018422
9696,-0.273883051,10.14175241039785
9695,-0.281006218,11.266144326394746
9689,0.11545336777706801,12.130690504362434
9682,-0.494489955,13.511458998910019
9677,-1.622391982,8.396876642035444
9673,0.5031366300282322,12.13192017389332
9658,-2.075501661,15.958675770193155
9655,-0.126824225,13.864877932106745
9654,0.7834986790005334,11.593803787209113
9651,0.06513514828536095,14.81381479622406
9649,1.4519593856287376,12.324550788499085
9644,1.1644776394064702,11.388671588093352
9640,0.6452888939687581,5.383837724612535
9635,0.3806408335733251,10.630929603795188
9634,-1.366927908,10.513135370968802
9630,0.0906791938769297,6.657905599728728
9623,-0.214711116,11.273383019168215
9622,-0.83415586,3.3606302402484225
9619,-0.345009519,7.590755672460771
9615,0.024882401184879447,7.034792275151666
9613,-0.585516141,4.791472096372662
9610,-0.638467953,6.259620311360166
9607,-1.069243552,11.391649354384658
9606,-1.097783279,13.711688524458694
9603,1.6747543867140409,9.49695783437436
9602,0.44644829247386625,15.148950612960675
9595,1.87298282402876,10.171361380851035
9594,-0.296535411,14.890409500048086
9593,-0.425644532,12.034540957573256
9591,1.2937117070979827,10.56116452112814
9589,-0.055160451,10.15183212269732
9586,-0.018783152,7.426677060264454
9584,-0.015705062,9.35092544661623
9578,-0.126824225,7.813814796224062
9573,-0.246054067,-11.70512551
9570,0.6353940809133864,5.711224022754692
9568,-0.29299169,14.342528944898312
9556,0.35381039197122865,10.148049263038729
9553,-0.543275288,5.013903122915317
9550,0.314977156575808,5.865757587691769
9540,0.5945505020497142,13.289771657561298
9526,0.8571073472127253,5.111367172918371
9523,0.9213627492740204,4.370444691065288
9522,0.18559043877701523,31.550130054586976
9504,0.8012380045697302,9.497569020208584
9499,0.13138944513446613,13.250978347753307
9494,-0.420557131,12.284481490612858
9492,-0.086708194,9.873944822513312
9491,1.4519593856287376,10.860713715267266
9489,-0.927037089,8.799172432830982
9488,1.6203026304961032,6.067925854466596
9487,-1.699563524,11.754318593214231
9485,-1.215695871,14.446737788667477
9484,1.004193857862011,14.892240754473468
9483,0.729726323335787,23.21680674598708
9480,-0.531361895,6.22180511901079
9477,0.8511091083020074,10.459855396932863
9466,-1.025318201,8.336194564143408
9462,0.6772132615275964,2.0891854716895892
9456,-0.245509797,16.174385739398083
9453,0.7126482810579117,10.895017630761924
9452,-1.138969965,16.58672798224438
9450,0.29505099450325606,16.76265596717687
9448,-0.138561345,10.477016405761997
9445,-0.672033948,12.554230266522975
9443,1.4514161708677382,10.096140645845994
9442,-0.277910558,18.424312588928505
9441,0.009207264999490176,12.564037302469101
9440,-1.326854201,7.790843999152029
9437,1.964796784846153,12.542565317919047
9434,1.195855554059147,4.1034343911321365
9430,-0.619188011,18.49363097535977
9428,0.4272125473326133,18.802465934369117
9424,1.4814750701390862,11.91454688891564
9423,-0.092906859,6.549859063205194
9421,-1.008317788,5.073294692476956
9419,-0.717125469,23.49496281874551
9417,0.9281833943577535,17.110490487103405
9416,-0.459849999,10.406084731299426
9415,-0.286951442,10.928413508253055
9414,0.8229837371304959,8.553311137205482
9413,-0.292996281,5.972621040648041
9410,0.21347201444800806,2.5956357085826607
9408,-0.415964186,8.819005518465623
9407,-1.28420308,-3.131981614
9402,-1.546655082,4.5542588608294725
9400,1.1010723630324804,3.4981884179315106
9397,-0.671160897,15.360728936615862
9382,-0.348500099,18.20901866768642
9378,-0.3355346,8.458511630188998
9377,0.9398161932015121,14.427347448953103
9363,-0.070034314,11.476201909892696
9359,-2.297199757,18.889304111696077
9351,-0.862831367,11.092976826116054
9347,0.9836465500123984,6.866356534373916
9340,2.0862650908842753,10.04060239511616
9330,-0.255008414,12.026989380933397
9329,-0.748888551,0.837177905002088
9327,-0.669798615,15.428723066859025
9325,-1.368269945,16.056551937959526
9320,-1.89406011,12.325935340396573
9315,-0.333725433,13.795008215991507
9310,0.6426718635283191,11.864877932106744
9308,-0.476932233,11.66147919249094
9307,-0.149662101,4.107118128688025
9305,0.3228583539974336,6.084186068699264
9303,0.4181732546232321,12.614023452198838
9299,0.08529618701319704,13.632888796062124
9292,1.3574643971199607,13.383837724612537
9289,-1.036918845,11.856654131875977
9282,-0.74371544,12.376572361744893
9277,0.2357266170779135,13.213348741198164
9272,0.8141620208365095,11.413496943984127
9257,-0.723137657,13.238584234207611
9255,-1.699563524,9.796591451706869
9253,0.1881626254432385,8.956362461801877
9250,-1.032479937,17.805322601341636
9248,-0.620745103,11.002238174311392
9225,-1.042148768,17.422368736244323
9224,0.36071663821008493,9.688782887102388
9216,-0.970685119,6.094662043578821
9193,-0.311002067,7.399544218026984
9185,0.554962869235842,8.66158382593913
9184,-0.967036133,14.333733026092972
9180,-1.602688828,6.25035895003038
9176,-1.146827648,5.829931288423115
9173,-1.650059746,2.8870675844938027
9170,-1.455115358,12.282737958249253
9169,-1.028587013,12.337965310971414
9162,-1.190882898,6.197765498995981
9158,2.31446997537171,6.752123800218039
9143,-0.469769493,7.02050677051934
9137,0.29460833869400266,11.797018769640829
9136,0.9430703882330329,11.929460223909944
9124,-1.960482982,8.680974165653502
9119,1.0122517444321677,5.230386018788282
9116,-0.234701496,16.39746151398124
9108,-0.024267107,14.718943072415382
9104,1.5666157938013683,7.35881789779854
9082,0.3723764266729868,5.515224039448055
9075,0.6766012072178148,20.934700155081835
9070,-0.250229803,14.973547975381429
9068,1.8324559399324765,19.850219921267158
9057,1.3818107798724115,18.85962707320394
9056,-0.34937724,8.673209300810592
9049,0.7019653165290776,19.537470805348967
9045,1.1010723630324804,5.953529544738535
9040,0.6466191225419768,8.699503410950715
9037,0.8231797168485906,2.617628388196078
9036,1.1379561119939163,9.448470265334148
9033,-0.654530319,8.515187474038829
9029,-0.356786156,11.242600592324063
9021,0.19441533329459795,8.81565288917221
9015,0.48875724404294957,12.000514185254424
9010,-1.020274608,20.024670987358817
9006,1.3622078124102586,11.358079681856907
9005,1.2081560096901907,5.641820980017492
9001,-1.215143451,14.492863857247885
9000,-0.246076626,18.511766535920476
8998,-0.452297101,12.562934305251346
8988,-0.875433269,12.249776358502654
8985,-0.002479344,19.21110123969022
8963,0.5820660859471658,18.41309776768269
8957,-0.805420599,11.821210543038163
8953,-0.895425876,10.378723001787652
8951,-0.710426751,23.449126970513614
8948,-0.488324081,8.477514463380162
8945,1.9160937234621354,-5.159571077
8884,-0.294176274,9.593263171264278
8867,0.048690819509462295,4.2028952585800035
8851,0.00874443890905321,7.768753970129001
8700,-1.036452312,5.790225954679057
8666,1.2261758173461854,8.053765434323243
8664,-1.659897037,13.240709468096087
8600,2.092508632211611,6.429777650060631
8542,-1.699563524,13.434217100074532
8526,0.9052012603910417,18.468956757279855
8515,-1.697128067,13.36339111827021
8514,-0.099330311,10.196333310155865
8503,0.8920592437461011,10.6262057483192
8349,-0.149751052,15.081045058393475
8343,0.3416611455265511,6.345358500964435
8339,-0.046240188,1.2473964460385503
8329,-0.382128734,8.823981322851164
8328,1.324108434093893,2.3831341444822023
8183,0.24692124427538326,7.581092578008464
8168,-0.504000915,7.39071630972553
8112,1.5947677273689553,15.408410298958767
8107,2.7017418906652835,7.506476987332848
8098,-2.335861715,9.79088687292471
8062,-0.514755371,4.832244040582404
8052,0.41761184181772965,30.06550236609154
8047,0.9508418639266859,10.490791763383264
8044,-1.552916612,18.39193988907309
8021,-0.251332781,9.541626534578747
8004,-1.609582277,21.654360422817906
7993,-1.138695244,8.511269295100838
7937,2.0728614761714246,6.636052257997788
7887,0.15928272314614947,7.601773637941237
7853,0.3614188021287033,14.631469422722056
7852,1.4406676801970795,10.869627372394174
7846,1.4595351993415286,12.547899334486825
7821,-1.335691154,7.540402955231188
7818,-1.844123231,6.369348958623663
7817,0.4313618270279562,3.192673989628844
7811,-0.912857384,4.825711242696752
7802,-0.805617162,13.657419609099652
7336,1.1014595463212415,18.133356650727244
4922,0.5696142996364612,6.786620654557272
4583,2.12117711501897,17.28506762179495
1184,2.1423373489207904,7.572014973862766
1183,0.2557863872753682,7.1377690519635735
13412,-3.742344138,12.365064000259675
13383,-1.117562619,11.063487656530828
13367,0.397777470310121,11.055741537976589
13362,-2.21557661,7.78058587524678
13279,2.021348260392722,9.898158806754543
13277,-0.491908733,1.5422735177022044
13201,0.344826372013099,8.269323435776926
13112,-0.820555187,23.39942070624818
13091,1.009897612852505,5.073294692476956
13081,0.2568485413906621,9.598256794770375
13068,1.4223606570665674,9.427635497627577
13053,-0.803794002,15.146683616824625
13046,-0.323598006,19.409038926338713
13045,-2.263299308,9.763710097704497
13034,0.731285199926415,16.37934239951058
13033,0.1531915562258264,9.264177210322305
13030,-0.568337036,15.309761241004587
13029,-0.637770721,11.96539224318962
13028,-2.293323733,17.646512585430834
13024,-2.445235302,16.425639739951414
13019,-0.298105629,11.999826885179367
13018,0.7937611874679187,9.842733518553935
13017,-1.496356634,17.60425608209262
13016,0.8714144186553361,9.84451926728641
13015,-1.025564286,17.316863797700126
13009,1.0132064231007805,15.276156355802296
13008,-3.041250272,16.185358735637067
13007,-0.357709866,18.309099860025334
13005,0.2921924424708201,13.390577508294486
13004,0.4042942937098868,8.20813901210139
13002,-0.357608597,7.795678975096822
13001,-2.37676872,9.562332225387642
13000,-0.641346885,9.025960031723084
12999,1.164806768125617,15.131544308277364
12995,-0.424511628,13.276348711312265
12994,0.5386709976380699,14.695760822042555
12987,0.11883760335681474,13.595839574849728
12986,0.058440959649286056,18.426682194035106
12985,0.14077075643820575,5.759192320972668
12980,-0.885094891,7.593317555794059
12978,0.2115500033220821,7.538969858656923
12977,-1.498751439,21.09029084026104
12976,-0.575022115,12.106718952386586
12975,0.9286016764151648,9.665748042778606
12974,0.6828301384964529,12.474639050118972
12973,-1.042147573,14.712646961821815
12972,1.024131668083574,9.94936532789906
12971,0.24021864339335253,13.156616555683811
12970,-0.573906394,10.530909097710806
12969,0.9097590572440041,14.916899505352548
12968,0.4802050098362519,9.16211974864321
12966,-2.393064036,16.38223645031641
12965,0.9390092293501333,12.584989122115104
12964,0.5134153206117722,10.840409434976713
12963,-0.590477832,5.248809888589994
12958,-1.005085546,7.000428463781742
12957,-1.103348024,7.866611391606703
12954,1.0695403232940142,7.505109857036631
12953,1.5615129676070882,12.924043768901406
12952,-1.480565312,6.940932260771912
12949,0.15928272314614947,9.434674385680932
12948,-1.308177669,14.538090203071897
12947,-0.780974411,14.867478567253677
12944,0.4323548026332663,14.030124248562561
12942,-0.007758586,14.260788015619665
12939,0.41224602049336334,-0.211487857
12935,0.6298472715621154,14.515224039448057
12933,-0.078720636,11.202330562549607
12932,0.9855021748336888,10.921943377777053
12930,-0.537481252,17.73161658133901
12929,-1.178864571,11.002702298440557
12921,-0.40574291,19.838155088653878
12920,0.978916928607434,8.273261919849425
12918,-0.484504861,13.25318337232585
12915,-0.778289955,8.657628875996032
12913,0.7613397547435571,13.709257767119174
12911,-0.529832437,14.651210312833722
12910,-0.537058954,12.999262931196279
12908,-0.14975124,11.591886811311046
12904,0.6316036166168655,13.778458153755825
12902,0.11719173606201137,11.20326401881454
12899,0.10503015158277487,7.1758225803565505
12898,0.508044884636618,8.96817190813161
12896,0.16352749318949908,11.227547170936319
12895,0.7143710674158646,11.892352226444425
12893,-0.104840222,8.94325061199823
12890,1.8590847543651536,8.183313656210611
12888,0.6781823381465554,11.434569752232742
12887,-0.760283055,5.531470908021362
12884,0.15928272314614947,9.068694733926812
12881,0.2070974225021285,12.015741215863466
12879,0.6685245857773873,13.585868777700131
12878,1.4721680413587652,9.843179472742403
12876,0.25886433921041274,21.739159272849882
12874,-1.534361858,9.561730646785268
12872,-0.942330276,10.509378707324297
12871,-0.49352221,9.964782713428974
12870,-0.246720228,14.268744143117594
12863,0.5964261553639387,20.056888015503105
12862,1.0323634307055511,12.217681007234912
12860,-0.276670738,12.541635262974426
12859,0.7126482810579117,9.839685644591574
12857,1.0607559681104624,8.224262609681869
12845,0.40264640195287066,8.837020240274073
12833,-1.160946468,7.708173942443462
12831,-0.264856729,7.622021877456904
12828,0.941523015849161,12.22020302629058
12826,-0.102261852,9.723392781108249
12817,1.081702513287587,13.669045083971117
12816,-0.598172097,8.539217877366946
12815,0.7573505529740522,2.9246087820945537
12808,-0.380045729,15.28543992797598
12806,-0.350164346,7.246497136430703
12800,0.9955501136843319,14.064755726373203
12796,-1.553164824,13.123798189723125
12795,-0.145186716,11.443425189338514
12794,-1.045795036,18.55982986035479
12790,-0.312845568,14.391482397870805
12789,0.4935197942881553,1.1513051192705017
12788,0.5307566709378427,20.023562300138423
12782,-0.554374148,10.975423899267218
12774,-1.321300153,8.693677342304614
12766,-1.155638236,10.753863588025906
12765,0.731285199926415,14.123674067938953
12764,-0.244971986,9.2521069297825
12762,0.08591042580927966,15.194814843611068
12756,-0.195260933,16.206142127230876
12755,0.6935317740369554,10.500314003322146
12753,0.15682597294800732,12.136922086571408
12750,-0.923892622,12.352025082836768
12748,-0.360943692,10.510811803898559
12739,1.0184542314583824,14.054622055625792
12738,0.5374396572443684,4.015741215863468
12736,-2.012374973,12.862656441663606
12735,-0.490637549,6.6126891492197615
12734,-0.367622036,3.3643765344977847
12732,-0.375270696,14.78924166564584
12726,-0.637410465,15.202609766726614
12725,-2.116437655,3.5966995764119414
12723,-1.726564152,15.179882163747836
12722,-1.84600459,14.146126795575732
12720,-1.837106932,8.56569378867262
12716,0.5074868133709349,15.523409087865181
12715,1.0960160207615537,15.333609446329877
12713,2.0868545124236535,14.894769612051903
12712,-0.434283907,8.124639521373437
12710,0.8166570311086625,14.304687624475836
12709,0.9345736244473206,11.97956846208388
12702,-0.434017886,9.17231981821416
12694,0.8034507281708758,3.0240696495424206
12693,-0.90329449,10.848633235207478
12689,0.5133600848892301,15.293663728206745
12688,1.7218048273413684,2.5044554107374672
12683,1.2850033507352367,10.865023489042617
12682,-0.968740293,12.92852498022401
12676,0.873228968813344,8.200373239524339
12675,0.6149229602672801,-13.82627875
12674,0.6381253921590848,13.946699923581557
12672,-0.062002629,13.917004138800738
12667,0.23442136277642117,19.990283597164662
12666,0.5751040901745512,9.05792965116272
12665,0.3384205519422952,-0.44952178
12663,0.8717347858460798,3.824743865049946
12660,0.3028437944570086,16.290998323889248
12659,-0.778289955,7.453376332465297
12658,2.3746322671096243,10.505939340080019
12657,0.3494177829278229,18.830458291849933
12656,-1.212389403,-1.450915959
12653,-0.114496755,13.895110526319367
12650,1.0301306484876545,11.774523985029894
12648,-0.091286323,12.176819775825434
12646,-0.025198876,8.384671874504653
12571,-0.545826979,9.20691635234974
12563,-0.510516696,9.504249855474416
12561,0.6038156278681068,7.6763695745940375
12560,0.7564052637304717,7.4872750858992365
12556,-0.699501101,10.337258431972687
12551,-1.521984104,6.942659437981096
12541,1.0423129823283006,10.114675079884517
12537,0.07889200214666485,6.30098104474491
12521,-1.483470229,12.786598010819954
12520,0.9928186218026617,14.2211758945958
12519,0.8056374346361974,14.425218112020097
12515,1.5605050965997809,10.616421375890946
12498,-0.109607822,14.625306438711354
12497,1.2421009716987925,10.725933897954743
12495,-1.814644358,19.083336931633056
12488,-0.441976409,18.855269373660136
12475,-0.027633438,19.987067489096216
12464,1.3021623917108938,15.84651319006031
12463,-0.105116205,3.851174352053974
12462,0.8094662225484031,12.04894992658594
12456,-0.374341212,16.602192256377492
12452,0.901401957817891,4.748656827792672
12450,-1.248618704,6.880423440599017
12446,-0.883575337,5.810961668905914
12444,-0.115508902,0.0829342156772448
12440,1.6475519313698412,-2.415823758
12437,-1.155483657,9.420909953686799
12436,1.2091446730781026,14.391481841638816
12430,0.5588167989252047,15.365931175906645
12429,-1.749329386,12.640444839524472
12428,-0.42855793,-0.606627386
12426,1.0412372190147927,12.219447101944569
12420,0.7358750980016479,14.366074561168478
12416,-0.526943038,13.402456581844444
12414,2.3369169738531084,13.945956479173601
12412,0.320878120517136,20.372388325195768
12409,-0.954036421,20.60227707011603
12407,0.6073210148263684,-5.382812894
12397,1.4309555268215695,-2.23927215
12396,0.4139314507829778,11.938792952147086
12394,0.6272514914152187,12.683055644802351
12392,0.32558757938370586,16.05276149126721
12388,0.8839677841770576,22.307426270327962
12384,0.4596309642965492,19.397040237552083
12383,1.5294676752437657,6.438380760682019
12380,0.5751063849068717,22.386418705736652
12378,-1.379563174,5.5783878656453325
12369,-0.264413362,13.572073935931213
12356,-0.139684625,6.699483756927901
12352,-0.439153264,17.676369408907206
12350,-0.08302408,16.566312779922736
12349,-0.340386927,9.724249236723969
12344,0.8486553962879375,13.898282537993559
12341,-0.611122399,23.068652270479845
12334,0.3951382806903869,17.389820380377348
12331,-0.537687324,21.115593487283185
12329,-1.043577988,8.680696830718162
12328,-0.667876559,17.568684741228576
12327,2.1700556447220882,6.072554546937395
12324,-0.691716991,2.596839415727281
12322,-0.074549518,10.44847567961579
12321,-1.519431833,9.80806734366922
12320,-1.378168187,17.175479926310768
12315,-1.209343058,13.53313114438594
12312,0.2702840502305686,17.430900239172377
12310,0.1672077160548675,19.781884875375216
12309,-0.139736575,17.52832512687219
12306,-1.227390368,20.552943854078936
12304,0.0686957572412246,11.300206022608071
12289,0.9553262427250626,14.042120305428964
12283,-0.046032911,14.80710854851182
12253,0.6913252058571471,6.487819819136547
12241,-1.622391982,11.668041140915083
12238,0.44097440748974814,14.845664760702011
12235,0.8819115014122535,2.504756297144276
12234,-0.887870725,18.59434059664092
12222,-0.81851617,9.934783617674206
12207,0.7626996902808142,7.145126232779358
12206,0.8899714493093032,9.662587212763173
12204,-0.844765964,3.40722923558962
12202,0.6674347389604103,9.46708473084271
12199,-0.162010124,9.68807648294438
12191,-1.170660519,4.830667002514321
12187,0.7834986790005334,11.592077166231919
12182,-0.146126253,11.790932277445796
12180,0.13839582398273623,-3.835734992
12170,0.556088154231629,15.113176267362538
12169,0.9907113893935311,24.15249003144791
12167,0.8486553962879375,7.355289990068402
12163,-0.165610368,-2.280071601
12162,0.672475830482134,17.6238697961906
12159,1.1521231224858999,13.948285901933325
12158,1.3432714829787853,13.398168077533962
12154,-0.171049905,12.186672476859183
12153,-1.182987619,11.131982847595093
12152,-0.74120047,5.3237229208977475
12151,-0.37079375,9.936059796953373
12150,0.7273534469577642,9.549591390472356
12149,1.0402338335446155,17.931789887455647
12143,-0.190624894,11.09995571584223
12141,-0.167726417,13.016818717616877
12137,0.05437433182935071,13.468937103257044
12135,1.2642638291987547,16.343981343993235
12134,0.21452658811635145,10.82166892219403
12133,-0.58585329,12.296921461353621
12131,1.351022007191474,8.586679733915062
12128,0.22565891952086461,13.229859015361464
12121,-0.89235167,15.586927533164872
12116,0.41378645739472797,7.180647695661122
12111,1.0635684502345037,14.425218112020096
12108,0.36611155292866954,12.48040889933303
12107,-0.053975164,12.005738284752997
12105,0.1075420885649811,9.578302886219957
12104,0.9576282390790033,9.933480499255602
12103,0.5884585732573561,15.105447170910885
12102,0.6836948632562486,10.008279957831483
12101,-0.221567965,10.431799714467052
12100,0.0001604155191429083,12.9953771764865
12099,0.7284403697474925,13.007833261595707
12098,1.1261463335784156,22.897030410540673
12095,0.0999466053114275,-2.606627386
12093,1.356551616397737,2.8194709410456174
12092,-0.926055057,9.421932994533657
12091,-1.882944572,11.09421259841452
12089,-1.705367143,8.777814737639506
12088,-0.197445432,16.869924547167653
12085,-0.434739128,6.865278991988979
12084,0.9311722375026262,12.358459197843413
12083,-0.796866724,8.939352232989327
12082,0.3106929239123797,17.24850108605112
12081,-0.970685119,14.764167383310896
12079,-1.014018877,16.1657382157672
12076,-0.140995807,10.78948968435586
12075,-0.66993343,10.644218711602159
12074,0.3631798481699747,4.432741149508148
12073,0.15928272314614947,12.318783681921431
12072,0.491871345721505,11.756467040560457
12070,-0.778289955,10.5217859878722
12069,0.42116709323104273,9.822648923233443
12066,-0.226497277,15.440127591914019
12065,0.5811362211283723,10.81231653993407
12061,-0.304085065,13.605647670005915
12059,0.9681176652695841,12.471441042461727
12058,1.5303738091266126,-3.402766968
12055,1.7187875428525015,9.00988284756966
12053,-0.160255596,16.665603935597957
12052,0.5487172510732294,5.502649617437026
12048,0.7223602499716778,7.165842849215391
12046,-0.129645181,-7.308035013
12045,0.340893969504125,7.85273848997851
12043,1.4916070918435274,13.048012758687685
12041,0.26483945702693734,13.012070795068958
12039,-0.056074502,16.379712815818692
12031,0.9733708009394957,13.159032325849239
12029,0.08584980699201117,19.530361258096168
12028,1.5280248389513131,9.577162676425374
12027,0.030791480688822637,6.569705872074024
12026,1.6400793047822504,13.296270726687789
12024,1.5521295589266937,15.121436633002531
12021,2.3602731301664663,13.208682184867307
12018,-0.447319791,13.43619320372788
12017,1.0661237690401026,15.387298527008511
12012,0.2829688386783384,16.85786058794912
12009,0.0683874493149391,16.040458287935508
12008,1.2650858891245869,6.785430100964572
12007,0.33752395584801087,8.202999335796205
12006,0.3332790585136773,3.8274745947700044
12005,0.6749714284547853,10.004115740992006
12004,0.5854308937900184,13.519120583554699
12003,-1.155483657,9.372865430511816
12001,-0.014416482,10.837887415921044
12000,-0.765929724,13.772286550093474
11999,-1.205108911,17.532263968738967
11998,-1.663906008,16.099287196395245
11994,-1.423511382,7.38094528924876
11992,-1.544421998,7.359492958721519
11990,1.2728745069390288,16.684802641721184
11986,-0.698881403,13.377445728747022
11984,-0.518498067,2.6203866880710223
11980,-1.699563524,8.500418636770332
11974,0.01929902197592539,5.050392519675878
11968,-0.404592097,10.346024388491191
11967,1.3548717465846438,5.442525879730671
11965,0.8486553962879375,13.317533444341464
11964,1.1862161341829027,1.846071908106179
11961,-0.570211874,9.259956608363954
11956,-0.932647638,18.85607483921665
11951,-2.087537066,13.143316542030268
11950,0.5052293865310453,13.020733300304286
11949,-0.376031806,1.3904586351051247
11946,1.3855393816120065,18.376925013903104
11943,-0.114879214,23.828871516480195
11942,-1.682442355,18.910385970944557
11941,-0.527301117,4.367736412975102
11938,-0.329806744,13.399686544078754
11937,-1.349378947,25.43760612909034
11936,-0.086105212,19.246601769878893
11935,1.8105596007079658,9.559561631389961
11934,0.08715439290671398,12.531508600624942
11933,0.44770538133171905,22.5059770326836
11932,-1.966157786,4.318715613882466
11930,2.127998155348883,18.418407588653942
11928,-0.928511343,16.83278603118331
11925,-1.027019842,10.706065359374856
11923,0.2565962572486394,12.859254767022907
11922,0.767538499778837,5.3526829915873595
11919,0.5775322670080265,7.483606515599219
11916,0.7346031526391114,16.967677149381842
11915,0.31725917523242236,7.4295550303467275
11909,-0.361723849,11.099993408445808
11908,-0.311252874,8.500523270218524
11906,-2.421734788,15.825394765402612
11903,-0.130819314,20.95163561661138
11901,-0.299067493,6.88478633496425
11899,-0.50206982,9.415990203046467
11896,-0.212502449,13.458210140975455
11891,-1.020284131,15.859254767022907
11889,-0.857245802,-11.51639443
11888,-2.619599781,14.019866124657312
11885,-0.483361291,12.333693718047343
11884,0.16805734450119897,14.641323478631325
11882,1.1917557057498407,4.612123579794625
11879,0.5972143876203095,16.205931244892444
11878,-0.970685119,14.442421246282485
11870,-1.228728215,10.05864233097145
11867,-1.233147095,7.032567238762034
11863,-1.168388926,17.73007829508457
11862,0.1528902711806026,12.915410189346247
11859,-0.019629211,17.639186390055798
11857,-0.790516097,18.793549267747146
11849,-0.186430764,11.931108778735746
11848,-0.94689072,7.239316031069613
11845,0.8731935897796971,11.281887693988693
11843,1.9235289975155905,19.356289830945954
11842,-0.903898907,19.98029331167908
11841,-0.685708027,10.786680338544539
11840,-1.014425894,11.220427845031292
11836,0.16048042063915222,16.596571742994442
11826,-1.721399895,21.459921203816194
11824,0.6629428960421412,13.383258431953205
11821,-0.85166547,18.60660449192699
11819,1.3893689447203017,18.54467163983202
11818,-0.853373968,17.82966361569028
11817,-2.049507203,15.543303231037063
11816,-1.215399941,13.8445730955842
11807,-2.049618201,14.02998030706874
11806,-0.875334167,9.890573095564726
11802,-0.524566378,18.46313769703168
11800,-0.062629268,7.109755329244184
11798,2.12117711501897,17.41699431178933
11793,2.6634394922942484,9.386637072311427
11791,-1.492313978,9.68618535871641
11786,0.009239840375828996,11.820882994210617
11785,-0.158621499,10.860445128508166
11784,-0.414678014,10.4286162407143
11782,-0.161579399,5.309142893192725
11781,0.2707797950882068,14.124261943087692
11780,-1.244981527,16.356598633484825
11779,0.4348685040242459,13.025635973871374
11778,-0.389161528,6.199454275893678
11777,-0.317843448,2.852901529263155
11776,-0.505652904,5.378175251483071
11775,-3.461961197,9.111246577136246
11769,-0.984205677,8.830506705866078
11767,-0.341860059,5.713842704155827
11765,-1.168646139,17.15651030679357
11764,-0.212199352,4.134419721538553
11763,0.40752615488262106,8.569284244142706
11760,-0.254310177,2.367697104929471
11757,0.07048501371556841,13.484361106639726
11754,-0.387032857,24.00332089914552
11753,-0.051262717,11.994477941977802
11751,-0.961687785,13.764837771999545
11750,0.7014956224194616,8.318172089614393
11747,-2.37676872,10.317533444341464
11744,-1.250416722,8.893536396574522
11743,-0.620872925,15.017488047095467
11742,0.41038644267494334,10.445924008424877
11740,-0.113378488,24.721707563645488
11739,0.5732156263907395,15.987792262314645
11738,2.5012543109495615,11.447360485258798
11737,1.6662602753951312,18.28506762179495
11734,0.5245367476435941,6.4066011446611055
11732,0.022108653143361544,17.17886194692865
11728,-2.071162631,6.5684170684957355
11727,-0.385301198,11.024298014229627
11726,1.7405804947979246,18.932669543040674
11725,-0.216799489,11.243212575176255
11724,0.7392852417810022,9.630350311135858
11722,-0.485351772,9.895118718263621
11719,-1.750679497,14.490304454358906
11718,-0.591398306,12.711109231799362
11712,0.3094617363728635,15.607565580990899
11711,-0.352186853,12.209457207004144
11710,-0.25233731,14.842031978737706
11709,-2.255663321,11.220427845031292
11708,0.8552693632696049,14.907137975099332
11706,0.05912806588693293,4.68143254480937
11704,1.2546284335713218,9.672309991202749
11703,-0.01864411,4.932018252142849
11702,1.2642134559361802,15.702780798120406
11701,0.519607761383062,3.604799089171701
11698,-0.927236372,9.75394856745128
11697,-0.64479778,15.800742853046298
11696,-1.347084973,9.9622606943733
11694,-0.213996099,5.989558357024301
11693,-0.217838856,15.132757869731932
11692,0.15928272314614947,11.909028357279993
11691,-1.863440891,2.068531528955333
11689,0.3314801814172057,4.7405760956609875
11688,0.20820290745351722,8.913087940671282
11687,0.15928272314614947,11.869961278263713
11684,1.7004828053380947,13.552732010232985
11681,-1.343246164,13.043705156586377
11679,-0.01864411,8.078378038633925
11678,-0.544521711,5.683199195751014
11676,0.7448926370689156,2.336987213293357
11675,-1.303749669,11.446709194360976
11673,1.7489243378674093,7.4300134095025925
11672,0.49529000396162254,12.937576648056115
11671,0.2702630987496044,6.81904152764286
11669,0.13699855409047687,10.41216864025277
11667,-1.825503638,4.644484768892944
11664,2.5885758063129725,13.136922086571408
11659,-1.699563524,11.657876894706051
11658,-2.645118949,19.495193520793585
11653,-0.291889896,20.72743271047672
11651,-0.2957409,-0.050922165
11648,0.4231891084044646,0.7916195775208532
11647,2.2948725109326484,10.088999570449355
11645,-0.932794763,-1.540146864
11641,-0.396027085,18.12238435662652
11636,1.2575316840953155,7.096561915983036
11635,1.557663035517351,13.659022498837832
11634,-1.607950399,17.827103904031027
11632,-1.584101632,7.019800799254753
11630,1.1879890104084927,17.340399607965303
11629,-1.006581906,18.903303210448755
11627,0.7244013051536097,7.395626960687467
11624,0.33546525031828855,5.385004872640049
11623,0.9352585333215216,11.44016689995965
11621,0.035264571278482267,2.26278275681765
11620,0.4253304028433628,8.608839018540175
11619,1.1529329924591711,6.921272432856416
11612,0.14448602541718703,10.570079085989192
11610,2.6657045815348015,10.415495499267353
11609,-0.813990831,17.539798785468324
11605,0.02577901215841436,12.944808985168907
11603,0.9246807019867167,7.5355288759705985
11600,-0.299485037,12.262286271909655
11598,0.8560223179309725,6.067527585899302
11596,-1.129734287,20.027458288013072
11595,-0.251143837,5.659022498837833
11594,1.2701035783475072,5.78657570509635
11591,-1.308560255,6.758693692392139
11584,1.0702531154701402,13.865941002918056
11583,0.5068154213056592,10.817980628505586
11582,-0.942036843,8.399648851475176
11581,1.2228868615719115,13.791724210969045
11577,0.5823190274628065,7.674056266202758
11575,1.1822729634135605,11.03069337742263
11570,-0.079534016,6.159996960859639
11569,0.6058773776729222,3.2434212858406424
11568,-0.292508924,10.018219473192868
11567,-0.345317712,8.682911703308532
11561,-1.109727036,17.222792150680412
11559,0.1212806291333191,19.223780308637874
11552,0.0774168690242403,3.1627131153568797
11548,-0.031954776,14.256287260990419
11547,1.3344299580118872,17.163072255217713
11546,0.16546452481836113,10.411517183668114
11544,-0.017849413,9.040631807846742
11543,2.8013871341310814,10.844305422851365
11542,-0.205251686,11.604425875256533
11539,0.8017423541467686,13.77954191484869
11537,1.7593892205481292,7.569226897516311
11536,2.8013871341310814,11.82304270519769
11535,-0.585915419,18.90378454878795
11531,-0.774507641,13.290730094924422
11529,0.5886968128384996,10.371533772941403
11528,0.24222060533255105,8.731911013476086
11527,-0.05584991,10.53672461830461
11526,-2.232311326,13.734602188072419
11525,-0.42333107,4.602754361247403
11524,1.8035140776972094,-1.481015572
11517,1.0090138412918326,9.939620819748425
11515,-1.043318483,17.835536414926185
11513,-1.041783779,15.397020583529265
11511,0.17309432033377636,11.063046374576697
11510,-0.033758562,2.5453375273587753
11506,1.553392742760827,16.067880238057512
11502,-0.451215243,15.246496580198714
11499,-2.920504411,12.620644720485702
11491,-0.12606176,12.776814174843134
11483,-0.543275288,11.57434738004487
11482,0.7493072829158137,11.593049326829235
11476,0.42901586266546005,10.38551222204405
11475,2.6760541276504766,25.08447266780255
11472,1.150388339862063,12.805698372077888
11468,0.6880702075124199,18.00659828631521
11465,0.9580890326285154,6.976902501534391
11463,-0.168576141,7.153206091516303
11462,-0.27778574,12.744193655050832
11461,1.0341315194846372,11.519398104305361
11460,-0.024987838,17.383981666106358
11454,1.0989600654222151,11.927775006447181
11448,0.941523015849161,10.768485741164177
11441,-0.589884715,14.801466087199447
11439,-1.051280133,16.24799539272069
11436,1.3761386425713729,12.648276679551397
11435,0.49678708251052,14.72893096676671
11433,0.3723764266729868,19.37842327019309
11432,0.1324766365285,4.882225007862951
11430,1.392246253462232,7.938099197802298
11428,0.5026127370266239,13.839594939107412
11427,1.3296118792621532,2.378527903641281
11424,-0.361723849,5.669644030653259
11421,-1.622391982,7.599878947986211
11420,-0.361209204,7.365175085873801
11418,-0.414609577,9.999137028283224
11414,-0.726165043,4.241624116380175
11412,0.5802124512858593,12.740029438211353
11406,-0.660512023,5.0905453267292256
11404,1.2435569091577965,10.848469639690844
11401,0.1673810056204244,9.381348005204572
11390,1.9354503693832978,6.248943116344682
11385,-1.395747622,-1.188563281
11384,-0.97207326,8.951483518199513
11382,0.9796676544433564,8.29171438395764
11379,0.39586700249318746,5.4193722236643485
11378,-1.008950523,9.903840377674836
11373,0.5388579491756269,14.187600305674383
11372,-0.361100257,1.4794217019765767
11367,-0.939526838,-0.260676774
11364,1.1888285933911313,6.1654887330910455
11362,1.0300567469002533,5.6672266450457816
11360,0.7285458890243486,1.3667419664347449
11358,0.770986732609529,11.808400341804614
11357,0.8040405508507068,6.8946130249331965
11350,0.8857551359713137,15.154092921186088
11347,1.6032576386006723,5.882417197686085
11344,-0.361723849,9.027438633990254
11342,0.008251877467522054,3.0412208301342893
11338,1.4131065504908642,11.559313446993109
11335,0.7392193352995539,12.66964403065326
11333,1.1353491299145497,6.939056865765341
11331,1.2300397755117212,15.516559256453398
11329,0.18088179534016566,11.644112462711918
11327,-0.639025461,13.239666959041736
11325,-0.138437821,7.118943373940196
11322,0.8436506588896133,18.822182537948645
11321,-1.027326953,10.841494255279638
11313,0.4512412294464432,13.37842327019309
11311,-0.701984661,11.924308809714013
11310,0.12543657252222412,12.980311184573011
11308,0.3393391348329131,13.527493719616476
11307,0.1881626254432385,6.95059591145621
11305,0.49887042159039785,7.682136681171693
11304,-0.18228815,12.223276230749498
11302,-0.093540702,17.537171073754408
11298,0.5059424987558636,13.663434734387328
11296,-1.035640805,12.79542949242067
11289,-0.337325659,1.8904488080937174
11285,0.2115143842539155,17.753811634355383
11284,2.0859252959566374,10.550209991177317
11281,0.6730449045032257,16.825727597851174
11279,0.7682421179177449,8.682428441663529
11271,-1.89635888,15.295103578660278
11266,-1.699563524,7.788158940811712
11263,1.611132418928905,12.475256357942744
11261,0.3455043295796632,13.102368330606321
11259,0.46621044477074663,7.829389806756977
11258,-0.723137657,17.51645462300521
11256,-0.361982963,6.5404484609240985
11255,-0.9630264,3.9629839285264534
11249,-0.545501859,13.000903513538038
11248,-0.081292086,12.859358844239111
11244,0.5363084324573417,7.232856084173429
11234,-0.723137657,6.524851124723128
11230,-0.321980925,-0.426130077
11224,0.6736457711137769,6.9565777702030545
11223,0.3023054222073936,12.806405326175762
11222,0.344826372013099,12.085083372319897
11215,-0.020717164,0.6045771766504302
11207,-0.720511315,19.45375494071766
11206,-0.677169727,7.465391487122524
11205,-0.837927179,6.858299869314159
11202,-0.022631587,11.324075573055957
11201,-0.622937009,9.44668954033816
11200,1.010459874414381,8.516807275163417
11198,1.0048132598265167,18.459182190856595
11196,0.731285199926415,9.69528023204279
11193,0.3414587947121559,12.538701629692099
11186,-0.280787897,13.835326088819743
11182,-0.714010811,8.940117764902611
11176,-1.622391982,6.954760128295687
11172,1.070751658474159,10.868420002294773
11159,-0.970685119,8.367429432196637
11145,0.5317132012778634,12.694592766280897
11137,1.058559903476004,2.2760877315313444
10452,1.7761938388224106,15.659270517547851
10088,0.20433793061964617,9.380151355136418
7771,-0.933306915,15.25489308191663
7759,1.374563091202864,11.413813586965102
4642,-0.492900309,18.038080376060492
15826,1.5831204966811283,4.44733992350184
15824,1.99175049256118,8.600529331149891
15823,1.313260877216444,5.613003235379651
15822,0.8779036637139792,11.271884762878226
15821,-0.816217469,12.125524976387151
15819,-0.702354002,4.229255753332746
15596,0.2460234199979649,13.113221773055448
15595,0.6342776812071707,0.037916614857023134
15514,-0.265740773,13.268975806673193
15435,1.3607869210648675,3.184792258477785
15419,1.4256423775958789,5.270330121469362
15418,2.123951852970667,12.303893299818334
15416,1.3116134143058416,2.3069315665488492
15391,-0.720667255,15.404606129032253
15384,1.517277722682769,16.322967552783723
15381,1.7728294119155754,10.165613928296196
15378,-0.096626284,11.74257111128984
15369,1.9281027420214474,9.71010528874333
15320,-0.047397016,14.273508922081266
15319,-1.123182949,15.86339932983957
15316,0.8307148692143095,11.097626052296528
15315,0.44245177193277085,14.993767832478596
15302,2.1998990667858522,7.591674801778262
15232,-0.420792023,15.069811206618652
15227,0.5155650353364659,14.111844258289976
15149,-0.220233927,11.784138665466056
14811,0.892722266979506,9.173404638517082
14498,0.731285199926415,10.35114487101975
14430,3.0688873552632603,12.184150457803515
14427,-0.014264108,6.403811452872601
14417,-0.672033948,8.659022498837832
14416,-0.040691289,12.923441634067041
14415,0.3082283250648114,6.582427795013807
14408,-0.26938153,5.231710831543808
14406,0.6988473552255852,0.8756630594388106
14403,-1.572326022,4.6640663712623365
14401,0.2639608932755691,-6.770542959
14395,-1.989899795,8.268600201623775
14394,-0.923892622,12.739162262564385
14392,0.18777673725747945,13.227651248152517
14389,0.27480499888662835,9.650043164806213
14383,-1.062152516,12.435301920377457
14380,0.7721808630653669,2.3922358417725054
14377,0.36651077387504216,11.585093199331304
14376,1.2576890539311933,4.832162269089807
14375,1.467554144314428,9.169758491112859
14374,1.1638018831269936,19.581680453157205
14373,1.9073127779286674,9.19123047566291
14371,-1.627995931,9.429238387365755
14366,0.5262562928267297,5.177982291343625
14363,1.342940068643533,8.431867782506016
14347,-1.339073104,12.116718343842683
14346,1.0076310435481945,0.9053588442196308
14344,-0.839202005,-8.517892683
14342,0.1618803258496944,14.903860587929639
14326,-0.013508331,13.558374829339634
14321,0.7508809296042349,3.895636787698873
14312,-0.274003808,9.41053644058139
14308,-0.565144043,8.762028426188227
14289,-0.476757294,14.145106578756545
14287,-0.27715072,16.122754938621462
14284,-0.40164442,8.527095808843455
14282,-0.679993606,15.480301523248439
14280,0.5171538266878228,7.278819017483392
14276,0.15928272314614947,9.81242117338226
14274,-0.824008981,14.919486684123944
14271,0.5171538266878228,12.75708918721191
14266,-0.672786754,12.766917492622902
14261,0.29410784124042477,13.75161834767359
14260,-1.35045649,16.32038818710166
14259,1.0163604583031385,13.14092454279651
14258,-0.002995258,13.816271489877169
14253,1.3561676909162848,8.823310377930527
14250,0.5171538266878228,8.84478236248058
14248,-0.475709048,11.424969537078088
14245,-0.647518514,8.298295986404597
14244,-1.036918845,10.421014587134987
14243,1.5584787349213256,6.988477803864216
14242,0.5788426053668172,10.796175920251006
14241,1.0661237690401026,8.578368211622516
14239,0.5520959447679026,15.918397761642536
14238,0.6712576832198741,9.199454275893679
14237,-0.888122693,4.9448089851689065
14233,-1.642351916,7.683369896649076
14226,-0.251143837,8.426572426816264
14223,0.28608542963517125,16.45441993506911
14222,1.0412372190147927,8.997971770128633
14221,0.7493072829158137,10.671246920391438
14220,1.5860717199607541,9.267720546038747
14218,0.6521274573554773,12.364763471647146
14213,1.2254700670454175,10.095829191606333
14209,-0.889915375,11.12640463197218
14207,-0.446993828,6.972714176991461
14206,0.5248708285309689,11.863275042368565
14205,0.7398616611584691,11.859990481114115
14204,1.8303665080274139,2.459144498253014
14202,0.15928272314614947,9.504334278667802
14195,-2.106896824,16.17998624096404
14192,-0.251143837,11.899905081754552
14191,1.6465616835139802,11.363141635594058
14188,-1.361762415,9.40150179485187
14177,2.1083883310384146,9.578472845070706
14171,1.4390989537336085,8.397087524373875
14167,-0.173936106,14.495459578084368
14164,0.05139669081310004,7.160674523633048
14155,-0.238105002,7.747490696243339
14149,1.4546312708557012,11.763814174920697
14148,1.1743891096680645,4.719189090536306
14143,0.4885626593578915,10.196169714639227
14141,1.5693750330142657,9.93751930142972
14136,-0.895313266,11.638534803320994
14133,-0.422465147,9.430118042950781
14126,0.13138944513446613,14.04199601795796
14119,-0.13785118,19.292496580179233
14114,1.2948232783971385,7.661792536603521
14112,-1.960758018,10.567994698517108
14111,1.551743289804917,10.94007901308897
14110,-0.219800235,15.253957838230699
14108,-1.155483657,9.75708918721191
14102,0.8718376385708132,15.148286506562805
14096,1.0622420310214602,8.833579257587747
14095,-1.003860837,15.839911933590539
14093,0.9254844769837074,12.386399051713836
14089,0.42916370161440787,5.465763793303552
14088,-0.112438938,20.011649332824472
14082,-0.190874807,8.414348005262658
14080,-1.033680508,7.807360223884514
14078,-1.907191938,13.144122289723327
14077,-2.559122791,22.08002023641773
14075,-1.260857035,15.867439259208044
14074,0.44115671025434106,12.30630977769167
14072,-1.480565312,8.654858281998353
14069,0.3082725120447846,6.379779756663295
14068,0.12722810007895582,6.215901876355208
14067,-1.804855382,11.748656120084764
14066,0.16160605191707195,6.43746218759652
14065,-0.48000785,24.39539787408144
14063,1.1029077127649454,11.782516121705061
14061,0.17103002805477505,16.512558078898568
14059,0.0184102670374522,12.24795770011711
14058,-0.459075373,13.537028747702637
14057,-1.168646139,11.959087384419815
14056,-1.262379369,19.168469687534568
14055,1.0412372190147927,10.75708918721191
14049,-1.072494918,12.381824944833786
14047,-0.273193176,8.867334625759852
14044,0.20954342129920933,22.73909395373944
14043,0.894802747323696,5.516931562634426
14040,-0.072251331,6.63349093089649
14037,0.8586602998523757,12.274654800643916
14035,-1.550689586,12.532244314716149
14034,0.44799794019318295,14.205423729801613
14032,-0.080962195,7.96956553097341
14030,0.2858033835847877,11.202119680211176
14029,0.6372560961670788,9.376571805512901
14026,0.05301033578336199,9.37807061803488
14025,0.36651077387504216,11.610624767272647
14023,-0.837676937,15.838623130012252
14021,0.5308252394209984,7.129793826674819
14019,-1.750178112,15.870000586309343
14018,-1.086776434,11.737221707842084
14017,-1.813383016,12.020628666856094
14016,1.3277227043970665,12.898475635550838
14015,0.33740002435132926,13.589153338954581
14014,0.18686401455947482,10.01904543114073
14013,1.6182022601550863,12.228923771675532
14012,1.4317499680266752,19.40787103626389
14005,-0.778289955,9.172423895430358
14003,0.8730372060900188,8.1207591809453
14002,-2.37676872,12.471973089569483
13999,-0.356598015,12.076735675163283
13998,-1.166984115,9.619057834399793
13993,0.5500545086499532,3.084147887847985
13992,-0.461322999,17.922561978482015
13991,-0.309852934,9.50583309118978
13989,0.614065854227835,12.203513859284966
13988,0.8034481953434459,14.473883516318114
13987,-1.480565312,7.555397970782474
13986,1.581527669009096,7.937414667981532
13985,-0.074918347,4.157246020884777
13982,3.6156110321145474,5.892456303660623
13980,-0.960584601,19.627177001182368
13978,0.7591240040875915,11.97212685807471
13977,-0.195854022,16.144638537398176
13976,-1.038714413,7.259516234143966
13973,-1.793022277,6.99670160409498
13879,0.5560272044688241,9.063967338796445
13870,-0.811433029,4.209620246288793
13857,-0.587826318,12.654465248373537
13843,1.3013571267491457,12.269764552044226
13698,0.9300564710661163,10.644236750182925
13692,-1.659928655,11.589797791329637
13688,1.1318225899732102,2.3939215329698964
13683,0.035161790752554906,6.253853761014499
13657,1.7725821078974031,7.7486147221399815
13653,1.7602227153513996,9.613582528038982
13621,-0.865517065,3.1431009730625528
13613,0.8764991526173419,9.934747091989992
13603,0.17357960587592547,14.297977419211295
13583,-0.437737346,4.448247314928587
13569,-0.886650253,7.591756983596575
13560,-0.595088081,8.243511750538826
13543,0.8322177655904887,16.03348416905272
16602,-0.577344632,15.387318015344494
16599,-0.763920281,23.455688918937756
16594,-0.387585302,19.624141014869927
16593,1.3698996724762476,14.253431391035871
16592,-0.305122815,19.820065124721708
16590,-1.907191938,16.938619508612625
16585,0.06338951363486718,25.470742340325497
16584,0.03615544075167875,2.5997748707700126
16583,1.2858240051716292,6.6240363814217424
16581,0.6894404978887932,18.098246967758968
16579,-1.119055508,8.85509055018343
16575,0.4503513629094904,4.833827832529757
16574,-0.911105245,18.610107254069383
16573,-1.264672872,11.504582853609811
16572,-0.053413072,-5.894903757
16568,0.5005404450912544,7.768017699805807
16565,1.0695544788139881,7.249057907300013
16564,-0.809431474,1.0635073105536428
16562,-0.512934512,16.194667912402743
16561,-0.133279948,12.504478220161621
16560,-1.389538365,15.734262331633698
16559,3.996709846262321e-05,3.9906633875820336
16558,0.018520007820074187,19.323196473702918
16557,0.8164735405908885,15.727432710476721
16556,-0.174470112,12.122132791970012
16551,-1.193964291,16.914692445851507
16548,0.32848535966906534,11.78682428003836
16547,-0.225613124,17.837887415921045
16546,1.026885835490324,14.7004023300134
16544,-2.324153456,20.45331045083075
16541,-1.964658796,15.399067387141805
16537,0.13067928285082472,23.41644910409492
16535,0.5536406403189914,13.020772608349917
16526,1.2073100852176726,-0.102825648
16525,-0.06400041,12.119632455144137
16523,-0.767077484,-3.859966054
16520,-0.762249172,11.650071918507422
16519,0.5044934181451751,11.442421246282482
16518,0.7231830717695451,15.43167542699605
16512,-1.691728432,19.985413794207638
16509,-0.883575337,7.150828179641288
16508,-1.258594675,2.9029737582598543
16506,-1.761095171,9.892247592996235
16502,2.065236197058867,4.3094652685246055
16499,-2.208764508,5.795028426246311
16496,0.5849041453406093,3.530722858456853
16488,0.08103160829693581,11.855195183631622
16487,-0.853081066,13.98039794512727
16485,1.2772141300507436,11.85519518363162
16484,2.4348530422138546,9.756718605216967
16481,0.9108029176040501,23.28123324768954
16480,-0.549350456,11.416994311789331
16479,-0.287111435,19.614913271583127
16477,0.6562937949746698,12.64107647639948
16474,1.0559333055896263,11.629576348209081
16473,-0.349265926,22.622165262718735
16470,-0.94161513,13.938619508612625
16468,1.3607895887596695,10.402963931248447
16467,1.3409134750761789,11.589908707068606
16463,-0.264885001,11.801676969537876
16461,1.0275159036633206,15.862024804788598
16460,1.1740003717495782,3.6986165812809286
16458,0.35456500087181964,4.9518871812678995
16456,-0.825191158,10.189361582407326
16449,1.0481286732599215,16.306911746839205
16448,2.4348530422138546,12.241818396102463
16444,1.3468995176097518,9.565263968797048
16442,0.13653093856308404,7.914357832274064
16441,-0.008869292,10.525933293325263
16440,-1.056009996,3.09491223396288
16437,-0.467266571,13.645947723713604
16436,0.6104663897981831,8.463033063583495
16435,-0.50383584,7.26370027069309
16434,-0.037342735,7.710229576214335
16433,-0.878458288,18.2589908461592
16432,1.648419849238098,9.050411046504337
16431,0.07757824611485391,11.069276032573349
16428,-0.259124066,12.22086093504117
16426,0.8826413649640141,8.402456581844445
16423,1.5226551394687666,10.471125567945327
16418,0.483031952829437,8.9813314013922
16415,1.2254700670454175,11.628181109925233
16413,1.7004828053380947,11.28933647208262
16411,1.5860717199607541,9.147121248408212
16410,-0.137168029,13.89055505698396
16407,-1.025102977,11.224138322210864
16405,-0.055718327,9.165613928296196
16400,-0.542667065,12.77818704382053
16395,-0.04822901,15.562836028845151
16393,0.8486553962879375,11.580805251252812
16392,0.3806408335733251,10.278590652796186
16388,0.16035467709948212,9.538070549049083
16384,-0.104984401,12.818917796403845
16382,-0.181345312,10.753316930576274
16381,-0.205060102,15.786699992567355
16380,0.11397381228497702,0.46959501200763576
16379,1.0412372190147927,8.891452916836581
16364,1.0764208997544598,-3.349994528
16363,-0.907602269,8.220552132502297
16362,-1.871104972,17.159366939426683
16361,-1.391695299,-6.793068358
16359,1.091293735462456,17.58281975521765
16356,-0.464936177,24.469526943968674
16354,0.8611428598786262,16.08238920800906
16349,-0.502570751,17.5523496903473
16348,-0.010480397,15.59659139701726
16347,1.6615762861235683,17.38894072479232
16345,1.148383092665779,13.253059084854845
16337,-0.163137713,16.86329469639138
16336,-1.238912073,21.148678466766647
16331,-0.010521237,23.52832512687219
16330,1.6444388337656848,16.713402329935835
16329,-0.807436132,15.220984666280188
16327,0.8508970848699415,9.235589337069683
16326,0.4314287471746481,11.24231326556841
16323,0.4986803345176498,4.529885500631958
16322,0.05196384495364288,0.5348870752963304
16319,-1.43478873,6.401166761787975
16317,2.2106635567692474,9.508622782978284
16316,0.7165613465481016,2.05642982216256
16313,-0.316725844,9.600176678991682
16312,-0.321480625,8.54479553675787
16311,-1.452839265,9.057134975003066
16310,0.6396026572226616,4.37245639323473
16308,1.0508048217662385,14.34364631092934
16306,-1.206092531,8.98033100428266
16305,1.7371158983999953,13.716791524638477
16304,-0.359634796,21.25496895537149
16303,0.9438973417964337,5.441608365855233
16292,-1.387477906,8.552256794789855
16291,-1.771867655,9.728312366061749
16282,1.4519593856287376,5.617330657190608
16256,1.2686194516232059,9.750794911520604
16254,0.271197596604568,2.4157232380215383
16244,0.7829519329201824,-5.145704292
16243,-1.312223591,10.887641352155313
16235,-0.890755981,17.082561909496217
16228,1.424150945690357,13.246083700443641
16227,-1.57865024,9.115802754179567
16226,-0.494251064,4.079273802295273
16224,0.9385407170107624,13.420996548554223
16218,1.807595271940701,8.790931150251442
16215,-0.865518208,3.6917569018513188
16214,0.6120113254943641,8.148405214065335
16212,1.5394893399929752,12.172300164191341
16209,0.8496778285589911,1.729142976299494
16200,0.09809639907427871,7.016305080536496
16198,-1.003000573,6.57926752123036
16197,0.7717511484351671,2.5187071475676337
16196,1.7243995237702912,9.6313115658866
16195,1.517460912252236,11.697532756605217
16194,-0.306544165,11.70600801274846
16193,0.6084975834209433,3.049581563460949
16192,-0.447534004,11.952743802570447
16191,0.3012564340719563,8.891452916836581
16190,0.10849290486473885,8.146768596
16178,0.5296180531814421,1.3594929587215194
16177,1.0550429905661705,16.273077515497732
16172,-0.11954949,11.64450442291576
16171,0.15928234221013193,12.916984484777924
16169,-0.346734017,15.512434347659553
16167,-0.890755981,14.184688181261585
16164,-0.244323515,4.219303550995905
16163,0.15334659718496157,14.180523964422107
16162,0.19659350138323792,8.220841281018357
16159,-1.629400601,12.341154976079327
16158,-1.049727819,9.910298248882777
16155,0.28297074335842604,12.278943304954396
16154,1.585664880294031,10.527324729762649
16152,0.607087302344063,6.755474428922355
16151,-2.896816095,9.823062359220506
16149,1.5256628863006645,17.769564926343932
16148,-0.184341419,-7.041284214
16147,-3.04124951,16.025463438071053
16142,0.7727179971257098,16.104332903722014
16138,-0.388316116,2.798703889875858
16133,1.1888529732962534,15.199578563364682
16131,1.4622035170121854,7.61904092301338
16127,0.44247887932300184,5.293600093903967
16120,0.0009935225894835322,6.629786742299815
16112,-0.208501812,1.0622491018709503
16110,-0.393542787,9.706820727488878
16103,-0.138150603,8.998432540418747
16101,-1.761274397,14.435839643835527
16100,-1.473748149,10.639535366117366
16099,1.5614827659929993,10.136797799100403
16098,-0.823711622,18.888060176187448
16096,2.5722764266408595,13.472977032625517
16095,-0.814904763,11.876810553443505
16087,0.892370751822846,10.228302539050341
16084,1.012967195281771,10.095049497235161
16082,-0.305712541,8.818917796403845
16080,2.899894044340657,13.122012050445496
16073,-0.64753481,11.072485736851121
16071,-0.475514282,17.0560388784369
16068,0.49394339513964997,9.65498256946936
16067,-0.340745322,9.548692080864512
16066,1.4519593856287376,6.559790552309156
16064,0.21378362011034854,7.706045705352043
16063,0.496689562890032,15.223715952232237
16058,0.40684999345150324,14.040372566462821
16056,0.15928234221013193,7.044994976642843
16051,0.33636921148789,6.86339932983957
16050,-0.486872378,4.0785410779185725
16040,-0.107627138,18.021467859583254
16035,0.5440879078073628,19.436192295993735
16031,-0.018644872,11.423595012027112
16012,0.6687562753026116,7.02808992488808
16002,0.4287884876565341,5.830418983804302
15996,-1.534361477,13.70871110966954
15995,-0.464272206,17.211930015025697
15989,-0.214599086,10.36026798085836
15987,-0.001636287,14.27754986792792
15986,-0.656859362,8.038060722037674
15980,-0.109665323,7.350539635754709
15977,-1.077099596,15.395750691926482
15976,-0.128420937,6.18985669265925
15975,0.5977930294309394,2.7170395433484966
15974,0.31091240024433586,11.854966262712425
15966,-0.469677454,11.671954747884053
15965,-1.299810791,7.991057169546279
15963,-1.730696663,10.338125607619656
15956,0.34785100399229635,17.363657175561
15953,-0.525081784,18.508518149530094
15952,-0.056176974,15.202243967682183
15947,0.9278718030055751,6.270405604379062
15945,-0.345011424,12.750527238787768
15943,0.1278036944014454,17.1980797508427
15938,-1.468886357,15.842807000874545
15932,-0.469707401,13.43213271260245
15931,0.8976478367074247,1.2285505577603608
15927,-0.902755085,12.037956088589485
15926,0.6726191485465304,11.786804626015545
15924,1.8345284063648057,3.5922757544476163
15921,0.5229208784486069,3.2299447368341525
15920,0.3319530524035108,7.638381755856656
15919,0.6856974439004099,13.6805141374107
15916,-1.236363267,12.889878621404904
15907,-2.845219645,11.242276700159184
15905,0.6916008940658962,13.63551453453972
15899,0.7862245903978655,12.268619855646591
15894,0.6409013266284814,10.289404374434753
15890,0.4142032653097773,13.68774647452349
15886,0.24589194613040688,14.294520183822467
15873,0.6047499945641491,5.1115142498690815
15871,-0.237134915,0.20298218362381526
15868,0.6426832218597226,3.4619653755085054
15854,0.40979120044286127,17.11213340680603
15853,2.1564495046262495,21.060965637475157
15851,-0.779680346,6.919822424895743
15850,-1.851671276,16.150808525618473
15849,0.8774153037395043,9.812652280705871
15847,0.09592284879710145,8.137003520050287
15844,-0.664693311,13.907931112193705
15843,-0.705287299,8.753538788126884
15839,-0.706764589,19.247110397953165
15836,-1.630283452,15.097559111451918
15835,-0.42500494,9.299146250665155
15834,-0.244658782,15.664916635522895
15832,0.4408809125776485,10.42757837046139
15831,0.15928234221013193,6.93212288559104
15828,0.7570334272233805,15.546274695257033
15827,-0.468421742,11.246793569156873
15825,-1.223474568,7.199060493929428
15814,-0.22065753,8.674707557100579
15781,-0.723137277,11.538069992817093
15750,-0.407412319,14.766169443058393
15741,1.6275991051392842,9.506641132789351
15664,-1.469130419,11.621457181426507
17796,-0.025775765,-4.651874451
17305,-0.422706372,12.17486149129264
17072,-1.21265682,6.735636856684671
16915,-1.058053889,5.686178225982216
16818,-0.142013809,15.252945380462343
16816,1.1925118039278833,-13.01268319
16811,-0.426459354,14.20861685946475
16807,0.2499180679253008,11.957465396890806
16802,-0.075682041,1.2279025657309326
16797,-3.533173141,2.8836407308324716
16796,-1.960759161,6.204557276073461
16756,0.16035581990753472,16.696486688115932
16751,0.015621346437080345,16.158328745718904
16744,-1.264671729,8.664125499017615
16737,-0.657405624,9.408809819604196
16735,-1.962176624,6.344603132850413
16731,-0.713822629,2.57855146116197
16728,-0.129786263,4.1419550944999095
16715,-0.483361291,10.225924627175324
16713,1.365388431682139,0.0031435803946884278
16707,-1.036918464,9.375054451432087
16700,-1.036918464,8.838891524663907
16689,-0.361326293,24.39400425123964
16685,0.18328893003494498,16.657419609099655
16681,-0.517268786,14.106718952386586
16680,-0.251142694,13.936841174750885
16675,-0.068141793,15.622804073678498
16673,-0.474349794,-0.884530244
16672,-0.462606975,11.856447145397674
16670,-0.48805356,-0.899231013
16667,-1.301259633,12.064759272319701
16663,-0.523994344,5.211119058810773
16662,-0.387588323,15.477428576220642
16650,-1.1438373,6.423614666049929
16643,1.0408099592629378,-0.571236828
16639,-0.052856736,3.103948914620897
16638,0.5015773529309742,19.249162540748202
16637,-1.890306949,17.88730835401992
16631,-1.428446789,9.033916159221015
16628,0.946378817545291,11.02129886972942
16626,1.2841121194561977,6.557108236605246
16622,0.17376324398056106,6.031940055567666
16621,0.19518455344253272,11.2331818268328
16618,-1.172716534,12.346251687676213
16617,-0.281327683,14.227597419854728
16616,0.3233663414654817,13.204042863300876
16615,0.5468352183657975,2.146168852549886
16611,1.0254093274863734,13.599509032939437
16610,-0.503898694,3.8955321542506844
16609,1.080865256957765,14.776124125839548
16607,0.2082013837094471,6.189609766804177
16605,0.27368269680123675,8.422363129855238
16604,0.0792606367514335,10.85136670756394
